technique,stateMaps
build_floatz,build_floatz
build_floatz_clear,default2d
build_floatz_dtex,build_floatz
build_floatz_nc,build_floatz
build_floatz_nc_dtex,build_floatz
build_floatz_t0_c0,build_floatz
build_floatz_t0_c0_dtex,build_floatz
build_floatz_t0_c0_nc,build_floatz
build_floatz_t0_c0_nc_dtex,build_floatz
build_floatz_test,build_floatz
build_floatz_test_dtex,build_floatz
build_floatz_test_nc,build_floatz
build_floatz_test_nc_dtex,build_floatz
build_floatz_test_scroll,build_floatz
build_floatz_test_scroll_dtex,build_floatz
build_floatz_test_scroll_nc,build_floatz
build_floatz_test_scroll_nc_dtex,build_floatz
build_shadowmap_color_dtex_sm2,build_shadowmap_color
build_shadowmap_color_dtex_sm3,build_shadowmap_color
build_shadowmap_color_nc_dtex_sm2,build_shadowmap_color
build_shadowmap_color_nc_dtex_sm3,build_shadowmap_color
build_shadowmap_color_nc_sm2,build_shadowmap_color
build_shadowmap_color_nc_sm3,build_shadowmap_color
build_shadowmap_color_sm2,build_shadowmap_color
build_shadowmap_color_sm3,build_shadowmap_color
build_shadowmap_color_test_dtex_sm2,build_shadowmap_color
build_shadowmap_color_test_dtex_sm3,build_shadowmap_color
build_shadowmap_color_test_nc_dtex_sm2,build_shadowmap_color
build_shadowmap_color_test_nc_dtex_sm3,build_shadowmap_color
build_shadowmap_color_test_nc_sm2,build_shadowmap_color
build_shadowmap_color_test_nc_sm3,build_shadowmap_color
build_shadowmap_color_test_scroll_dtex_sm2,build_shadowmap_color
build_shadowmap_color_test_scroll_dtex_sm3,build_shadowmap_color
build_shadowmap_color_test_scroll_nc_dtex_sm2,build_shadowmap_color
build_shadowmap_color_test_scroll_nc_dtex_sm3,build_shadowmap_color
build_shadowmap_color_test_scroll_nc_sm2,build_shadowmap_color
build_shadowmap_color_test_scroll_nc_sm3,build_shadowmap_color
build_shadowmap_color_test_scroll_sm2,build_shadowmap_color
build_shadowmap_color_test_scroll_sm3,build_shadowmap_color
build_shadowmap_color_test_sm2,build_shadowmap_color
build_shadowmap_color_test_sm3,build_shadowmap_color
build_shadowmap_color0_dtex_sm2,build_shadowmap_color
build_shadowmap_color0_nc_dtex_sm2,build_shadowmap_color
build_shadowmap_color0_nc_sm2,build_shadowmap_color
build_shadowmap_color0_sm2,build_shadowmap_color
build_shadowmap_depth,build_shadowmap_depth
build_shadowmap_depth_test,build_shadowmap_depth
build_shadowmap_depth_test_nc,build_shadowmap_depth
build_shadowmap_depth_test_scroll,build_shadowmap_depth
build_shadowmap_depth_test_scroll_nc,build_shadowmap_depth
build_shadowmap_depth00,build_shadowmap_depth
build_shadowmap_model,build_shadowmap_model
build_shadowmap_model_test_dtex,build_shadowmap_model
build_shadowmap_model_test_nc_dtex,build_shadowmap_model
build_shadowmap_model_test_scroll_dtex,build_shadowmap_model
build_shadowmap_model_test_scroll_nc_dtex,build_shadowmap_model
build_shadowmap_model00,build_shadowmap_model
case_texture,default
case_texture_dtex,default
case_texture_nc,default
case_texture_nc_dtex,default
cinematic,default2d
cinematic_3d,default
cinematic_dtex_3d,default
cinematic_nc_3d,default
cinematic_nc_dtex_3d,default
clear_alpha_stencil,clear_alpha_stencil
color_channel_mixer,default2d
debug_bumpmap,default
debug_bumpmap_dtex,default
debug_bumpmap_i_dtex,default
debug_bumpmap_i_nc_dtex,default
debug_bumpmap_nc,default
debug_bumpmap_nc_dtex,default
distortion_scale,default
distortion_scale_dtex,default
distortion_scale_nc,default
distortion_scale_zfeather,default
distortion_scale_zfeather_dtex,default
distortion_scale_zfeather_nc,default
distortion_shade,default
distortion_shade_dtex,default
distortion_shade_nc,default
distortion_shade_zfeather,default
distortion_shade_zfeather_dtex,default
distortion_shade_zfeather_nc,default
dof_downsample,default2d
dof_near_coc,default2d
effect_add,effect_add
effect_add_dfalloff,effect_add
effect_add_dfalloff_dtex,effect_add
effect_add_dfalloff_fog,effect_add
effect_add_dfalloff_fog_dtex,effect_add
effect_add_dtex,effect_add
effect_add_eyeofs,effect_add
effect_add_eyeofs_dfalloff,effect_add
effect_add_eyeofs_dfalloff_dtex,effect_add
effect_add_eyeofs_dfalloff_fog,effect_add
effect_add_eyeofs_dfalloff_fog_dtex,effect_add
effect_add_eyeofs_dtex,effect_add
effect_add_eyeofs_falloff,effect_add
effect_add_eyeofs_falloff_dfalloff,effect_add
effect_add_eyeofs_falloff_dfalloff_dtex,effect_add
effect_add_eyeofs_falloff_dfalloff_fog,effect_add
effect_add_eyeofs_falloff_dfalloff_fog_dtex,effect_add
effect_add_eyeofs_falloff_dtex,effect_add
effect_add_eyeofs_falloff_fog,effect_add
effect_add_eyeofs_falloff_fog_dtex,effect_add
effect_add_eyeofs_fog,effect_add
effect_add_eyeofs_fog_dtex,effect_add
effect_add_falloff,effect_add
effect_add_falloff_dfalloff,effect_add
effect_add_falloff_dfalloff_dtex,effect_add
effect_add_falloff_dfalloff_fog,effect_add
effect_add_falloff_dfalloff_fog_dtex,effect_add
effect_add_falloff_dtex,effect_add
effect_add_falloff_fog,effect_add
effect_add_falloff_fog_dtex,effect_add
effect_add_fog,effect_add
effect_add_fog_dtex,effect_add
effect_add_outdoor,effect_add
effect_add_outdoor_dtex,effect_add
effect_add_outdoor_fog,effect_add
effect_add_outdoor_fog_dtex,effect_add
effect_add_outdoor_spot,effect_add
effect_add_outdoor_spot_dtex,effect_add
effect_add_outdoor_spot_fog,effect_add
effect_add_outdoor_spot_fog_dtex,effect_add
effect_add_spot,effect_add
effect_add_spot_dtex,effect_add
effect_add_spot_fog,effect_add
effect_add_spot_fog_dtex,effect_add
fakelight_normal,default
fakelight_normal_d0,default
fakelight_normal_d0_dtex,default
fakelight_normal_d0_nc,default
fakelight_normal_d0_nc_dtex,default
fakelight_normal_dtex,default
fakelight_normal_flag,default
fakelight_normal_flag_dtex,default
fakelight_normal_flag_nc,default
fakelight_normal_flag_nc_dtex,default
fakelight_normal_nc,default
fakelight_normal_nc_dtex,default
fakelight_view,default
fakelight_view_d0,default
fakelight_view_d0_dtex,default
fakelight_view_d0_nc,default
fakelight_view_d0_nc_dtex,default
fakelight_view_dtex,default
fakelight_view_flag,default
fakelight_view_flag_dtex,default
fakelight_view_flag_nc,default
fakelight_view_flag_nc_dtex,default
fakelight_view_nc,default
fakelight_view_nc_dtex,default
filter_symmetric_1,default2d
filter_symmetric_2,default2d
filter_symmetric_3,default2d
filter_symmetric_4,default2d
filter_symmetric_5,default2d
filter_symmetric_6,default2d
filter_symmetric_7,default2d
filter_symmetric_8,default2d
floatz,default2d
floatzdisplay,default2d
glow_apply_bloom,default2d
glow_apply_sky_bleed,default2d
glow_consistent_setup,default2d
glow_setup,default2d
grain_overlay,default2d
l_omni_a0c0,additive_stencil
l_omni_a0c0_dtex,additive_stencil
l_omni_a0c0_nc,additive_stencil
l_omni_a0c0_nc_dtex,additive_stencil
l_omni_b0c0,additive_stencil
l_omni_b0c0_dtex,additive_stencil
l_omni_b0c0_nc,additive_stencil
l_omni_b0c0_nc_dtex,additive_stencil
l_omni_b0c0a1c1_nc,additive_stencil
l_omni_b0c0b1c1_nc,additive_stencil
l_omni_b0c0b1c1b2c2_nc,additive_stencil
l_omni_b0c0b1c1n1_nc,additive_stencil
l_omni_b0c0b1c1n1b2c2n2_nc,additive_stencil
l_omni_b0c0b1c1n1t2c2n2_nc,additive_stencil
l_omni_b0c0b1c1t2c2_nc,additive_stencil
l_omni_b0c0d0,additive_stencil
l_omni_b0c0d0_dtex,additive_stencil
l_omni_b0c0d0_nc,additive_stencil
l_omni_b0c0d0_nc_dtex,additive_stencil
l_omni_b0c0d0b1c1_nc,additive_stencil
l_omni_b0c0d0n0,additive_stencil
l_omni_b0c0d0n0_dtex,additive_stencil
l_omni_b0c0d0n0_nc,additive_stencil
l_omni_b0c0d0n0_nc_dtex,additive_stencil
l_omni_b0c0d0n0b1c1_nc,additive_stencil
l_omni_b0c0n0,additive_stencil
l_omni_b0c0n0_dtex,additive_stencil
l_omni_b0c0n0_nc,additive_stencil
l_omni_b0c0n0_nc_dtex,additive_stencil
l_omni_b0c0n0a1c1_nc,additive_stencil
l_omni_b0c0n0b1c1_nc,additive_stencil
l_omni_b0c0n0b1c1n1_nc,additive_stencil
l_omni_b0c0n0b1c1n1b2c2n2_nc,additive_stencil
l_omni_b0c0n0b1c1n1t2c2n2_nc,additive_stencil
l_omni_b0c0n0t1c1_nc,additive_stencil
l_omni_b0c0n0t1c1n1_nc,additive_stencil
l_omni_b0c0n0t1c1n1b2c2n2_nc,additive_stencil
l_omni_b0c0n0t1c1n1t2c2n2_nc,additive_stencil
l_omni_b0c0t1c1_nc,additive_stencil
l_omni_b0c0t1c1b2c2_nc,additive_stencil
l_omni_b0c0t1c1n1_nc,additive_stencil
l_omni_b0c0t1c1t2c2_nc,additive_stencil
l_omni_flag_t0c0,additive_stencil
l_omni_flag_t0c0_dtex,additive_stencil
l_omni_flag_t0c0_nc,additive_stencil
l_omni_flag_t0c0_nc_dtex,additive_stencil
l_omni_flag_t0c0n0,additive_stencil
l_omni_flag_t0c0n0_dtex,additive_stencil
l_omni_flag_t0c0n0_nc,additive_stencil
l_omni_flag_t0c0n0_nc_dtex,additive_stencil
l_omni_r0c0,additive_stencil
l_omni_r0c0_dtex,additive_stencil
l_omni_r0c0_nc,additive_stencil
l_omni_r0c0_nc_dtex,additive_stencil
l_omni_r0c0a1c1_nc,additive_stencil
l_omni_r0c0b1c1_nc,additive_stencil
l_omni_r0c0b1c1a2c2_nc,additive_stencil
l_omni_r0c0b1c1b2c2_nc,additive_stencil
l_omni_r0c0b1c1b2c2b3c3_nc,additive_stencil
l_omni_r0c0b1c1b2c2d2_nc,additive_stencil
l_omni_r0c0b1c1b2c2d2b3c3_nc,additive_stencil
l_omni_r0c0b1c1b2c2d2m3c3_nc,additive_stencil
l_omni_r0c0b1c1b2c2m3c3_nc,additive_stencil
l_omni_r0c0b1c1b2c2m3c3m4c4_nc,additive_stencil
l_omni_r0c0b1c1b2c2n2_nc,additive_stencil
l_omni_r0c0b1c1b2c2n2m3c3_nc,additive_stencil
l_omni_r0c0b1c1d1_nc,additive_stencil
l_omni_r0c0b1c1d1b2c2_nc,additive_stencil
l_omni_r0c0b1c1d1b2c2d2_nc,additive_stencil
l_omni_r0c0b1c1d1m2c2_nc,additive_stencil
l_omni_r0c0b1c1d1m2c2m3c3_nc,additive_stencil
l_omni_r0c0b1c1d1t2c2_nc,additive_stencil
l_omni_r0c0b1c1m2c2_nc,additive_stencil
l_omni_r0c0b1c1m2c2m3c3_nc,additive_stencil
l_omni_r0c0b1c1m2c2m3c3m4c4_nc,additive_stencil
l_omni_r0c0b1c1n1_nc,additive_stencil
l_omni_r0c0b1c1n1b2c2_nc,additive_stencil
l_omni_r0c0b1c1n1b2c2n2_nc,additive_stencil
l_omni_r0c0b1c1n1b2c2n2m3c3_nc,additive_stencil
l_omni_r0c0b1c1n1b2c2n2m3c3m4c4_nc,additive_stencil
l_omni_r0c0b1c1n1m2c2_nc,additive_stencil
l_omni_r0c0b1c1n1m2c2m3c3_nc,additive_stencil
l_omni_r0c0b1c1n1t2c2_nc,additive_stencil
l_omni_r0c0b1c1n1t2c2n2_nc,additive_stencil
l_omni_r0c0b1c1t2c2_nc,additive_stencil
l_omni_r0c0b1c1t2c2m3c3_nc,additive_stencil
l_omni_r0c0b1c1t2c2n2_nc,additive_stencil
l_omni_r0c0d0,additive_stencil
l_omni_r0c0d0_dtex,additive_stencil
l_omni_r0c0d0_nc,additive_stencil
l_omni_r0c0d0_nc_dtex,additive_stencil
l_omni_r0c0d0b1c1_nc,additive_stencil
l_omni_r0c0d0b1c1b2c2_nc,additive_stencil
l_omni_r0c0d0b1c1b2c2d2_nc,additive_stencil
l_omni_r0c0d0b1c1b2c2m3c3_nc,additive_stencil
l_omni_r0c0d0b1c1d1_nc,additive_stencil
l_omni_r0c0d0b1c1d1b2c2_nc,additive_stencil
l_omni_r0c0d0b1c1d1m2c2_nc,additive_stencil
l_omni_r0c0d0b1c1d1m2c2m3c3_nc,additive_stencil
l_omni_r0c0d0b1c1m2c2_nc,additive_stencil
l_omni_r0c0d0b1c1m2c2m3c3_nc,additive_stencil
l_omni_r0c0d0b1c1m2c2m3c3m4c4_nc,additive_stencil
l_omni_r0c0d0b1c1t2c2_nc,additive_stencil
l_omni_r0c0d0m1c1_nc,additive_stencil
l_omni_r0c0d0m1c1b2c2_nc,additive_stencil
l_omni_r0c0d0m1c1m2c2_nc,additive_stencil
l_omni_r0c0d0m1c1m2c2m3c3_nc,additive_stencil
l_omni_r0c0d0m1c1t2c2_nc,additive_stencil
l_omni_r0c0d0n0,additive_stencil
l_omni_r0c0d0n0_dtex,additive_stencil
l_omni_r0c0d0n0_nc,additive_stencil
l_omni_r0c0d0n0_nc_dtex,additive_stencil
l_omni_r0c0d0n0b1c1_nc,additive_stencil
l_omni_r0c0d0n0b1c1b2c2_nc,additive_stencil
l_omni_r0c0d0n0b1c1b2c2d2n2_nc,additive_stencil
l_omni_r0c0d0n0b1c1b2c2n2_nc,additive_stencil
l_omni_r0c0d0n0b1c1b2c2n2m3c3_nc,additive_stencil
l_omni_r0c0d0n0b1c1d1n1_nc,additive_stencil
l_omni_r0c0d0n0b1c1d1n1b2c2_nc,additive_stencil
l_omni_r0c0d0n0b1c1d1n1b2c2n2_nc,additive_stencil
l_omni_r0c0d0n0b1c1d1n1m2c2_nc,additive_stencil
l_omni_r0c0d0n0b1c1d1n1m2c2m3c3_nc,additive_stencil
l_omni_r0c0d0n0b1c1m2c2_nc,additive_stencil
l_omni_r0c0d0n0b1c1n1_nc,additive_stencil
l_omni_r0c0d0n0b1c1n1b2c2_nc,additive_stencil
l_omni_r0c0d0n0b1c1n1b2c2n2_nc,additive_stencil
l_omni_r0c0d0n0b1c1n1m2c2_nc,additive_stencil
l_omni_r0c0d0n0b1c1n1m2c2m3c3_nc,additive_stencil
l_omni_r0c0d0n0b1c1n1m2c2m3c3m4c4_nc,additive_stencil
l_omni_r0c0d0n0b1c1n1t2c2n2_nc,additive_stencil
l_omni_r0c0d0n0m1c1_nc,additive_stencil
l_omni_r0c0d0n0m1c1b2c2n2_nc,additive_stencil
l_omni_r0c0d0n0m1c1m2c2_nc,additive_stencil
l_omni_r0c0d0n0m1c1m2c2m3c3_nc,additive_stencil
l_omni_r0c0d0n0m1c1t2c2n2_nc,additive_stencil
l_omni_r0c0d0n0t1c1_nc,additive_stencil
l_omni_r0c0d0n0t1c1n1_nc,additive_stencil
l_omni_r0c0d0n0t1c1n1b2c2n2_nc,additive_stencil
l_omni_r0c0d0n0t1c1n1m2c2_nc,additive_stencil
l_omni_r0c0d0t1c1_nc,additive_stencil
l_omni_r0c0d0t1c1b2c2_nc,additive_stencil
l_omni_r0c0d0t1c1m2c2_nc,additive_stencil
l_omni_r0c0m1c1_nc,additive_stencil
l_omni_r0c0m1c1b2c2_nc,additive_stencil
l_omni_r0c0m1c1b2c2m3c3_nc,additive_stencil
l_omni_r0c0m1c1b2c2n2_nc,additive_stencil
l_omni_r0c0m1c1m2c2_nc,additive_stencil
l_omni_r0c0m1c1m2c2m3c3_nc,additive_stencil
l_omni_r0c0m1c1m2c2m3c3m4c4_nc,additive_stencil
l_omni_r0c0m1c1t2c2_nc,additive_stencil
l_omni_r0c0m1c1t2c2n2_nc,additive_stencil
l_omni_r0c0n0,additive_stencil
l_omni_r0c0n0_dtex,additive_stencil
l_omni_r0c0n0_nc,additive_stencil
l_omni_r0c0n0_nc_dtex,additive_stencil
l_omni_r0c0n0a1c1_nc,additive_stencil
l_omni_r0c0n0b1c1_nc,additive_stencil
l_omni_r0c0n0b1c1b2c2_nc,additive_stencil
l_omni_r0c0n0b1c1b2c2b3c3_nc,additive_stencil
l_omni_r0c0n0b1c1b2c2d2n2b3c3_nc,additive_stencil
l_omni_r0c0n0b1c1b2c2d2n2m3c3_nc,additive_stencil
l_omni_r0c0n0b1c1b2c2m3c3_nc,additive_stencil
l_omni_r0c0n0b1c1b2c2m3c3m4c4_nc,additive_stencil
l_omni_r0c0n0b1c1b2c2n2_nc,additive_stencil
l_omni_r0c0n0b1c1b2c2n2m3c3_nc,additive_stencil
l_omni_r0c0n0b1c1d1n1_nc,additive_stencil
l_omni_r0c0n0b1c1d1n1b2c2_nc,additive_stencil
l_omni_r0c0n0b1c1d1n1b2c2d2n2_nc,additive_stencil
l_omni_r0c0n0b1c1d1n1b2c2n2_nc,additive_stencil
l_omni_r0c0n0b1c1d1n1m2c2_nc,additive_stencil
l_omni_r0c0n0b1c1d1n1m2c2m3c3_nc,additive_stencil
l_omni_r0c0n0b1c1d1n1t2c2n2_nc,additive_stencil
l_omni_r0c0n0b1c1m2c2_nc,additive_stencil
l_omni_r0c0n0b1c1m2c2m3c3_nc,additive_stencil
l_omni_r0c0n0b1c1m2c2m3c3m4c4_nc,additive_stencil
l_omni_r0c0n0b1c1n1_nc,additive_stencil
l_omni_r0c0n0b1c1n1a2c2_nc,additive_stencil
l_omni_r0c0n0b1c1n1b2c2_nc,additive_stencil
l_omni_r0c0n0b1c1n1b2c2b3c3_nc,additive_stencil
l_omni_r0c0n0b1c1n1b2c2d2n2_nc,additive_stencil
l_omni_r0c0n0b1c1n1b2c2m3c3_nc,additive_stencil
l_omni_r0c0n0b1c1n1b2c2n2_nc,additive_stencil
l_omni_r0c0n0b1c1n1m2c2_nc,additive_stencil
l_omni_r0c0n0b1c1n1m2c2m3c3_nc,additive_stencil
l_omni_r0c0n0b1c1n1m2c2m3c3m4c4_nc,additive_stencil
l_omni_r0c0n0b1c1n1t2c2_nc,additive_stencil
l_omni_r0c0n0b1c1n1t2c2m3c3_nc,additive_stencil
l_omni_r0c0n0b1c1n1t2c2n2_nc,additive_stencil
l_omni_r0c0n0b1c1t2c2n2_nc,additive_stencil
l_omni_r0c0n0m1c1_nc,additive_stencil
l_omni_r0c0n0m1c1b2c2_nc,additive_stencil
l_omni_r0c0n0m1c1b2c2n2_nc,additive_stencil
l_omni_r0c0n0m1c1b2c2n2m3c3_nc,additive_stencil
l_omni_r0c0n0m1c1m2c2_nc,additive_stencil
l_omni_r0c0n0m1c1m2c2m3c3_nc,additive_stencil
l_omni_r0c0n0m1c1m2c2m3c3m4c4_nc,additive_stencil
l_omni_r0c0n0m1c1t2c2n2_nc,additive_stencil
l_omni_r0c0n0t1c1_nc,additive_stencil
l_omni_r0c0n0t1c1b2c2n2_nc,additive_stencil
l_omni_r0c0n0t1c1b2c2n2m3c3_nc,additive_stencil
l_omni_r0c0n0t1c1m2c2_nc,additive_stencil
l_omni_r0c0n0t1c1m2c2m3c3_nc,additive_stencil
l_omni_r0c0n0t1c1n1_nc,additive_stencil
l_omni_r0c0n0t1c1n1b2c2_nc,additive_stencil
l_omni_r0c0n0t1c1n1b2c2d2n2_nc,additive_stencil
l_omni_r0c0n0t1c1n1b2c2n2_nc,additive_stencil
l_omni_r0c0n0t1c1n1m2c2_nc,additive_stencil
l_omni_r0c0n0t1c1n1m2c2m3c3_nc,additive_stencil
l_omni_r0c0n0t1c1n1t2c2n2_nc,additive_stencil
l_omni_r0c0t1c1_nc,additive_stencil
l_omni_r0c0t1c1b2c2_nc,additive_stencil
l_omni_r0c0t1c1b2c2d2_nc,additive_stencil
l_omni_r0c0t1c1b2c2m3c3_nc,additive_stencil
l_omni_r0c0t1c1b2c2n2_nc,additive_stencil
l_omni_r0c0t1c1m2c2_nc,additive_stencil
l_omni_r0c0t1c1m2c2m3c3_nc,additive_stencil
l_omni_r0c0t1c1n1_nc,additive_stencil
l_omni_r0c0t1c1n1b2c2_nc,additive_stencil
l_omni_r0c0t1c1n1b2c2n2_nc,additive_stencil
l_omni_r0c0t1c1n1m2c2_nc,additive_stencil
l_omni_r0c0t1c1t2c2_nc,additive_stencil
l_omni_scroll_b0c0,additive_stencil
l_omni_scroll_b0c0_dtex,additive_stencil
l_omni_scroll_b0c0_nc,additive_stencil
l_omni_scroll_b0c0_nc_dtex,additive_stencil
l_omni_scroll_b0c0d0,additive_stencil
l_omni_scroll_b0c0d0_dtex,additive_stencil
l_omni_scroll_b0c0d0_nc,additive_stencil
l_omni_scroll_b0c0d0_nc_dtex,additive_stencil
l_omni_scroll_b0c0d0n0,additive_stencil
l_omni_scroll_b0c0d0n0_dtex,additive_stencil
l_omni_scroll_b0c0d0n0_nc,additive_stencil
l_omni_scroll_b0c0d0n0_nc_dtex,additive_stencil
l_omni_scroll_b0c0n0,additive_stencil
l_omni_scroll_b0c0n0_dtex,additive_stencil
l_omni_scroll_b0c0n0_nc,additive_stencil
l_omni_scroll_b0c0n0_nc_dtex,additive_stencil
l_omni_scroll_r0c0,additive_stencil
l_omni_scroll_r0c0_dtex,additive_stencil
l_omni_scroll_r0c0_nc,additive_stencil
l_omni_scroll_r0c0_nc_dtex,additive_stencil
l_omni_scroll_r0c0d0,additive_stencil
l_omni_scroll_r0c0d0_dtex,additive_stencil
l_omni_scroll_r0c0d0_nc,additive_stencil
l_omni_scroll_r0c0d0_nc_dtex,additive_stencil
l_omni_scroll_r0c0d0n0,additive_stencil
l_omni_scroll_r0c0d0n0_dtex,additive_stencil
l_omni_scroll_r0c0d0n0_nc,additive_stencil
l_omni_scroll_r0c0d0n0_nc_dtex,additive_stencil
l_omni_scroll_r0c0n0,additive_stencil
l_omni_scroll_r0c0n0_dtex,additive_stencil
l_omni_scroll_r0c0n0_nc,additive_stencil
l_omni_scroll_r0c0n0_nc_dtex,additive_stencil
l_omni_scroll_t0c0,additive_stencil
l_omni_scroll_t0c0_dtex,additive_stencil
l_omni_scroll_t0c0_nc,additive_stencil
l_omni_scroll_t0c0_nc_dtex,additive_stencil
l_omni_scroll_t0c0d0,additive_stencil
l_omni_scroll_t0c0d0_dtex,additive_stencil
l_omni_scroll_t0c0d0_nc,additive_stencil
l_omni_scroll_t0c0d0_nc_dtex,additive_stencil
l_omni_scroll_t0c0d0n0,additive_stencil
l_omni_scroll_t0c0d0n0_dtex,additive_stencil
l_omni_scroll_t0c0d0n0_nc,additive_stencil
l_omni_scroll_t0c0d0n0_nc_dtex,additive_stencil
l_omni_scroll_t0c0n0,additive_stencil
l_omni_scroll_t0c0n0_dtex,additive_stencil
l_omni_scroll_t0c0n0_nc,additive_stencil
l_omni_scroll_t0c0n0_nc_dtex,additive_stencil
l_omni_skin_r0c0,additive_stencil
l_omni_skin_r0c0_dtex,additive_stencil
l_omni_skin_r0c0_nc,additive_stencil
l_omni_skin_r0c0_nc_dtex,additive_stencil
l_omni_skin_r0c0d0,additive_stencil
l_omni_skin_r0c0d0_dtex,additive_stencil
l_omni_skin_r0c0d0_nc,additive_stencil
l_omni_skin_r0c0d0_nc_dtex,additive_stencil
l_omni_skin_r0c0d0n0,additive_stencil
l_omni_skin_r0c0d0n0_dtex,additive_stencil
l_omni_skin_r0c0d0n0_nc,additive_stencil
l_omni_skin_r0c0d0n0_nc_dtex,additive_stencil
l_omni_skin_r0c0n0,additive_stencil
l_omni_skin_r0c0n0_dtex,additive_stencil
l_omni_skin_r0c0n0_nc,additive_stencil
l_omni_skin_r0c0n0_nc_dtex,additive_stencil
l_omni_t0c0,additive_stencil
l_omni_t0c0_dtex,additive_stencil
l_omni_t0c0_nc,additive_stencil
l_omni_t0c0_nc_dtex,additive_stencil
l_omni_t0c0b1c1_nc,additive_stencil
l_omni_t0c0b1c1b2c2_nc,additive_stencil
l_omni_t0c0b1c1n1_nc,additive_stencil
l_omni_t0c0d0,additive_stencil
l_omni_t0c0d0_dtex,additive_stencil
l_omni_t0c0d0_nc,additive_stencil
l_omni_t0c0d0_nc_dtex,additive_stencil
l_omni_t0c0d0n0,additive_stencil
l_omni_t0c0d0n0_dtex,additive_stencil
l_omni_t0c0d0n0_nc,additive_stencil
l_omni_t0c0d0n0_nc_dtex,additive_stencil
l_omni_t0c0n0,additive_stencil
l_omni_t0c0n0_dtex,additive_stencil
l_omni_t0c0n0_nc,additive_stencil
l_omni_t0c0n0_nc_dtex,additive_stencil
l_omni_t0c0n0b1c1_nc,additive_stencil
l_omni_t0c0n0b1c1n1_nc,additive_stencil
l_omni_t0c0n0b1c1n1b2c2n2_nc,additive_stencil
l_omni_t0c0n0t1c1n1_nc,additive_stencil
l_omni_t0c0n0t1c1n1t2c2n2_nc,additive_stencil
l_omni_t0c0t1c1_nc,additive_stencil
l_omni_t0c0t1c1t2c2_nc,additive_stencil
l_spot_a0c0,additive_stencil
l_spot_a0c0_dtex,additive_stencil
l_spot_a0c0_nc,additive_stencil
l_spot_a0c0_nc_dtex,additive_stencil
l_spot_b0c0,additive_stencil
l_spot_b0c0_dtex,additive_stencil
l_spot_b0c0_nc,additive_stencil
l_spot_b0c0_nc_dtex,additive_stencil
l_spot_b0c0a1c1_nc,additive_stencil
l_spot_b0c0b1c1_nc,additive_stencil
l_spot_b0c0b1c1b2c2_nc,additive_stencil
l_spot_b0c0b1c1n1_nc,additive_stencil
l_spot_b0c0b1c1n1b2c2n2_nc,additive_stencil
l_spot_b0c0b1c1n1t2c2n2_nc,additive_stencil
l_spot_b0c0b1c1t2c2_nc,additive_stencil
l_spot_b0c0d0,additive_stencil
l_spot_b0c0d0_dtex,additive_stencil
l_spot_b0c0d0_nc,additive_stencil
l_spot_b0c0d0_nc_dtex,additive_stencil
l_spot_b0c0d0b1c1_nc,additive_stencil
l_spot_b0c0d0n0,additive_stencil
l_spot_b0c0d0n0_dtex,additive_stencil
l_spot_b0c0d0n0_nc,additive_stencil
l_spot_b0c0d0n0_nc_dtex,additive_stencil
l_spot_b0c0d0n0b1c1_nc,additive_stencil
l_spot_b0c0n0,additive_stencil
l_spot_b0c0n0_dtex,additive_stencil
l_spot_b0c0n0_nc,additive_stencil
l_spot_b0c0n0_nc_dtex,additive_stencil
l_spot_b0c0n0a1c1_nc,additive_stencil
l_spot_b0c0n0b1c1_nc,additive_stencil
l_spot_b0c0n0b1c1n1_nc,additive_stencil
l_spot_b0c0n0b1c1n1b2c2n2_nc,additive_stencil
l_spot_b0c0n0b1c1n1t2c2n2_nc,additive_stencil
l_spot_b0c0n0t1c1_nc,additive_stencil
l_spot_b0c0n0t1c1n1_nc,additive_stencil
l_spot_b0c0n0t1c1n1b2c2n2_nc,additive_stencil
l_spot_b0c0n0t1c1n1t2c2n2_nc,additive_stencil
l_spot_b0c0t1c1_nc,additive_stencil
l_spot_b0c0t1c1b2c2_nc,additive_stencil
l_spot_b0c0t1c1n1_nc,additive_stencil
l_spot_b0c0t1c1t2c2_nc,additive_stencil
l_spot_flag_t0c0,additive_stencil
l_spot_flag_t0c0_dtex,additive_stencil
l_spot_flag_t0c0_nc,additive_stencil
l_spot_flag_t0c0_nc_dtex,additive_stencil
l_spot_flag_t0c0n0,additive_stencil
l_spot_flag_t0c0n0_dtex,additive_stencil
l_spot_flag_t0c0n0_nc,additive_stencil
l_spot_flag_t0c0n0_nc_dtex,additive_stencil
l_spot_r0c0,additive_stencil
l_spot_r0c0_dtex,additive_stencil
l_spot_r0c0_nc,additive_stencil
l_spot_r0c0_nc_dtex,additive_stencil
l_spot_r0c0a1c1_nc,additive_stencil
l_spot_r0c0b1c1_nc,additive_stencil
l_spot_r0c0b1c1a2c2_nc,additive_stencil
l_spot_r0c0b1c1b2c2_nc,additive_stencil
l_spot_r0c0b1c1b2c2b3c3_nc,additive_stencil
l_spot_r0c0b1c1b2c2d2_nc,additive_stencil
l_spot_r0c0b1c1b2c2d2b3c3_nc,additive_stencil
l_spot_r0c0b1c1b2c2d2m3c3_nc,additive_stencil
l_spot_r0c0b1c1b2c2m3c3_nc,additive_stencil
l_spot_r0c0b1c1b2c2m3c3m4c4_nc,additive_stencil
l_spot_r0c0b1c1b2c2n2_nc,additive_stencil
l_spot_r0c0b1c1b2c2n2m3c3_nc,additive_stencil
l_spot_r0c0b1c1d1_nc,additive_stencil
l_spot_r0c0b1c1d1b2c2_nc,additive_stencil
l_spot_r0c0b1c1d1b2c2d2_nc,additive_stencil
l_spot_r0c0b1c1d1m2c2_nc,additive_stencil
l_spot_r0c0b1c1d1m2c2m3c3_nc,additive_stencil
l_spot_r0c0b1c1d1t2c2_nc,additive_stencil
l_spot_r0c0b1c1m2c2_nc,additive_stencil
l_spot_r0c0b1c1m2c2m3c3_nc,additive_stencil
l_spot_r0c0b1c1m2c2m3c3m4c4_nc,additive_stencil
l_spot_r0c0b1c1n1_nc,additive_stencil
l_spot_r0c0b1c1n1b2c2_nc,additive_stencil
l_spot_r0c0b1c1n1b2c2n2_nc,additive_stencil
l_spot_r0c0b1c1n1b2c2n2m3c3_nc,additive_stencil
l_spot_r0c0b1c1n1b2c2n2m3c3m4c4_nc,additive_stencil
l_spot_r0c0b1c1n1m2c2_nc,additive_stencil
l_spot_r0c0b1c1n1m2c2m3c3_nc,additive_stencil
l_spot_r0c0b1c1n1t2c2_nc,additive_stencil
l_spot_r0c0b1c1n1t2c2n2_nc,additive_stencil
l_spot_r0c0b1c1t2c2_nc,additive_stencil
l_spot_r0c0b1c1t2c2m3c3_nc,additive_stencil
l_spot_r0c0b1c1t2c2n2_nc,additive_stencil
l_spot_r0c0d0,additive_stencil
l_spot_r0c0d0_dtex,additive_stencil
l_spot_r0c0d0_nc,additive_stencil
l_spot_r0c0d0_nc_dtex,additive_stencil
l_spot_r0c0d0b1c1_nc,additive_stencil
l_spot_r0c0d0b1c1b2c2_nc,additive_stencil
l_spot_r0c0d0b1c1b2c2d2_nc,additive_stencil
l_spot_r0c0d0b1c1b2c2m3c3_nc,additive_stencil
l_spot_r0c0d0b1c1d1_nc,additive_stencil
l_spot_r0c0d0b1c1d1b2c2_nc,additive_stencil
l_spot_r0c0d0b1c1d1m2c2_nc,additive_stencil
l_spot_r0c0d0b1c1d1m2c2m3c3_nc,additive_stencil
l_spot_r0c0d0b1c1m2c2_nc,additive_stencil
l_spot_r0c0d0b1c1m2c2m3c3_nc,additive_stencil
l_spot_r0c0d0b1c1m2c2m3c3m4c4_nc,additive_stencil
l_spot_r0c0d0b1c1t2c2_nc,additive_stencil
l_spot_r0c0d0m1c1_nc,additive_stencil
l_spot_r0c0d0m1c1b2c2_nc,additive_stencil
l_spot_r0c0d0m1c1m2c2_nc,additive_stencil
l_spot_r0c0d0m1c1m2c2m3c3_nc,additive_stencil
l_spot_r0c0d0m1c1t2c2_nc,additive_stencil
l_spot_r0c0d0n0,additive_stencil
l_spot_r0c0d0n0_dtex,additive_stencil
l_spot_r0c0d0n0_nc,additive_stencil
l_spot_r0c0d0n0_nc_dtex,additive_stencil
l_spot_r0c0d0n0b1c1_nc,additive_stencil
l_spot_r0c0d0n0b1c1b2c2_nc,additive_stencil
l_spot_r0c0d0n0b1c1b2c2d2n2_nc,additive_stencil
l_spot_r0c0d0n0b1c1b2c2n2_nc,additive_stencil
l_spot_r0c0d0n0b1c1b2c2n2m3c3_nc,additive_stencil
l_spot_r0c0d0n0b1c1d1n1_nc,additive_stencil
l_spot_r0c0d0n0b1c1d1n1b2c2_nc,additive_stencil
l_spot_r0c0d0n0b1c1d1n1b2c2n2_nc,additive_stencil
l_spot_r0c0d0n0b1c1d1n1m2c2_nc,additive_stencil
l_spot_r0c0d0n0b1c1d1n1m2c2m3c3_nc,additive_stencil
l_spot_r0c0d0n0b1c1m2c2_nc,additive_stencil
l_spot_r0c0d0n0b1c1n1_nc,additive_stencil
l_spot_r0c0d0n0b1c1n1b2c2_nc,additive_stencil
l_spot_r0c0d0n0b1c1n1b2c2n2_nc,additive_stencil
l_spot_r0c0d0n0b1c1n1m2c2_nc,additive_stencil
l_spot_r0c0d0n0b1c1n1m2c2m3c3_nc,additive_stencil
l_spot_r0c0d0n0b1c1n1m2c2m3c3m4c4_nc,additive_stencil
l_spot_r0c0d0n0b1c1n1t2c2n2_nc,additive_stencil
l_spot_r0c0d0n0m1c1_nc,additive_stencil
l_spot_r0c0d0n0m1c1b2c2n2_nc,additive_stencil
l_spot_r0c0d0n0m1c1m2c2_nc,additive_stencil
l_spot_r0c0d0n0m1c1m2c2m3c3_nc,additive_stencil
l_spot_r0c0d0n0m1c1t2c2n2_nc,additive_stencil
l_spot_r0c0d0n0t1c1_nc,additive_stencil
l_spot_r0c0d0n0t1c1n1_nc,additive_stencil
l_spot_r0c0d0n0t1c1n1b2c2n2_nc,additive_stencil
l_spot_r0c0d0n0t1c1n1m2c2_nc,additive_stencil
l_spot_r0c0d0t1c1_nc,additive_stencil
l_spot_r0c0d0t1c1b2c2_nc,additive_stencil
l_spot_r0c0d0t1c1m2c2_nc,additive_stencil
l_spot_r0c0m1c1_nc,additive_stencil
l_spot_r0c0m1c1b2c2_nc,additive_stencil
l_spot_r0c0m1c1b2c2m3c3_nc,additive_stencil
l_spot_r0c0m1c1b2c2n2_nc,additive_stencil
l_spot_r0c0m1c1m2c2_nc,additive_stencil
l_spot_r0c0m1c1m2c2m3c3_nc,additive_stencil
l_spot_r0c0m1c1m2c2m3c3m4c4_nc,additive_stencil
l_spot_r0c0m1c1t2c2_nc,additive_stencil
l_spot_r0c0m1c1t2c2n2_nc,additive_stencil
l_spot_r0c0n0,additive_stencil
l_spot_r0c0n0_dtex,additive_stencil
l_spot_r0c0n0_nc,additive_stencil
l_spot_r0c0n0_nc_dtex,additive_stencil
l_spot_r0c0n0a1c1_nc,additive_stencil
l_spot_r0c0n0b1c1_nc,additive_stencil
l_spot_r0c0n0b1c1b2c2_nc,additive_stencil
l_spot_r0c0n0b1c1b2c2b3c3_nc,additive_stencil
l_spot_r0c0n0b1c1b2c2d2n2b3c3_nc,additive_stencil
l_spot_r0c0n0b1c1b2c2d2n2m3c3_nc,additive_stencil
l_spot_r0c0n0b1c1b2c2m3c3_nc,additive_stencil
l_spot_r0c0n0b1c1b2c2m3c3m4c4_nc,additive_stencil
l_spot_r0c0n0b1c1b2c2n2_nc,additive_stencil
l_spot_r0c0n0b1c1b2c2n2m3c3_nc,additive_stencil
l_spot_r0c0n0b1c1d1n1_nc,additive_stencil
l_spot_r0c0n0b1c1d1n1b2c2_nc,additive_stencil
l_spot_r0c0n0b1c1d1n1b2c2d2n2_nc,additive_stencil
l_spot_r0c0n0b1c1d1n1b2c2n2_nc,additive_stencil
l_spot_r0c0n0b1c1d1n1m2c2_nc,additive_stencil
l_spot_r0c0n0b1c1d1n1m2c2m3c3_nc,additive_stencil
l_spot_r0c0n0b1c1d1n1t2c2n2_nc,additive_stencil
l_spot_r0c0n0b1c1m2c2_nc,additive_stencil
l_spot_r0c0n0b1c1m2c2m3c3_nc,additive_stencil
l_spot_r0c0n0b1c1m2c2m3c3m4c4_nc,additive_stencil
l_spot_r0c0n0b1c1n1_nc,additive_stencil
l_spot_r0c0n0b1c1n1a2c2_nc,additive_stencil
l_spot_r0c0n0b1c1n1b2c2_nc,additive_stencil
l_spot_r0c0n0b1c1n1b2c2b3c3_nc,additive_stencil
l_spot_r0c0n0b1c1n1b2c2d2n2_nc,additive_stencil
l_spot_r0c0n0b1c1n1b2c2m3c3_nc,additive_stencil
l_spot_r0c0n0b1c1n1b2c2n2_nc,additive_stencil
l_spot_r0c0n0b1c1n1m2c2_nc,additive_stencil
l_spot_r0c0n0b1c1n1m2c2m3c3_nc,additive_stencil
l_spot_r0c0n0b1c1n1m2c2m3c3m4c4_nc,additive_stencil
l_spot_r0c0n0b1c1n1t2c2_nc,additive_stencil
l_spot_r0c0n0b1c1n1t2c2m3c3_nc,additive_stencil
l_spot_r0c0n0b1c1n1t2c2n2_nc,additive_stencil
l_spot_r0c0n0b1c1t2c2n2_nc,additive_stencil
l_spot_r0c0n0m1c1_nc,additive_stencil
l_spot_r0c0n0m1c1b2c2_nc,additive_stencil
l_spot_r0c0n0m1c1b2c2n2_nc,additive_stencil
l_spot_r0c0n0m1c1b2c2n2m3c3_nc,additive_stencil
l_spot_r0c0n0m1c1m2c2_nc,additive_stencil
l_spot_r0c0n0m1c1m2c2m3c3_nc,additive_stencil
l_spot_r0c0n0m1c1m2c2m3c3m4c4_nc,additive_stencil
l_spot_r0c0n0m1c1t2c2n2_nc,additive_stencil
l_spot_r0c0n0t1c1_nc,additive_stencil
l_spot_r0c0n0t1c1b2c2n2_nc,additive_stencil
l_spot_r0c0n0t1c1b2c2n2m3c3_nc,additive_stencil
l_spot_r0c0n0t1c1m2c2_nc,additive_stencil
l_spot_r0c0n0t1c1m2c2m3c3_nc,additive_stencil
l_spot_r0c0n0t1c1n1_nc,additive_stencil
l_spot_r0c0n0t1c1n1b2c2_nc,additive_stencil
l_spot_r0c0n0t1c1n1b2c2d2n2_nc,additive_stencil
l_spot_r0c0n0t1c1n1b2c2n2_nc,additive_stencil
l_spot_r0c0n0t1c1n1m2c2_nc,additive_stencil
l_spot_r0c0n0t1c1n1m2c2m3c3_nc,additive_stencil
l_spot_r0c0n0t1c1n1t2c2n2_nc,additive_stencil
l_spot_r0c0t1c1_nc,additive_stencil
l_spot_r0c0t1c1b2c2_nc,additive_stencil
l_spot_r0c0t1c1b2c2d2_nc,additive_stencil
l_spot_r0c0t1c1b2c2m3c3_nc,additive_stencil
l_spot_r0c0t1c1b2c2n2_nc,additive_stencil
l_spot_r0c0t1c1m2c2_nc,additive_stencil
l_spot_r0c0t1c1m2c2m3c3_nc,additive_stencil
l_spot_r0c0t1c1n1_nc,additive_stencil
l_spot_r0c0t1c1n1b2c2_nc,additive_stencil
l_spot_r0c0t1c1n1b2c2n2_nc,additive_stencil
l_spot_r0c0t1c1n1m2c2_nc,additive_stencil
l_spot_r0c0t1c1t2c2_nc,additive_stencil
l_spot_scroll_b0c0,additive_stencil
l_spot_scroll_b0c0_dtex,additive_stencil
l_spot_scroll_b0c0_nc,additive_stencil
l_spot_scroll_b0c0_nc_dtex,additive_stencil
l_spot_scroll_b0c0d0,additive_stencil
l_spot_scroll_b0c0d0_dtex,additive_stencil
l_spot_scroll_b0c0d0_nc,additive_stencil
l_spot_scroll_b0c0d0_nc_dtex,additive_stencil
l_spot_scroll_b0c0d0n0,additive_stencil
l_spot_scroll_b0c0d0n0_dtex,additive_stencil
l_spot_scroll_b0c0d0n0_nc,additive_stencil
l_spot_scroll_b0c0d0n0_nc_dtex,additive_stencil
l_spot_scroll_b0c0n0,additive_stencil
l_spot_scroll_b0c0n0_dtex,additive_stencil
l_spot_scroll_b0c0n0_nc,additive_stencil
l_spot_scroll_b0c0n0_nc_dtex,additive_stencil
l_spot_scroll_r0c0,additive_stencil
l_spot_scroll_r0c0_dtex,additive_stencil
l_spot_scroll_r0c0_nc,additive_stencil
l_spot_scroll_r0c0_nc_dtex,additive_stencil
l_spot_scroll_r0c0d0,additive_stencil
l_spot_scroll_r0c0d0_dtex,additive_stencil
l_spot_scroll_r0c0d0_nc,additive_stencil
l_spot_scroll_r0c0d0_nc_dtex,additive_stencil
l_spot_scroll_r0c0d0n0,additive_stencil
l_spot_scroll_r0c0d0n0_dtex,additive_stencil
l_spot_scroll_r0c0d0n0_nc,additive_stencil
l_spot_scroll_r0c0d0n0_nc_dtex,additive_stencil
l_spot_scroll_r0c0n0,additive_stencil
l_spot_scroll_r0c0n0_dtex,additive_stencil
l_spot_scroll_r0c0n0_nc,additive_stencil
l_spot_scroll_r0c0n0_nc_dtex,additive_stencil
l_spot_scroll_t0c0,additive_stencil
l_spot_scroll_t0c0_dtex,additive_stencil
l_spot_scroll_t0c0_nc,additive_stencil
l_spot_scroll_t0c0_nc_dtex,additive_stencil
l_spot_scroll_t0c0d0,additive_stencil
l_spot_scroll_t0c0d0_dtex,additive_stencil
l_spot_scroll_t0c0d0_nc,additive_stencil
l_spot_scroll_t0c0d0_nc_dtex,additive_stencil
l_spot_scroll_t0c0d0n0,additive_stencil
l_spot_scroll_t0c0d0n0_dtex,additive_stencil
l_spot_scroll_t0c0d0n0_nc,additive_stencil
l_spot_scroll_t0c0d0n0_nc_dtex,additive_stencil
l_spot_scroll_t0c0n0,additive_stencil
l_spot_scroll_t0c0n0_dtex,additive_stencil
l_spot_scroll_t0c0n0_nc,additive_stencil
l_spot_scroll_t0c0n0_nc_dtex,additive_stencil
l_spot_shad_hsm_a0c0,additive_stencil
l_spot_shad_hsm_a0c0_dtex,additive_stencil
l_spot_shad_hsm_a0c0_nc,additive_stencil
l_spot_shad_hsm_a0c0_nc_dtex,additive_stencil
l_spot_shad_hsm_b0c0,additive_stencil
l_spot_shad_hsm_b0c0_dtex,additive_stencil
l_spot_shad_hsm_b0c0_nc,additive_stencil
l_spot_shad_hsm_b0c0_nc_dtex,additive_stencil
l_spot_shad_hsm_b0c0b1c1_nc,additive_stencil
l_spot_shad_hsm_b0c0b1c1n1_nc,additive_stencil
l_spot_shad_hsm_b0c0b1c1n1b2c2n2_nc,additive_stencil
l_spot_shad_hsm_b0c0b1c1n1t2c2n2_nc,additive_stencil
l_spot_shad_hsm_b0c0d0,additive_stencil
l_spot_shad_hsm_b0c0d0_dtex,additive_stencil
l_spot_shad_hsm_b0c0d0_nc,additive_stencil
l_spot_shad_hsm_b0c0d0_nc_dtex,additive_stencil
l_spot_shad_hsm_b0c0d0n0,additive_stencil
l_spot_shad_hsm_b0c0d0n0_dtex,additive_stencil
l_spot_shad_hsm_b0c0d0n0_nc,additive_stencil
l_spot_shad_hsm_b0c0d0n0_nc_dtex,additive_stencil
l_spot_shad_hsm_b0c0d0n0b1c1_nc,additive_stencil
l_spot_shad_hsm_b0c0n0,additive_stencil
l_spot_shad_hsm_b0c0n0_dtex,additive_stencil
l_spot_shad_hsm_b0c0n0_nc,additive_stencil
l_spot_shad_hsm_b0c0n0_nc_dtex,additive_stencil
l_spot_shad_hsm_b0c0n0a1c1_nc,additive_stencil
l_spot_shad_hsm_b0c0n0b1c1_nc,additive_stencil
l_spot_shad_hsm_b0c0n0b1c1n1_nc,additive_stencil
l_spot_shad_hsm_b0c0n0b1c1n1b2c2n2_nc,additive_stencil
l_spot_shad_hsm_b0c0n0b1c1n1t2c2n2_nc,additive_stencil
l_spot_shad_hsm_b0c0n0t1c1_nc,additive_stencil
l_spot_shad_hsm_b0c0n0t1c1n1_nc,additive_stencil
l_spot_shad_hsm_b0c0n0t1c1n1b2c2n2_nc,additive_stencil
l_spot_shad_hsm_b0c0n0t1c1n1t2c2n2_nc,additive_stencil
l_spot_shad_hsm_b0c0t1c1n1_nc,additive_stencil
l_spot_shad_hsm_flag_t0c0,additive_stencil
l_spot_shad_hsm_flag_t0c0_dtex,additive_stencil
l_spot_shad_hsm_flag_t0c0_nc,additive_stencil
l_spot_shad_hsm_flag_t0c0_nc_dtex,additive_stencil
l_spot_shad_hsm_flag_t0c0n0,additive_stencil
l_spot_shad_hsm_flag_t0c0n0_dtex,additive_stencil
l_spot_shad_hsm_flag_t0c0n0_nc,additive_stencil
l_spot_shad_hsm_flag_t0c0n0_nc_dtex,additive_stencil
l_spot_shad_hsm_r0c0,additive_stencil
l_spot_shad_hsm_r0c0_dtex,additive_stencil
l_spot_shad_hsm_r0c0_nc,additive_stencil
l_spot_shad_hsm_r0c0_nc_dtex,additive_stencil
l_spot_shad_hsm_r0c0a1c1_nc,additive_stencil
l_spot_shad_hsm_r0c0b1c1_nc,additive_stencil
l_spot_shad_hsm_r0c0b1c1b2c2_nc,additive_stencil
l_spot_shad_hsm_r0c0b1c1b2c2m3c3_nc,additive_stencil
l_spot_shad_hsm_r0c0b1c1b2c2n2_nc,additive_stencil
l_spot_shad_hsm_r0c0b1c1b2c2n2m3c3_nc,additive_stencil
l_spot_shad_hsm_r0c0b1c1m2c2_nc,additive_stencil
l_spot_shad_hsm_r0c0b1c1m2c2m3c3_nc,additive_stencil
l_spot_shad_hsm_r0c0b1c1n1_nc,additive_stencil
l_spot_shad_hsm_r0c0b1c1n1b2c2_nc,additive_stencil
l_spot_shad_hsm_r0c0b1c1n1b2c2n2_nc,additive_stencil
l_spot_shad_hsm_r0c0b1c1n1b2c2n2m3c3_nc,additive_stencil
l_spot_shad_hsm_r0c0b1c1n1b2c2n2m3c3m4c4_nc,additive_stencil
l_spot_shad_hsm_r0c0b1c1n1m2c2_nc,additive_stencil
l_spot_shad_hsm_r0c0b1c1n1m2c2m3c3_nc,additive_stencil
l_spot_shad_hsm_r0c0b1c1n1t2c2_nc,additive_stencil
l_spot_shad_hsm_r0c0b1c1n1t2c2n2_nc,additive_stencil
l_spot_shad_hsm_r0c0b1c1t2c2n2_nc,additive_stencil
l_spot_shad_hsm_r0c0d0,additive_stencil
l_spot_shad_hsm_r0c0d0_dtex,additive_stencil
l_spot_shad_hsm_r0c0d0_nc,additive_stencil
l_spot_shad_hsm_r0c0d0_nc_dtex,additive_stencil
l_spot_shad_hsm_r0c0d0n0,additive_stencil
l_spot_shad_hsm_r0c0d0n0_dtex,additive_stencil
l_spot_shad_hsm_r0c0d0n0_nc,additive_stencil
l_spot_shad_hsm_r0c0d0n0_nc_dtex,additive_stencil
l_spot_shad_hsm_r0c0d0n0b1c1_nc,additive_stencil
l_spot_shad_hsm_r0c0d0n0b1c1b2c2_nc,additive_stencil
l_spot_shad_hsm_r0c0d0n0b1c1b2c2d2n2_nc,additive_stencil
l_spot_shad_hsm_r0c0d0n0b1c1b2c2n2_nc,additive_stencil
l_spot_shad_hsm_r0c0d0n0b1c1b2c2n2m3c3_nc,additive_stencil
l_spot_shad_hsm_r0c0d0n0b1c1d1n1_nc,additive_stencil
l_spot_shad_hsm_r0c0d0n0b1c1d1n1b2c2_nc,additive_stencil
l_spot_shad_hsm_r0c0d0n0b1c1d1n1b2c2n2_nc,additive_stencil
l_spot_shad_hsm_r0c0d0n0b1c1d1n1m2c2_nc,additive_stencil
l_spot_shad_hsm_r0c0d0n0b1c1d1n1m2c2m3c3_nc,additive_stencil
l_spot_shad_hsm_r0c0d0n0b1c1m2c2_nc,additive_stencil
l_spot_shad_hsm_r0c0d0n0b1c1n1_nc,additive_stencil
l_spot_shad_hsm_r0c0d0n0b1c1n1b2c2_nc,additive_stencil
l_spot_shad_hsm_r0c0d0n0b1c1n1b2c2n2_nc,additive_stencil
l_spot_shad_hsm_r0c0d0n0b1c1n1m2c2_nc,additive_stencil
l_spot_shad_hsm_r0c0d0n0b1c1n1m2c2m3c3_nc,additive_stencil
l_spot_shad_hsm_r0c0d0n0b1c1n1m2c2m3c3m4c4_nc,additive_stencil
l_spot_shad_hsm_r0c0d0n0b1c1n1t2c2n2_nc,additive_stencil
l_spot_shad_hsm_r0c0d0n0m1c1_nc,additive_stencil
l_spot_shad_hsm_r0c0d0n0m1c1b2c2n2_nc,additive_stencil
l_spot_shad_hsm_r0c0d0n0m1c1m2c2_nc,additive_stencil
l_spot_shad_hsm_r0c0d0n0m1c1m2c2m3c3_nc,additive_stencil
l_spot_shad_hsm_r0c0d0n0m1c1t2c2n2_nc,additive_stencil
l_spot_shad_hsm_r0c0d0n0t1c1_nc,additive_stencil
l_spot_shad_hsm_r0c0d0n0t1c1n1_nc,additive_stencil
l_spot_shad_hsm_r0c0d0n0t1c1n1b2c2n2_nc,additive_stencil
l_spot_shad_hsm_r0c0d0n0t1c1n1m2c2_nc,additive_stencil
l_spot_shad_hsm_r0c0m1c1_nc,additive_stencil
l_spot_shad_hsm_r0c0m1c1b2c2n2_nc,additive_stencil
l_spot_shad_hsm_r0c0m1c1m2c2_nc,additive_stencil
l_spot_shad_hsm_r0c0m1c1m2c2m3c3_nc,additive_stencil
l_spot_shad_hsm_r0c0m1c1t2c2n2_nc,additive_stencil
l_spot_shad_hsm_r0c0n0,additive_stencil
l_spot_shad_hsm_r0c0n0_dtex,additive_stencil
l_spot_shad_hsm_r0c0n0_nc,additive_stencil
l_spot_shad_hsm_r0c0n0_nc_dtex,additive_stencil
l_spot_shad_hsm_r0c0n0a1c1_nc,additive_stencil
l_spot_shad_hsm_r0c0n0b1c1_nc,additive_stencil
l_spot_shad_hsm_r0c0n0b1c1b2c2_nc,additive_stencil
l_spot_shad_hsm_r0c0n0b1c1b2c2b3c3_nc,additive_stencil
l_spot_shad_hsm_r0c0n0b1c1b2c2d2n2b3c3_nc,additive_stencil
l_spot_shad_hsm_r0c0n0b1c1b2c2d2n2m3c3_nc,additive_stencil
l_spot_shad_hsm_r0c0n0b1c1b2c2m3c3_nc,additive_stencil
l_spot_shad_hsm_r0c0n0b1c1b2c2m3c3m4c4_nc,additive_stencil
l_spot_shad_hsm_r0c0n0b1c1b2c2n2_nc,additive_stencil
l_spot_shad_hsm_r0c0n0b1c1b2c2n2m3c3_nc,additive_stencil
l_spot_shad_hsm_r0c0n0b1c1d1n1_nc,additive_stencil
l_spot_shad_hsm_r0c0n0b1c1d1n1b2c2_nc,additive_stencil
l_spot_shad_hsm_r0c0n0b1c1d1n1b2c2d2n2_nc,additive_stencil
l_spot_shad_hsm_r0c0n0b1c1d1n1b2c2n2_nc,additive_stencil
l_spot_shad_hsm_r0c0n0b1c1d1n1m2c2_nc,additive_stencil
l_spot_shad_hsm_r0c0n0b1c1d1n1m2c2m3c3_nc,additive_stencil
l_spot_shad_hsm_r0c0n0b1c1d1n1t2c2n2_nc,additive_stencil
l_spot_shad_hsm_r0c0n0b1c1m2c2_nc,additive_stencil
l_spot_shad_hsm_r0c0n0b1c1m2c2m3c3_nc,additive_stencil
l_spot_shad_hsm_r0c0n0b1c1m2c2m3c3m4c4_nc,additive_stencil
l_spot_shad_hsm_r0c0n0b1c1n1_nc,additive_stencil
l_spot_shad_hsm_r0c0n0b1c1n1a2c2_nc,additive_stencil
l_spot_shad_hsm_r0c0n0b1c1n1b2c2_nc,additive_stencil
l_spot_shad_hsm_r0c0n0b1c1n1b2c2b3c3_nc,additive_stencil
l_spot_shad_hsm_r0c0n0b1c1n1b2c2d2n2_nc,additive_stencil
l_spot_shad_hsm_r0c0n0b1c1n1b2c2m3c3_nc,additive_stencil
l_spot_shad_hsm_r0c0n0b1c1n1b2c2n2_nc,additive_stencil
l_spot_shad_hsm_r0c0n0b1c1n1m2c2_nc,additive_stencil
l_spot_shad_hsm_r0c0n0b1c1n1m2c2m3c3_nc,additive_stencil
l_spot_shad_hsm_r0c0n0b1c1n1m2c2m3c3m4c4_nc,additive_stencil
l_spot_shad_hsm_r0c0n0b1c1n1t2c2_nc,additive_stencil
l_spot_shad_hsm_r0c0n0b1c1n1t2c2m3c3_nc,additive_stencil
l_spot_shad_hsm_r0c0n0b1c1n1t2c2n2_nc,additive_stencil
l_spot_shad_hsm_r0c0n0b1c1t2c2n2_nc,additive_stencil
l_spot_shad_hsm_r0c0n0m1c1_nc,additive_stencil
l_spot_shad_hsm_r0c0n0m1c1b2c2_nc,additive_stencil
l_spot_shad_hsm_r0c0n0m1c1b2c2n2_nc,additive_stencil
l_spot_shad_hsm_r0c0n0m1c1b2c2n2m3c3_nc,additive_stencil
l_spot_shad_hsm_r0c0n0m1c1m2c2_nc,additive_stencil
l_spot_shad_hsm_r0c0n0m1c1m2c2m3c3_nc,additive_stencil
l_spot_shad_hsm_r0c0n0m1c1m2c2m3c3m4c4_nc,additive_stencil
l_spot_shad_hsm_r0c0n0m1c1t2c2n2_nc,additive_stencil
l_spot_shad_hsm_r0c0n0t1c1_nc,additive_stencil
l_spot_shad_hsm_r0c0n0t1c1b2c2n2_nc,additive_stencil
l_spot_shad_hsm_r0c0n0t1c1b2c2n2m3c3_nc,additive_stencil
l_spot_shad_hsm_r0c0n0t1c1m2c2_nc,additive_stencil
l_spot_shad_hsm_r0c0n0t1c1m2c2m3c3_nc,additive_stencil
l_spot_shad_hsm_r0c0n0t1c1n1_nc,additive_stencil
l_spot_shad_hsm_r0c0n0t1c1n1b2c2_nc,additive_stencil
l_spot_shad_hsm_r0c0n0t1c1n1b2c2d2n2_nc,additive_stencil
l_spot_shad_hsm_r0c0n0t1c1n1b2c2n2_nc,additive_stencil
l_spot_shad_hsm_r0c0n0t1c1n1m2c2_nc,additive_stencil
l_spot_shad_hsm_r0c0n0t1c1n1m2c2m3c3_nc,additive_stencil
l_spot_shad_hsm_r0c0n0t1c1n1t2c2n2_nc,additive_stencil
l_spot_shad_hsm_r0c0t1c1_nc,additive_stencil
l_spot_shad_hsm_r0c0t1c1b2c2n2_nc,additive_stencil
l_spot_shad_hsm_r0c0t1c1m2c2_nc,additive_stencil
l_spot_shad_hsm_r0c0t1c1m2c2m3c3_nc,additive_stencil
l_spot_shad_hsm_r0c0t1c1n1_nc,additive_stencil
l_spot_shad_hsm_r0c0t1c1n1b2c2_nc,additive_stencil
l_spot_shad_hsm_r0c0t1c1n1b2c2n2_nc,additive_stencil
l_spot_shad_hsm_r0c0t1c1n1m2c2_nc,additive_stencil
l_spot_shad_hsm_scroll_b0c0,additive_stencil
l_spot_shad_hsm_scroll_b0c0_dtex,additive_stencil
l_spot_shad_hsm_scroll_b0c0_nc,additive_stencil
l_spot_shad_hsm_scroll_b0c0_nc_dtex,additive_stencil
l_spot_shad_hsm_scroll_b0c0d0,additive_stencil
l_spot_shad_hsm_scroll_b0c0d0_dtex,additive_stencil
l_spot_shad_hsm_scroll_b0c0d0_nc,additive_stencil
l_spot_shad_hsm_scroll_b0c0d0_nc_dtex,additive_stencil
l_spot_shad_hsm_scroll_b0c0d0n0,additive_stencil
l_spot_shad_hsm_scroll_b0c0d0n0_dtex,additive_stencil
l_spot_shad_hsm_scroll_b0c0d0n0_nc,additive_stencil
l_spot_shad_hsm_scroll_b0c0d0n0_nc_dtex,additive_stencil
l_spot_shad_hsm_scroll_b0c0n0,additive_stencil
l_spot_shad_hsm_scroll_b0c0n0_dtex,additive_stencil
l_spot_shad_hsm_scroll_b0c0n0_nc,additive_stencil
l_spot_shad_hsm_scroll_b0c0n0_nc_dtex,additive_stencil
l_spot_shad_hsm_scroll_r0c0,additive_stencil
l_spot_shad_hsm_scroll_r0c0_dtex,additive_stencil
l_spot_shad_hsm_scroll_r0c0_nc,additive_stencil
l_spot_shad_hsm_scroll_r0c0_nc_dtex,additive_stencil
l_spot_shad_hsm_scroll_r0c0d0,additive_stencil
l_spot_shad_hsm_scroll_r0c0d0_dtex,additive_stencil
l_spot_shad_hsm_scroll_r0c0d0_nc,additive_stencil
l_spot_shad_hsm_scroll_r0c0d0_nc_dtex,additive_stencil
l_spot_shad_hsm_scroll_r0c0d0n0,additive_stencil
l_spot_shad_hsm_scroll_r0c0d0n0_dtex,additive_stencil
l_spot_shad_hsm_scroll_r0c0d0n0_nc,additive_stencil
l_spot_shad_hsm_scroll_r0c0d0n0_nc_dtex,additive_stencil
l_spot_shad_hsm_scroll_r0c0n0,additive_stencil
l_spot_shad_hsm_scroll_r0c0n0_dtex,additive_stencil
l_spot_shad_hsm_scroll_r0c0n0_nc,additive_stencil
l_spot_shad_hsm_scroll_r0c0n0_nc_dtex,additive_stencil
l_spot_shad_hsm_scroll_t0c0,additive_stencil
l_spot_shad_hsm_scroll_t0c0_dtex,additive_stencil
l_spot_shad_hsm_scroll_t0c0_nc,additive_stencil
l_spot_shad_hsm_scroll_t0c0_nc_dtex,additive_stencil
l_spot_shad_hsm_scroll_t0c0d0,additive_stencil
l_spot_shad_hsm_scroll_t0c0d0_dtex,additive_stencil
l_spot_shad_hsm_scroll_t0c0d0_nc,additive_stencil
l_spot_shad_hsm_scroll_t0c0d0_nc_dtex,additive_stencil
l_spot_shad_hsm_scroll_t0c0d0n0,additive_stencil
l_spot_shad_hsm_scroll_t0c0d0n0_dtex,additive_stencil
l_spot_shad_hsm_scroll_t0c0d0n0_nc,additive_stencil
l_spot_shad_hsm_scroll_t0c0d0n0_nc_dtex,additive_stencil
l_spot_shad_hsm_scroll_t0c0n0,additive_stencil
l_spot_shad_hsm_scroll_t0c0n0_dtex,additive_stencil
l_spot_shad_hsm_scroll_t0c0n0_nc,additive_stencil
l_spot_shad_hsm_scroll_t0c0n0_nc_dtex,additive_stencil
l_spot_shad_hsm_skin_r0c0,additive_stencil
l_spot_shad_hsm_skin_r0c0_dtex,additive_stencil
l_spot_shad_hsm_skin_r0c0_nc,additive_stencil
l_spot_shad_hsm_skin_r0c0_nc_dtex,additive_stencil
l_spot_shad_hsm_skin_r0c0d0,additive_stencil
l_spot_shad_hsm_skin_r0c0d0_dtex,additive_stencil
l_spot_shad_hsm_skin_r0c0d0_nc,additive_stencil
l_spot_shad_hsm_skin_r0c0d0_nc_dtex,additive_stencil
l_spot_shad_hsm_skin_r0c0d0n0,additive_stencil
l_spot_shad_hsm_skin_r0c0d0n0_dtex,additive_stencil
l_spot_shad_hsm_skin_r0c0d0n0_nc,additive_stencil
l_spot_shad_hsm_skin_r0c0d0n0_nc_dtex,additive_stencil
l_spot_shad_hsm_skin_r0c0n0,additive_stencil
l_spot_shad_hsm_skin_r0c0n0_dtex,additive_stencil
l_spot_shad_hsm_skin_r0c0n0_nc,additive_stencil
l_spot_shad_hsm_skin_r0c0n0_nc_dtex,additive_stencil
l_spot_shad_hsm_t0c0,additive_stencil
l_spot_shad_hsm_t0c0_dtex,additive_stencil
l_spot_shad_hsm_t0c0_nc,additive_stencil
l_spot_shad_hsm_t0c0_nc_dtex,additive_stencil
l_spot_shad_hsm_t0c0b1c1_nc,additive_stencil
l_spot_shad_hsm_t0c0b1c1n1_nc,additive_stencil
l_spot_shad_hsm_t0c0d0,additive_stencil
l_spot_shad_hsm_t0c0d0_dtex,additive_stencil
l_spot_shad_hsm_t0c0d0_nc,additive_stencil
l_spot_shad_hsm_t0c0d0_nc_dtex,additive_stencil
l_spot_shad_hsm_t0c0d0n0,additive_stencil
l_spot_shad_hsm_t0c0d0n0_dtex,additive_stencil
l_spot_shad_hsm_t0c0d0n0_nc,additive_stencil
l_spot_shad_hsm_t0c0d0n0_nc_dtex,additive_stencil
l_spot_shad_hsm_t0c0n0,additive_stencil
l_spot_shad_hsm_t0c0n0_dtex,additive_stencil
l_spot_shad_hsm_t0c0n0_nc,additive_stencil
l_spot_shad_hsm_t0c0n0_nc_dtex,additive_stencil
l_spot_shad_hsm_t0c0n0b1c1_nc,additive_stencil
l_spot_shad_hsm_t0c0n0b1c1n1_nc,additive_stencil
l_spot_shad_hsm_t0c0n0b1c1n1b2c2n2_nc,additive_stencil
l_spot_shad_hsm_t0c0n0t1c1n1_nc,additive_stencil
l_spot_shad_hsm_t0c0n0t1c1n1t2c2n2_nc,additive_stencil
l_spot_shad_sm_a0c0,additive_stencil
l_spot_shad_sm_a0c0_dtex,additive_stencil
l_spot_shad_sm_a0c0_nc,additive_stencil
l_spot_shad_sm_a0c0_nc_dtex,additive_stencil
l_spot_shad_sm_b0c0,additive_stencil
l_spot_shad_sm_b0c0_dtex,additive_stencil
l_spot_shad_sm_b0c0_nc,additive_stencil
l_spot_shad_sm_b0c0_nc_dtex,additive_stencil
l_spot_shad_sm_b0c0b1c1_nc,additive_stencil
l_spot_shad_sm_b0c0b1c1n1_nc,additive_stencil
l_spot_shad_sm_b0c0b1c1n1b2c2n2_nc,additive_stencil
l_spot_shad_sm_b0c0b1c1n1t2c2n2_nc,additive_stencil
l_spot_shad_sm_b0c0d0,additive_stencil
l_spot_shad_sm_b0c0d0_dtex,additive_stencil
l_spot_shad_sm_b0c0d0_nc,additive_stencil
l_spot_shad_sm_b0c0d0_nc_dtex,additive_stencil
l_spot_shad_sm_b0c0d0n0,additive_stencil
l_spot_shad_sm_b0c0d0n0_dtex,additive_stencil
l_spot_shad_sm_b0c0d0n0_nc,additive_stencil
l_spot_shad_sm_b0c0d0n0_nc_dtex,additive_stencil
l_spot_shad_sm_b0c0d0n0b1c1_nc,additive_stencil
l_spot_shad_sm_b0c0n0,additive_stencil
l_spot_shad_sm_b0c0n0_dtex,additive_stencil
l_spot_shad_sm_b0c0n0_nc,additive_stencil
l_spot_shad_sm_b0c0n0_nc_dtex,additive_stencil
l_spot_shad_sm_b0c0n0a1c1_nc,additive_stencil
l_spot_shad_sm_b0c0n0b1c1_nc,additive_stencil
l_spot_shad_sm_b0c0n0b1c1n1_nc,additive_stencil
l_spot_shad_sm_b0c0n0b1c1n1b2c2n2_nc,additive_stencil
l_spot_shad_sm_b0c0n0b1c1n1t2c2n2_nc,additive_stencil
l_spot_shad_sm_b0c0n0t1c1_nc,additive_stencil
l_spot_shad_sm_b0c0n0t1c1n1_nc,additive_stencil
l_spot_shad_sm_b0c0n0t1c1n1b2c2n2_nc,additive_stencil
l_spot_shad_sm_b0c0n0t1c1n1t2c2n2_nc,additive_stencil
l_spot_shad_sm_b0c0t1c1n1_nc,additive_stencil
l_spot_shad_sm_flag_t0c0,additive_stencil
l_spot_shad_sm_flag_t0c0_dtex,additive_stencil
l_spot_shad_sm_flag_t0c0_nc,additive_stencil
l_spot_shad_sm_flag_t0c0_nc_dtex,additive_stencil
l_spot_shad_sm_flag_t0c0n0,additive_stencil
l_spot_shad_sm_flag_t0c0n0_dtex,additive_stencil
l_spot_shad_sm_flag_t0c0n0_nc,additive_stencil
l_spot_shad_sm_flag_t0c0n0_nc_dtex,additive_stencil
l_spot_shad_sm_r0c0,additive_stencil
l_spot_shad_sm_r0c0_dtex,additive_stencil
l_spot_shad_sm_r0c0_nc,additive_stencil
l_spot_shad_sm_r0c0_nc_dtex,additive_stencil
l_spot_shad_sm_r0c0a1c1_nc,additive_stencil
l_spot_shad_sm_r0c0b1c1_nc,additive_stencil
l_spot_shad_sm_r0c0b1c1b2c2_nc,additive_stencil
l_spot_shad_sm_r0c0b1c1b2c2m3c3_nc,additive_stencil
l_spot_shad_sm_r0c0b1c1b2c2n2_nc,additive_stencil
l_spot_shad_sm_r0c0b1c1b2c2n2m3c3_nc,additive_stencil
l_spot_shad_sm_r0c0b1c1m2c2_nc,additive_stencil
l_spot_shad_sm_r0c0b1c1m2c2m3c3_nc,additive_stencil
l_spot_shad_sm_r0c0b1c1n1_nc,additive_stencil
l_spot_shad_sm_r0c0b1c1n1b2c2_nc,additive_stencil
l_spot_shad_sm_r0c0b1c1n1b2c2n2_nc,additive_stencil
l_spot_shad_sm_r0c0b1c1n1b2c2n2m3c3_nc,additive_stencil
l_spot_shad_sm_r0c0b1c1n1b2c2n2m3c3m4c4_nc,additive_stencil
l_spot_shad_sm_r0c0b1c1n1m2c2_nc,additive_stencil
l_spot_shad_sm_r0c0b1c1n1m2c2m3c3_nc,additive_stencil
l_spot_shad_sm_r0c0b1c1n1t2c2_nc,additive_stencil
l_spot_shad_sm_r0c0b1c1n1t2c2n2_nc,additive_stencil
l_spot_shad_sm_r0c0b1c1t2c2n2_nc,additive_stencil
l_spot_shad_sm_r0c0d0,additive_stencil
l_spot_shad_sm_r0c0d0_dtex,additive_stencil
l_spot_shad_sm_r0c0d0_nc,additive_stencil
l_spot_shad_sm_r0c0d0_nc_dtex,additive_stencil
l_spot_shad_sm_r0c0d0n0,additive_stencil
l_spot_shad_sm_r0c0d0n0_dtex,additive_stencil
l_spot_shad_sm_r0c0d0n0_nc,additive_stencil
l_spot_shad_sm_r0c0d0n0_nc_dtex,additive_stencil
l_spot_shad_sm_r0c0d0n0b1c1_nc,additive_stencil
l_spot_shad_sm_r0c0d0n0b1c1b2c2_nc,additive_stencil
l_spot_shad_sm_r0c0d0n0b1c1b2c2d2n2_nc,additive_stencil
l_spot_shad_sm_r0c0d0n0b1c1b2c2n2_nc,additive_stencil
l_spot_shad_sm_r0c0d0n0b1c1b2c2n2m3c3_nc,additive_stencil
l_spot_shad_sm_r0c0d0n0b1c1d1n1_nc,additive_stencil
l_spot_shad_sm_r0c0d0n0b1c1d1n1b2c2_nc,additive_stencil
l_spot_shad_sm_r0c0d0n0b1c1d1n1b2c2n2_nc,additive_stencil
l_spot_shad_sm_r0c0d0n0b1c1d1n1m2c2_nc,additive_stencil
l_spot_shad_sm_r0c0d0n0b1c1d1n1m2c2m3c3_nc,additive_stencil
l_spot_shad_sm_r0c0d0n0b1c1m2c2_nc,additive_stencil
l_spot_shad_sm_r0c0d0n0b1c1n1_nc,additive_stencil
l_spot_shad_sm_r0c0d0n0b1c1n1b2c2_nc,additive_stencil
l_spot_shad_sm_r0c0d0n0b1c1n1b2c2n2_nc,additive_stencil
l_spot_shad_sm_r0c0d0n0b1c1n1m2c2_nc,additive_stencil
l_spot_shad_sm_r0c0d0n0b1c1n1m2c2m3c3_nc,additive_stencil
l_spot_shad_sm_r0c0d0n0b1c1n1m2c2m3c3m4c4_nc,additive_stencil
l_spot_shad_sm_r0c0d0n0b1c1n1t2c2n2_nc,additive_stencil
l_spot_shad_sm_r0c0d0n0m1c1_nc,additive_stencil
l_spot_shad_sm_r0c0d0n0m1c1b2c2n2_nc,additive_stencil
l_spot_shad_sm_r0c0d0n0m1c1m2c2_nc,additive_stencil
l_spot_shad_sm_r0c0d0n0m1c1m2c2m3c3_nc,additive_stencil
l_spot_shad_sm_r0c0d0n0m1c1t2c2n2_nc,additive_stencil
l_spot_shad_sm_r0c0d0n0t1c1_nc,additive_stencil
l_spot_shad_sm_r0c0d0n0t1c1n1_nc,additive_stencil
l_spot_shad_sm_r0c0d0n0t1c1n1b2c2n2_nc,additive_stencil
l_spot_shad_sm_r0c0d0n0t1c1n1m2c2_nc,additive_stencil
l_spot_shad_sm_r0c0m1c1_nc,additive_stencil
l_spot_shad_sm_r0c0m1c1b2c2n2_nc,additive_stencil
l_spot_shad_sm_r0c0m1c1m2c2_nc,additive_stencil
l_spot_shad_sm_r0c0m1c1m2c2m3c3_nc,additive_stencil
l_spot_shad_sm_r0c0m1c1t2c2n2_nc,additive_stencil
l_spot_shad_sm_r0c0n0,additive_stencil
l_spot_shad_sm_r0c0n0_dtex,additive_stencil
l_spot_shad_sm_r0c0n0_nc,additive_stencil
l_spot_shad_sm_r0c0n0_nc_dtex,additive_stencil
l_spot_shad_sm_r0c0n0a1c1_nc,additive_stencil
l_spot_shad_sm_r0c0n0b1c1_nc,additive_stencil
l_spot_shad_sm_r0c0n0b1c1b2c2_nc,additive_stencil
l_spot_shad_sm_r0c0n0b1c1b2c2b3c3_nc,additive_stencil
l_spot_shad_sm_r0c0n0b1c1b2c2d2n2b3c3_nc,additive_stencil
l_spot_shad_sm_r0c0n0b1c1b2c2d2n2m3c3_nc,additive_stencil
l_spot_shad_sm_r0c0n0b1c1b2c2m3c3_nc,additive_stencil
l_spot_shad_sm_r0c0n0b1c1b2c2m3c3m4c4_nc,additive_stencil
l_spot_shad_sm_r0c0n0b1c1b2c2n2_nc,additive_stencil
l_spot_shad_sm_r0c0n0b1c1b2c2n2m3c3_nc,additive_stencil
l_spot_shad_sm_r0c0n0b1c1d1n1_nc,additive_stencil
l_spot_shad_sm_r0c0n0b1c1d1n1b2c2_nc,additive_stencil
l_spot_shad_sm_r0c0n0b1c1d1n1b2c2d2n2_nc,additive_stencil
l_spot_shad_sm_r0c0n0b1c1d1n1b2c2n2_nc,additive_stencil
l_spot_shad_sm_r0c0n0b1c1d1n1m2c2_nc,additive_stencil
l_spot_shad_sm_r0c0n0b1c1d1n1m2c2m3c3_nc,additive_stencil
l_spot_shad_sm_r0c0n0b1c1d1n1t2c2n2_nc,additive_stencil
l_spot_shad_sm_r0c0n0b1c1m2c2_nc,additive_stencil
l_spot_shad_sm_r0c0n0b1c1m2c2m3c3_nc,additive_stencil
l_spot_shad_sm_r0c0n0b1c1m2c2m3c3m4c4_nc,additive_stencil
l_spot_shad_sm_r0c0n0b1c1n1_nc,additive_stencil
l_spot_shad_sm_r0c0n0b1c1n1a2c2_nc,additive_stencil
l_spot_shad_sm_r0c0n0b1c1n1b2c2_nc,additive_stencil
l_spot_shad_sm_r0c0n0b1c1n1b2c2b3c3_nc,additive_stencil
l_spot_shad_sm_r0c0n0b1c1n1b2c2d2n2_nc,additive_stencil
l_spot_shad_sm_r0c0n0b1c1n1b2c2m3c3_nc,additive_stencil
l_spot_shad_sm_r0c0n0b1c1n1b2c2n2_nc,additive_stencil
l_spot_shad_sm_r0c0n0b1c1n1m2c2_nc,additive_stencil
l_spot_shad_sm_r0c0n0b1c1n1m2c2m3c3_nc,additive_stencil
l_spot_shad_sm_r0c0n0b1c1n1m2c2m3c3m4c4_nc,additive_stencil
l_spot_shad_sm_r0c0n0b1c1n1t2c2_nc,additive_stencil
l_spot_shad_sm_r0c0n0b1c1n1t2c2m3c3_nc,additive_stencil
l_spot_shad_sm_r0c0n0b1c1n1t2c2n2_nc,additive_stencil
l_spot_shad_sm_r0c0n0b1c1t2c2n2_nc,additive_stencil
l_spot_shad_sm_r0c0n0m1c1_nc,additive_stencil
l_spot_shad_sm_r0c0n0m1c1b2c2_nc,additive_stencil
l_spot_shad_sm_r0c0n0m1c1b2c2n2_nc,additive_stencil
l_spot_shad_sm_r0c0n0m1c1b2c2n2m3c3_nc,additive_stencil
l_spot_shad_sm_r0c0n0m1c1m2c2_nc,additive_stencil
l_spot_shad_sm_r0c0n0m1c1m2c2m3c3_nc,additive_stencil
l_spot_shad_sm_r0c0n0m1c1m2c2m3c3m4c4_nc,additive_stencil
l_spot_shad_sm_r0c0n0m1c1t2c2n2_nc,additive_stencil
l_spot_shad_sm_r0c0n0t1c1_nc,additive_stencil
l_spot_shad_sm_r0c0n0t1c1b2c2n2_nc,additive_stencil
l_spot_shad_sm_r0c0n0t1c1b2c2n2m3c3_nc,additive_stencil
l_spot_shad_sm_r0c0n0t1c1m2c2_nc,additive_stencil
l_spot_shad_sm_r0c0n0t1c1m2c2m3c3_nc,additive_stencil
l_spot_shad_sm_r0c0n0t1c1n1_nc,additive_stencil
l_spot_shad_sm_r0c0n0t1c1n1b2c2_nc,additive_stencil
l_spot_shad_sm_r0c0n0t1c1n1b2c2d2n2_nc,additive_stencil
l_spot_shad_sm_r0c0n0t1c1n1b2c2n2_nc,additive_stencil
l_spot_shad_sm_r0c0n0t1c1n1m2c2_nc,additive_stencil
l_spot_shad_sm_r0c0n0t1c1n1m2c2m3c3_nc,additive_stencil
l_spot_shad_sm_r0c0n0t1c1n1t2c2n2_nc,additive_stencil
l_spot_shad_sm_r0c0t1c1_nc,additive_stencil
l_spot_shad_sm_r0c0t1c1b2c2n2_nc,additive_stencil
l_spot_shad_sm_r0c0t1c1m2c2_nc,additive_stencil
l_spot_shad_sm_r0c0t1c1m2c2m3c3_nc,additive_stencil
l_spot_shad_sm_r0c0t1c1n1_nc,additive_stencil
l_spot_shad_sm_r0c0t1c1n1b2c2_nc,additive_stencil
l_spot_shad_sm_r0c0t1c1n1b2c2n2_nc,additive_stencil
l_spot_shad_sm_r0c0t1c1n1m2c2_nc,additive_stencil
l_spot_shad_sm_scroll_b0c0,additive_stencil
l_spot_shad_sm_scroll_b0c0_dtex,additive_stencil
l_spot_shad_sm_scroll_b0c0_nc,additive_stencil
l_spot_shad_sm_scroll_b0c0_nc_dtex,additive_stencil
l_spot_shad_sm_scroll_b0c0d0,additive_stencil
l_spot_shad_sm_scroll_b0c0d0_dtex,additive_stencil
l_spot_shad_sm_scroll_b0c0d0_nc,additive_stencil
l_spot_shad_sm_scroll_b0c0d0_nc_dtex,additive_stencil
l_spot_shad_sm_scroll_b0c0d0n0,additive_stencil
l_spot_shad_sm_scroll_b0c0d0n0_dtex,additive_stencil
l_spot_shad_sm_scroll_b0c0d0n0_nc,additive_stencil
l_spot_shad_sm_scroll_b0c0d0n0_nc_dtex,additive_stencil
l_spot_shad_sm_scroll_b0c0n0,additive_stencil
l_spot_shad_sm_scroll_b0c0n0_dtex,additive_stencil
l_spot_shad_sm_scroll_b0c0n0_nc,additive_stencil
l_spot_shad_sm_scroll_b0c0n0_nc_dtex,additive_stencil
l_spot_shad_sm_scroll_r0c0,additive_stencil
l_spot_shad_sm_scroll_r0c0_dtex,additive_stencil
l_spot_shad_sm_scroll_r0c0_nc,additive_stencil
l_spot_shad_sm_scroll_r0c0_nc_dtex,additive_stencil
l_spot_shad_sm_scroll_r0c0d0,additive_stencil
l_spot_shad_sm_scroll_r0c0d0_dtex,additive_stencil
l_spot_shad_sm_scroll_r0c0d0_nc,additive_stencil
l_spot_shad_sm_scroll_r0c0d0_nc_dtex,additive_stencil
l_spot_shad_sm_scroll_r0c0d0n0,additive_stencil
l_spot_shad_sm_scroll_r0c0d0n0_dtex,additive_stencil
l_spot_shad_sm_scroll_r0c0d0n0_nc,additive_stencil
l_spot_shad_sm_scroll_r0c0d0n0_nc_dtex,additive_stencil
l_spot_shad_sm_scroll_r0c0n0,additive_stencil
l_spot_shad_sm_scroll_r0c0n0_dtex,additive_stencil
l_spot_shad_sm_scroll_r0c0n0_nc,additive_stencil
l_spot_shad_sm_scroll_r0c0n0_nc_dtex,additive_stencil
l_spot_shad_sm_scroll_t0c0,additive_stencil
l_spot_shad_sm_scroll_t0c0_dtex,additive_stencil
l_spot_shad_sm_scroll_t0c0_nc,additive_stencil
l_spot_shad_sm_scroll_t0c0_nc_dtex,additive_stencil
l_spot_shad_sm_scroll_t0c0d0,additive_stencil
l_spot_shad_sm_scroll_t0c0d0_dtex,additive_stencil
l_spot_shad_sm_scroll_t0c0d0_nc,additive_stencil
l_spot_shad_sm_scroll_t0c0d0_nc_dtex,additive_stencil
l_spot_shad_sm_scroll_t0c0d0n0,additive_stencil
l_spot_shad_sm_scroll_t0c0d0n0_dtex,additive_stencil
l_spot_shad_sm_scroll_t0c0d0n0_nc,additive_stencil
l_spot_shad_sm_scroll_t0c0d0n0_nc_dtex,additive_stencil
l_spot_shad_sm_scroll_t0c0n0,additive_stencil
l_spot_shad_sm_scroll_t0c0n0_dtex,additive_stencil
l_spot_shad_sm_scroll_t0c0n0_nc,additive_stencil
l_spot_shad_sm_scroll_t0c0n0_nc_dtex,additive_stencil
l_spot_shad_sm_skin_r0c0,additive_stencil
l_spot_shad_sm_skin_r0c0_dtex,additive_stencil
l_spot_shad_sm_skin_r0c0_nc,additive_stencil
l_spot_shad_sm_skin_r0c0_nc_dtex,additive_stencil
l_spot_shad_sm_skin_r0c0d0,additive_stencil
l_spot_shad_sm_skin_r0c0d0_dtex,additive_stencil
l_spot_shad_sm_skin_r0c0d0_nc,additive_stencil
l_spot_shad_sm_skin_r0c0d0_nc_dtex,additive_stencil
l_spot_shad_sm_skin_r0c0d0n0,additive_stencil
l_spot_shad_sm_skin_r0c0d0n0_dtex,additive_stencil
l_spot_shad_sm_skin_r0c0d0n0_nc,additive_stencil
l_spot_shad_sm_skin_r0c0d0n0_nc_dtex,additive_stencil
l_spot_shad_sm_skin_r0c0n0,additive_stencil
l_spot_shad_sm_skin_r0c0n0_dtex,additive_stencil
l_spot_shad_sm_skin_r0c0n0_nc,additive_stencil
l_spot_shad_sm_skin_r0c0n0_nc_dtex,additive_stencil
l_spot_shad_sm_t0c0,additive_stencil
l_spot_shad_sm_t0c0_dtex,additive_stencil
l_spot_shad_sm_t0c0_nc,additive_stencil
l_spot_shad_sm_t0c0_nc_dtex,additive_stencil
l_spot_shad_sm_t0c0b1c1_nc,additive_stencil
l_spot_shad_sm_t0c0b1c1n1_nc,additive_stencil
l_spot_shad_sm_t0c0d0,additive_stencil
l_spot_shad_sm_t0c0d0_dtex,additive_stencil
l_spot_shad_sm_t0c0d0_nc,additive_stencil
l_spot_shad_sm_t0c0d0_nc_dtex,additive_stencil
l_spot_shad_sm_t0c0d0n0,additive_stencil
l_spot_shad_sm_t0c0d0n0_dtex,additive_stencil
l_spot_shad_sm_t0c0d0n0_nc,additive_stencil
l_spot_shad_sm_t0c0d0n0_nc_dtex,additive_stencil
l_spot_shad_sm_t0c0n0,additive_stencil
l_spot_shad_sm_t0c0n0_dtex,additive_stencil
l_spot_shad_sm_t0c0n0_nc,additive_stencil
l_spot_shad_sm_t0c0n0_nc_dtex,additive_stencil
l_spot_shad_sm_t0c0n0b1c1_nc,additive_stencil
l_spot_shad_sm_t0c0n0b1c1n1_nc,additive_stencil
l_spot_shad_sm_t0c0n0b1c1n1b2c2n2_nc,additive_stencil
l_spot_shad_sm_t0c0n0t1c1n1_nc,additive_stencil
l_spot_shad_sm_t0c0n0t1c1n1t2c2n2_nc,additive_stencil
l_spot_skin_r0c0,additive_stencil
l_spot_skin_r0c0_dtex,additive_stencil
l_spot_skin_r0c0_nc,additive_stencil
l_spot_skin_r0c0_nc_dtex,additive_stencil
l_spot_skin_r0c0d0,additive_stencil
l_spot_skin_r0c0d0_dtex,additive_stencil
l_spot_skin_r0c0d0_nc,additive_stencil
l_spot_skin_r0c0d0_nc_dtex,additive_stencil
l_spot_skin_r0c0d0n0,additive_stencil
l_spot_skin_r0c0d0n0_dtex,additive_stencil
l_spot_skin_r0c0d0n0_nc,additive_stencil
l_spot_skin_r0c0d0n0_nc_dtex,additive_stencil
l_spot_skin_r0c0n0,additive_stencil
l_spot_skin_r0c0n0_dtex,additive_stencil
l_spot_skin_r0c0n0_nc,additive_stencil
l_spot_skin_r0c0n0_nc_dtex,additive_stencil
l_spot_t0c0,additive_stencil
l_spot_t0c0_dtex,additive_stencil
l_spot_t0c0_nc,additive_stencil
l_spot_t0c0_nc_dtex,additive_stencil
l_spot_t0c0b1c1_nc,additive_stencil
l_spot_t0c0b1c1b2c2_nc,additive_stencil
l_spot_t0c0b1c1n1_nc,additive_stencil
l_spot_t0c0d0,additive_stencil
l_spot_t0c0d0_dtex,additive_stencil
l_spot_t0c0d0_nc,additive_stencil
l_spot_t0c0d0_nc_dtex,additive_stencil
l_spot_t0c0d0n0,additive_stencil
l_spot_t0c0d0n0_dtex,additive_stencil
l_spot_t0c0d0n0_nc,additive_stencil
l_spot_t0c0d0n0_nc_dtex,additive_stencil
l_spot_t0c0n0,additive_stencil
l_spot_t0c0n0_dtex,additive_stencil
l_spot_t0c0n0_nc,additive_stencil
l_spot_t0c0n0_nc_dtex,additive_stencil
l_spot_t0c0n0b1c1_nc,additive_stencil
l_spot_t0c0n0b1c1n1_nc,additive_stencil
l_spot_t0c0n0b1c1n1b2c2n2_nc,additive_stencil
l_spot_t0c0n0t1c1n1_nc,additive_stencil
l_spot_t0c0n0t1c1n1t2c2n2_nc,additive_stencil
l_spot_t0c0t1c1_nc,additive_stencil
l_spot_t0c0t1c1t2c2_nc,additive_stencil
laser,default
lm_a0c0_nc_sm2,default
lm_a0c0_nc_sm3,default
lm_a0c0_sm2,default
lm_a0c0_sm3,default
lm_b0c0_nc_sm2,premulalpha
lm_b0c0_nc_sm3,premulalpha
lm_b0c0_sm2,premulalpha
lm_b0c0_sm3,premulalpha
lm_b0c0a1c1_nc_sm2,premulalpha
lm_b0c0b1c1_nc_sm2,premulalpha
lm_b0c0b1c1_nc_sm3,premulalpha
lm_b0c0b1c1b2c2_nc_sm2,premulalpha
lm_b0c0b1c1n1_nc_sm3,premulalpha
lm_b0c0b1c1n1s1_nc_sm3,premulalpha
lm_b0c0b1c1n1s1b2c2n2s2_nc_sm3,premulalpha
lm_b0c0b1c1n1s1t2c2n2s2_nc_sm3,premulalpha
lm_b0c0b1c1s1_nc_sm3,premulalpha
lm_b0c0b1c1t2c2_nc_sm2,premulalpha
lm_b0c0d0_nc_sm2,premulalpha
lm_b0c0d0_nc_sm3,premulalpha
lm_b0c0d0_sm2,premulalpha
lm_b0c0d0_sm3,premulalpha
lm_b0c0d0b1c1_nc_sm2,premulalpha
lm_b0c0d0n0_nc_sm2,premulalpha
lm_b0c0d0n0_nc_sm3,premulalpha
lm_b0c0d0n0_sm2,premulalpha
lm_b0c0d0n0_sm3,premulalpha
lm_b0c0d0n0b1c1s1_nc_sm3,premulalpha
lm_b0c0d0n0s0_nc_sm3,premulalpha
lm_b0c0d0n0s0_sm3,premulalpha
lm_b0c0d0s0_nc_sm3,premulalpha
lm_b0c0d0s0_sm3,premulalpha
lm_b0c0n0_nc_sm2,premulalpha
lm_b0c0n0_nc_sm3,premulalpha
lm_b0c0n0_sm2,premulalpha
lm_b0c0n0_sm3,premulalpha
lm_b0c0n0b1c1n1s1_nc_sm3,premulalpha
lm_b0c0n0s0_nc_sm3,premulalpha
lm_b0c0n0s0_sm3,premulalpha
lm_b0c0n0s0a1c1_nc_sm3,premulalpha
lm_b0c0n0s0b1c1_nc_sm3,premulalpha
lm_b0c0n0s0b1c1n1_nc_sm3,premulalpha
lm_b0c0n0s0b1c1n1s1_nc_sm3,premulalpha
lm_b0c0n0s0b1c1n1s1b2c2n2s2_nc_sm3,premulalpha
lm_b0c0n0s0b1c1n1s1t2c2n2s2_nc_sm3,premulalpha
lm_b0c0n0s0b1c1s1_nc_sm3,premulalpha
lm_b0c0n0s0t1c1_nc_sm3,premulalpha
lm_b0c0n0s0t1c1n1s1_nc_sm3,premulalpha
lm_b0c0n0s0t1c1n1s1b2c2n2s2_nc_sm3,premulalpha
lm_b0c0n0s0t1c1n1s1t2c2n2s2_nc_sm3,premulalpha
lm_b0c0n0t1c1n1s1_nc_sm3,premulalpha
lm_b0c0s0_nc_sm3,premulalpha
lm_b0c0s0_sm3,premulalpha
lm_b0c0s0b1c1s1_nc_sm3,premulalpha
lm_b0c0s0t1c1n1s1_nc_sm3,premulalpha
lm_b0c0t1c1_nc_sm2,premulalpha
lm_b0c0t1c1b2c2_nc_sm2,premulalpha
lm_b0c0t1c1t2c2_nc_sm2,premulalpha
lm_hsm_omni_a0c0_nc_sm2,default
lm_hsm_omni_a0c0_nc_sm3,default
lm_hsm_omni_a0c0_sm2,default
lm_hsm_omni_a0c0_sm3,default
lm_hsm_omni_b0c0_nc_sm2,premulalpha
lm_hsm_omni_b0c0_nc_sm3,premulalpha
lm_hsm_omni_b0c0_sm2,premulalpha
lm_hsm_omni_b0c0_sm3,premulalpha
lm_hsm_omni_b0c0b1c1_nc_sm3,premulalpha
lm_hsm_omni_b0c0b1c1n1_nc_sm3,premulalpha
lm_hsm_omni_b0c0b1c1n1s1_nc_sm3,premulalpha
lm_hsm_omni_b0c0b1c1n1s1b2c2n2s2_nc_sm3,premulalpha
lm_hsm_omni_b0c0b1c1n1s1t2c2n2s2_nc_sm3,premulalpha
lm_hsm_omni_b0c0b1c1s1_nc_sm3,premulalpha
lm_hsm_omni_b0c0d0_nc_sm2,premulalpha
lm_hsm_omni_b0c0d0_nc_sm3,premulalpha
lm_hsm_omni_b0c0d0_sm2,premulalpha
lm_hsm_omni_b0c0d0_sm3,premulalpha
lm_hsm_omni_b0c0d0n0_nc_sm2,premulalpha
lm_hsm_omni_b0c0d0n0_nc_sm3,premulalpha
lm_hsm_omni_b0c0d0n0_sm2,premulalpha
lm_hsm_omni_b0c0d0n0_sm3,premulalpha
lm_hsm_omni_b0c0d0n0b1c1s1_nc_sm3,premulalpha
lm_hsm_omni_b0c0d0n0s0_nc_sm3,premulalpha
lm_hsm_omni_b0c0d0n0s0_sm3,premulalpha
lm_hsm_omni_b0c0d0s0_nc_sm3,premulalpha
lm_hsm_omni_b0c0d0s0_sm3,premulalpha
lm_hsm_omni_b0c0n0_nc_sm2,premulalpha
lm_hsm_omni_b0c0n0_nc_sm3,premulalpha
lm_hsm_omni_b0c0n0_sm2,premulalpha
lm_hsm_omni_b0c0n0_sm3,premulalpha
lm_hsm_omni_b0c0n0b1c1n1s1_nc_sm3,premulalpha
lm_hsm_omni_b0c0n0s0_nc_sm3,premulalpha
lm_hsm_omni_b0c0n0s0_sm3,premulalpha
lm_hsm_omni_b0c0n0s0a1c1_nc_sm3,premulalpha
lm_hsm_omni_b0c0n0s0b1c1_nc_sm3,premulalpha
lm_hsm_omni_b0c0n0s0b1c1n1_nc_sm3,premulalpha
lm_hsm_omni_b0c0n0s0b1c1n1s1_nc_sm3,premulalpha
lm_hsm_omni_b0c0n0s0b1c1n1s1b2c2n2s2_nc_sm3,premulalpha
lm_hsm_omni_b0c0n0s0b1c1n1s1t2c2n2s2_nc_sm3,premulalpha
lm_hsm_omni_b0c0n0s0b1c1s1_nc_sm3,premulalpha
lm_hsm_omni_b0c0n0s0t1c1_nc_sm3,premulalpha
lm_hsm_omni_b0c0n0s0t1c1n1s1_nc_sm3,premulalpha
lm_hsm_omni_b0c0n0s0t1c1n1s1b2c2n2s2_nc_sm3,premulalpha
lm_hsm_omni_b0c0n0s0t1c1n1s1t2c2n2s2_nc_sm3,premulalpha
lm_hsm_omni_b0c0n0t1c1n1s1_nc_sm3,premulalpha
lm_hsm_omni_b0c0s0_nc_sm3,premulalpha
lm_hsm_omni_b0c0s0_sm3,premulalpha
lm_hsm_omni_b0c0s0b1c1s1_nc_sm3,premulalpha
lm_hsm_omni_b0c0s0t1c1n1s1_nc_sm3,premulalpha
lm_hsm_omni_r0c0_nc_sm2,default
lm_hsm_omni_r0c0_nc_sm3,default
lm_hsm_omni_r0c0_sm2,default
lm_hsm_omni_r0c0_sm3,default
lm_hsm_omni_r0c0a1c1_nc_sm3,default
lm_hsm_omni_r0c0b1c1_nc_sm3,default
lm_hsm_omni_r0c0b1c1m2c2_nc_sm3,default
lm_hsm_omni_r0c0b1c1m2c2m3c3_nc_sm3,default
lm_hsm_omni_r0c0b1c1n1_nc_sm3,default
lm_hsm_omni_r0c0b1c1n1s1_nc_sm3,default
lm_hsm_omni_r0c0b1c1n1s1b2c2_nc_sm3,default
lm_hsm_omni_r0c0b1c1n1s1m2c2_nc_sm3,default
lm_hsm_omni_r0c0b1c1s1_nc_sm3,default
lm_hsm_omni_r0c0d0_nc_sm2,default
lm_hsm_omni_r0c0d0_nc_sm3,default
lm_hsm_omni_r0c0d0_sm2,default
lm_hsm_omni_r0c0d0_sm3,default
lm_hsm_omni_r0c0d0n0_nc_sm2,default
lm_hsm_omni_r0c0d0n0_nc_sm3,default
lm_hsm_omni_r0c0d0n0_sm2,default
lm_hsm_omni_r0c0d0n0_sm3,default
lm_hsm_omni_r0c0d0n0s0_nc_sm3,default
lm_hsm_omni_r0c0d0n0s0_sm3,default
lm_hsm_omni_r0c0d0n0s0b1c1_nc_sm3,default
lm_hsm_omni_r0c0d0n0s0b1c1b2c2_nc_sm3,default
lm_hsm_omni_r0c0d0n0s0b1c1b2c2d2n2_nc_sm3,default
lm_hsm_omni_r0c0d0n0s0b1c1b2c2n2_nc_sm3,default
lm_hsm_omni_r0c0d0n0s0b1c1b2c2n2s2_nc_sm3,default
lm_hsm_omni_r0c0d0n0s0b1c1b2c2n2s2m3c3_nc_sm3,default
lm_hsm_omni_r0c0d0n0s0b1c1d1n1_nc_sm3,default
lm_hsm_omni_r0c0d0n0s0b1c1d1n1b2c2_nc_sm3,default
lm_hsm_omni_r0c0d0n0s0b1c1d1n1b2c2n2_nc_sm3,default
lm_hsm_omni_r0c0d0n0s0b1c1d1n1b2c2n2s2_nc_sm3,default
lm_hsm_omni_r0c0d0n0s0b1c1d1n1m2c2_nc_sm3,default
lm_hsm_omni_r0c0d0n0s0b1c1d1n1m2c2m3c3_nc_sm3,default
lm_hsm_omni_r0c0d0n0s0b1c1d1n1s1_nc_sm3,default
lm_hsm_omni_r0c0d0n0s0b1c1d1n1s1b2c2n2_nc_sm3,default
lm_hsm_omni_r0c0d0n0s0b1c1m2c2_nc_sm3,default
lm_hsm_omni_r0c0d0n0s0b1c1n1_nc_sm3,default
lm_hsm_omni_r0c0d0n0s0b1c1n1b2c2n2_nc_sm3,default
lm_hsm_omni_r0c0d0n0s0b1c1n1b2c2n2s2_nc_sm3,default
lm_hsm_omni_r0c0d0n0s0b1c1n1m2c2_nc_sm3,default
lm_hsm_omni_r0c0d0n0s0b1c1n1m2c2m3c3_nc_sm3,default
lm_hsm_omni_r0c0d0n0s0b1c1n1m2c2m3c3m4c4_nc_sm3,default
lm_hsm_omni_r0c0d0n0s0b1c1n1s1_nc_sm3,default
lm_hsm_omni_r0c0d0n0s0b1c1n1s1b2c2_nc_sm3,default
lm_hsm_omni_r0c0d0n0s0b1c1n1s1b2c2n2_nc_sm3,default
lm_hsm_omni_r0c0d0n0s0b1c1n1s1b2c2n2s2_nc_sm3,default
lm_hsm_omni_r0c0d0n0s0b1c1n1s1b2c2s2_nc_sm3,default
lm_hsm_omni_r0c0d0n0s0b1c1n1s1m2c2_nc_sm3,default
lm_hsm_omni_r0c0d0n0s0b1c1n1s1m2c2m3c3_nc_sm3,default
lm_hsm_omni_r0c0d0n0s0b1c1n1s1m2c2m3c3m4c4_nc_sm3,default
lm_hsm_omni_r0c0d0n0s0b1c1n1s1t2c2n2s2_nc_sm3,default
lm_hsm_omni_r0c0d0n0s0b1c1s1_nc_sm3,default
lm_hsm_omni_r0c0d0n0s0b1c1s1m2c2_nc_sm3,default
lm_hsm_omni_r0c0d0n0s0m1c1_nc_sm3,default
lm_hsm_omni_r0c0d0n0s0m1c1b2c2n2_nc_sm3,default
lm_hsm_omni_r0c0d0n0s0m1c1m2c2_nc_sm3,default
lm_hsm_omni_r0c0d0n0s0m1c1m2c2m3c3_nc_sm3,default
lm_hsm_omni_r0c0d0n0s0m1c1t2c2n2s2_nc_sm3,default
lm_hsm_omni_r0c0d0n0s0t1c1_nc_sm3,default
lm_hsm_omni_r0c0d0n0s0t1c1n1b2c2n2s2_nc_sm3,default
lm_hsm_omni_r0c0d0n0s0t1c1n1s1_nc_sm3,default
lm_hsm_omni_r0c0d0n0s0t1c1n1s1m2c2_nc_sm3,default
lm_hsm_omni_r0c0d0s0_nc_sm3,default
lm_hsm_omni_r0c0d0s0_sm3,default
lm_hsm_omni_r0c0m1c1_nc_sm3,default
lm_hsm_omni_r0c0m1c1m2c2_nc_sm3,default
lm_hsm_omni_r0c0m1c1m2c2m3c3_nc_sm3,default
lm_hsm_omni_r0c0n0_nc_sm2,default
lm_hsm_omni_r0c0n0_nc_sm3,default
lm_hsm_omni_r0c0n0_sm2,default
lm_hsm_omni_r0c0n0_sm3,default
lm_hsm_omni_r0c0n0b1c1_nc_sm3,default
lm_hsm_omni_r0c0n0b1c1b2c2n2_nc_sm3,default
lm_hsm_omni_r0c0n0b1c1d1n1_nc_sm3,default
lm_hsm_omni_r0c0n0b1c1d1n1m2c2_nc_sm3,default
lm_hsm_omni_r0c0n0b1c1m2c2_nc_sm3,default
lm_hsm_omni_r0c0n0b1c1n1_nc_sm3,default
lm_hsm_omni_r0c0n0b1c1n1b2c2n2_nc_sm3,default
lm_hsm_omni_r0c0n0b1c1n1b2c2n2s2_nc_sm3,default
lm_hsm_omni_r0c0n0b1c1n1m2c2_nc_sm3,default
lm_hsm_omni_r0c0n0b1c1n1m2c2m3c3_nc_sm3,default
lm_hsm_omni_r0c0n0b1c1n1s1_nc_sm3,default
lm_hsm_omni_r0c0n0b1c1n1s1b2c2n2_nc_sm3,default
lm_hsm_omni_r0c0n0b1c1n1s1b2c2n2s2_nc_sm3,default
lm_hsm_omni_r0c0n0b1c1n1s1m2c2_nc_sm3,default
lm_hsm_omni_r0c0n0b1c1s1_nc_sm3,default
lm_hsm_omni_r0c0n0m1c1_nc_sm3,default
lm_hsm_omni_r0c0n0m1c1m2c2_nc_sm3,default
lm_hsm_omni_r0c0n0s0_nc_sm3,default
lm_hsm_omni_r0c0n0s0_sm3,default
lm_hsm_omni_r0c0n0s0a1c1_nc_sm3,default
lm_hsm_omni_r0c0n0s0b1c1_nc_sm3,default
lm_hsm_omni_r0c0n0s0b1c1b2c2_nc_sm3,default
lm_hsm_omni_r0c0n0s0b1c1b2c2b3c3_nc_sm3,default
lm_hsm_omni_r0c0n0s0b1c1b2c2b3c3s3_nc_sm3,default
lm_hsm_omni_r0c0n0s0b1c1b2c2d2n2b3c3_nc_sm3,default
lm_hsm_omni_r0c0n0s0b1c1b2c2d2n2m3c3_nc_sm3,default
lm_hsm_omni_r0c0n0s0b1c1b2c2m3c3_nc_sm3,default
lm_hsm_omni_r0c0n0s0b1c1b2c2m3c3m4c4_nc_sm3,default
lm_hsm_omni_r0c0n0s0b1c1b2c2n2_nc_sm3,default
lm_hsm_omni_r0c0n0s0b1c1b2c2n2m3c3_nc_sm3,default
lm_hsm_omni_r0c0n0s0b1c1b2c2n2s2_nc_sm3,default
lm_hsm_omni_r0c0n0s0b1c1b2c2n2s2m3c3_nc_sm3,default
lm_hsm_omni_r0c0n0s0b1c1b2c2s2_nc_sm3,default
lm_hsm_omni_r0c0n0s0b1c1b2c2s2m3c3_nc_sm3,default
lm_hsm_omni_r0c0n0s0b1c1d1n1_nc_sm3,default
lm_hsm_omni_r0c0n0s0b1c1d1n1b2c2_nc_sm3,default
lm_hsm_omni_r0c0n0s0b1c1d1n1b2c2n2_nc_sm3,default
lm_hsm_omni_r0c0n0s0b1c1d1n1b2c2n2s2_nc_sm3,default
lm_hsm_omni_r0c0n0s0b1c1d1n1b2c2s2_nc_sm3,default
lm_hsm_omni_r0c0n0s0b1c1d1n1m2c2_nc_sm3,default
lm_hsm_omni_r0c0n0s0b1c1d1n1m2c2m3c3_nc_sm3,default
lm_hsm_omni_r0c0n0s0b1c1d1n1s1_nc_sm3,default
lm_hsm_omni_r0c0n0s0b1c1d1n1s1b2c2d2n2_nc_sm3,default
lm_hsm_omni_r0c0n0s0b1c1d1n1s1b2c2n2_nc_sm3,default
lm_hsm_omni_r0c0n0s0b1c1d1n1s1b2c2n2s2_nc_sm3,default
lm_hsm_omni_r0c0n0s0b1c1d1n1s1m2c2_nc_sm3,default
lm_hsm_omni_r0c0n0s0b1c1d1n1s1t2c2n2s2_nc_sm3,default
lm_hsm_omni_r0c0n0s0b1c1m2c2_nc_sm3,default
lm_hsm_omni_r0c0n0s0b1c1m2c2m3c3_nc_sm3,default
lm_hsm_omni_r0c0n0s0b1c1m2c2m3c3m4c4_nc_sm3,default
lm_hsm_omni_r0c0n0s0b1c1n1_nc_sm3,default
lm_hsm_omni_r0c0n0s0b1c1n1b2c2n2_nc_sm3,default
lm_hsm_omni_r0c0n0s0b1c1n1b2c2n2s2_nc_sm3,default
lm_hsm_omni_r0c0n0s0b1c1n1b2c2s2m3c3_nc_sm3,default
lm_hsm_omni_r0c0n0s0b1c1n1m2c2_nc_sm3,default
lm_hsm_omni_r0c0n0s0b1c1n1m2c2m3c3_nc_sm3,default
lm_hsm_omni_r0c0n0s0b1c1n1s1_nc_sm3,default
lm_hsm_omni_r0c0n0s0b1c1n1s1a2c2_nc_sm3,default
lm_hsm_omni_r0c0n0s0b1c1n1s1b2c2_nc_sm3,default
lm_hsm_omni_r0c0n0s0b1c1n1s1b2c2b3c3_nc_sm3,default
lm_hsm_omni_r0c0n0s0b1c1n1s1b2c2d2n2_nc_sm3,default
lm_hsm_omni_r0c0n0s0b1c1n1s1b2c2m3c3_nc_sm3,default
lm_hsm_omni_r0c0n0s0b1c1n1s1b2c2n2_nc_sm3,default
lm_hsm_omni_r0c0n0s0b1c1n1s1b2c2n2s2_nc_sm3,default
lm_hsm_omni_r0c0n0s0b1c1n1s1b2c2s2_nc_sm3,default
lm_hsm_omni_r0c0n0s0b1c1n1s1b2c2s2b3c3s3_nc_sm3,default
lm_hsm_omni_r0c0n0s0b1c1n1s1b2c2s2m3c3_nc_sm3,default
lm_hsm_omni_r0c0n0s0b1c1n1s1m2c2_nc_sm3,default
lm_hsm_omni_r0c0n0s0b1c1n1s1m2c2m3c3_nc_sm3,default
lm_hsm_omni_r0c0n0s0b1c1n1s1m2c2m3c3m4c4_nc_sm3,default
lm_hsm_omni_r0c0n0s0b1c1n1s1t2c2_nc_sm3,default
lm_hsm_omni_r0c0n0s0b1c1n1s1t2c2m3c3_nc_sm3,default
lm_hsm_omni_r0c0n0s0b1c1n1s1t2c2n2_nc_sm3,default
lm_hsm_omni_r0c0n0s0b1c1n1s1t2c2n2s2_nc_sm3,default
lm_hsm_omni_r0c0n0s0b1c1n1t2c2n2s2_nc_sm3,default
lm_hsm_omni_r0c0n0s0b1c1s1_nc_sm3,default
lm_hsm_omni_r0c0n0s0b1c1s1b2c2n2s2_nc_sm3,default
lm_hsm_omni_r0c0n0s0b1c1s1b2c2s2_nc_sm3,default
lm_hsm_omni_r0c0n0s0b1c1s1m2c2_nc_sm3,default
lm_hsm_omni_r0c0n0s0b1c1s1m2c2m3c3_nc_sm3,default
lm_hsm_omni_r0c0n0s0b1c1s1m2c2m3c3m4c4_nc_sm3,default
lm_hsm_omni_r0c0n0s0b1c1s1t2c2n2s2_nc_sm3,default
lm_hsm_omni_r0c0n0s0b1c1t2c2n2s2_nc_sm3,default
lm_hsm_omni_r0c0n0s0m1c1_nc_sm3,default
lm_hsm_omni_r0c0n0s0m1c1b2c2_nc_sm3,default
lm_hsm_omni_r0c0n0s0m1c1b2c2n2_nc_sm3,default
lm_hsm_omni_r0c0n0s0m1c1b2c2n2s2_nc_sm3,default
lm_hsm_omni_r0c0n0s0m1c1b2c2n2s2m3c3_nc_sm3,default
lm_hsm_omni_r0c0n0s0m1c1b2c2s2_nc_sm3,default
lm_hsm_omni_r0c0n0s0m1c1m2c2_nc_sm3,default
lm_hsm_omni_r0c0n0s0m1c1m2c2m3c3_nc_sm3,default
lm_hsm_omni_r0c0n0s0m1c1m2c2m3c3m4c4_nc_sm3,default
lm_hsm_omni_r0c0n0s0m1c1t2c2n2s2_nc_sm3,default
lm_hsm_omni_r0c0n0s0t1c1_nc_sm3,default
lm_hsm_omni_r0c0n0s0t1c1b2c2n2_nc_sm3,default
lm_hsm_omni_r0c0n0s0t1c1b2c2n2m3c3_nc_sm3,default
lm_hsm_omni_r0c0n0s0t1c1b2c2n2s2_nc_sm3,default
lm_hsm_omni_r0c0n0s0t1c1b2c2n2s2m3c3_nc_sm3,default
lm_hsm_omni_r0c0n0s0t1c1m2c2_nc_sm3,default
lm_hsm_omni_r0c0n0s0t1c1m2c2m3c3_nc_sm3,default
lm_hsm_omni_r0c0n0s0t1c1n1_nc_sm3,default
lm_hsm_omni_r0c0n0s0t1c1n1b2c2_nc_sm3,default
lm_hsm_omni_r0c0n0s0t1c1n1b2c2d2n2_nc_sm3,default
lm_hsm_omni_r0c0n0s0t1c1n1b2c2n2_nc_sm3,default
lm_hsm_omni_r0c0n0s0t1c1n1b2c2n2s2_nc_sm3,default
lm_hsm_omni_r0c0n0s0t1c1n1m2c2_nc_sm3,default
lm_hsm_omni_r0c0n0s0t1c1n1m2c2m3c3_nc_sm3,default
lm_hsm_omni_r0c0n0s0t1c1n1s1_nc_sm3,default
lm_hsm_omni_r0c0n0s0t1c1n1s1b2c2_nc_sm3,default
lm_hsm_omni_r0c0n0s0t1c1n1s1b2c2d2n2_nc_sm3,default
lm_hsm_omni_r0c0n0s0t1c1n1s1b2c2n2_nc_sm3,default
lm_hsm_omni_r0c0n0s0t1c1n1s1b2c2n2s2_nc_sm3,default
lm_hsm_omni_r0c0n0s0t1c1n1s1m2c2_nc_sm3,default
lm_hsm_omni_r0c0n0s0t1c1n1s1m2c2m3c3_nc_sm3,default
lm_hsm_omni_r0c0n0s0t1c1n1s1t2c2n2s2_nc_sm3,default
lm_hsm_omni_r0c0n0s0t1c1n1t2c2n2s2_nc_sm3,default
lm_hsm_omni_r0c0n0t1c1_nc_sm3,default
lm_hsm_omni_r0c0n0t1c1b2c2n2s2_nc_sm3,default
lm_hsm_omni_r0c0n0t1c1n1_nc_sm3,default
lm_hsm_omni_r0c0n0t1c1n1s1_nc_sm3,default
lm_hsm_omni_r0c0n0t1c1n1s1m2c2_nc_sm3,default
lm_hsm_omni_r0c0s0_nc_sm3,default
lm_hsm_omni_r0c0s0_sm3,default
lm_hsm_omni_r0c0s0a1c1_nc_sm3,default
lm_hsm_omni_r0c0s0b1c1_nc_sm3,default
lm_hsm_omni_r0c0s0b1c1b2c2_nc_sm3,default
lm_hsm_omni_r0c0s0b1c1b2c2m3c3_nc_sm3,default
lm_hsm_omni_r0c0s0b1c1b2c2n2_nc_sm3,default
lm_hsm_omni_r0c0s0b1c1b2c2n2m3c3_nc_sm3,default
lm_hsm_omni_r0c0s0b1c1b2c2n2s2_nc_sm3,default
lm_hsm_omni_r0c0s0b1c1b2c2s2_nc_sm3,default
lm_hsm_omni_r0c0s0b1c1m2c2_nc_sm3,default
lm_hsm_omni_r0c0s0b1c1m2c2m3c3_nc_sm3,default
lm_hsm_omni_r0c0s0b1c1n1_nc_sm3,default
lm_hsm_omni_r0c0s0b1c1n1m2c2_nc_sm3,default
lm_hsm_omni_r0c0s0b1c1n1m2c2m3c3_nc_sm3,default
lm_hsm_omni_r0c0s0b1c1n1s1_nc_sm3,default
lm_hsm_omni_r0c0s0b1c1n1s1b2c2_nc_sm3,default
lm_hsm_omni_r0c0s0b1c1n1s1b2c2n2_nc_sm3,default
lm_hsm_omni_r0c0s0b1c1n1s1b2c2n2m3c3_nc_sm3,default
lm_hsm_omni_r0c0s0b1c1n1s1b2c2n2m3c3m4c4_nc_sm3,default
lm_hsm_omni_r0c0s0b1c1n1s1b2c2n2s2_nc_sm3,default
lm_hsm_omni_r0c0s0b1c1n1s1b2c2n2s2m3c3_nc_sm3,default
lm_hsm_omni_r0c0s0b1c1n1s1b2c2n2s2m3c3m4c4_nc_sm3,default
lm_hsm_omni_r0c0s0b1c1n1s1m2c2_nc_sm3,default
lm_hsm_omni_r0c0s0b1c1n1s1m2c2m3c3_nc_sm3,default
lm_hsm_omni_r0c0s0b1c1n1s1t2c2_nc_sm3,default
lm_hsm_omni_r0c0s0b1c1n1s1t2c2n2s2_nc_sm3,default
lm_hsm_omni_r0c0s0b1c1s1_nc_sm3,default
lm_hsm_omni_r0c0s0b1c1s1m2c2_nc_sm3,default
lm_hsm_omni_r0c0s0b1c1s1m2c2m3c3_nc_sm3,default
lm_hsm_omni_r0c0s0b1c1s1t2c2n2s2_nc_sm3,default
lm_hsm_omni_r0c0s0m1c1_nc_sm3,default
lm_hsm_omni_r0c0s0m1c1b2c2n2s2_nc_sm3,default
lm_hsm_omni_r0c0s0m1c1m2c2_nc_sm3,default
lm_hsm_omni_r0c0s0m1c1m2c2m3c3_nc_sm3,default
lm_hsm_omni_r0c0s0m1c1t2c2n2s2_nc_sm3,default
lm_hsm_omni_r0c0s0t1c1_nc_sm3,default
lm_hsm_omni_r0c0s0t1c1b2c2n2s2_nc_sm3,default
lm_hsm_omni_r0c0s0t1c1m2c2_nc_sm3,default
lm_hsm_omni_r0c0s0t1c1n1_nc_sm3,default
lm_hsm_omni_r0c0s0t1c1n1m2c2_nc_sm3,default
lm_hsm_omni_r0c0s0t1c1n1s1_nc_sm3,default
lm_hsm_omni_r0c0s0t1c1n1s1b2c2_nc_sm3,default
lm_hsm_omni_r0c0s0t1c1n1s1b2c2n2_nc_sm3,default
lm_hsm_omni_r0c0s0t1c1n1s1b2c2n2s2_nc_sm3,default
lm_hsm_omni_r0c0s0t1c1n1s1m2c2_nc_sm3,default
lm_hsm_omni_r0c0t1c1_nc_sm3,default
lm_hsm_omni_r0c0t1c1m2c2_nc_sm3,default
lm_hsm_omni_r0c0t1c1m2c2m3c3_nc_sm3,default
lm_hsm_omni_r0c0t1c1n1_nc_sm3,default
lm_hsm_omni_r0c0t1c1n1m2c2_nc_sm3,default
lm_hsm_omni_r0c0t1c1n1s1_nc_sm3,default
lm_hsm_omni_t0c0_nc_sm2,default
lm_hsm_omni_t0c0_nc_sm3,default
lm_hsm_omni_t0c0_sm2,default
lm_hsm_omni_t0c0_sm3,default
lm_hsm_omni_t0c0b1c1n1_nc_sm3,premulalpha
lm_hsm_omni_t0c0b1c1s1_nc_sm3,premulalpha
lm_hsm_omni_t0c0d0_nc_sm2,default
lm_hsm_omni_t0c0d0_nc_sm3,default
lm_hsm_omni_t0c0d0_sm2,default
lm_hsm_omni_t0c0d0_sm3,default
lm_hsm_omni_t0c0d0n0_nc_sm2,default
lm_hsm_omni_t0c0d0n0_nc_sm3,default
lm_hsm_omni_t0c0d0n0_sm2,default
lm_hsm_omni_t0c0d0n0_sm3,default
lm_hsm_omni_t0c0d0n0s0_nc_sm3,default
lm_hsm_omni_t0c0d0n0s0_sm3,default
lm_hsm_omni_t0c0d0s0_nc_sm3,default
lm_hsm_omni_t0c0d0s0_sm3,default
lm_hsm_omni_t0c0n0_nc_sm2,default
lm_hsm_omni_t0c0n0_nc_sm3,default
lm_hsm_omni_t0c0n0_sm2,default
lm_hsm_omni_t0c0n0_sm3,default
lm_hsm_omni_t0c0n0s0_nc_sm3,default
lm_hsm_omni_t0c0n0s0_sm3,default
lm_hsm_omni_t0c0n0s0b1c1_nc_sm3,premulalpha
lm_hsm_omni_t0c0n0s0b1c1n1s1_nc_sm3,premulalpha
lm_hsm_omni_t0c0n0s0b1c1n1s1b2c2n2s2_nc_sm3,premulalpha
lm_hsm_omni_t0c0n0s0t1c1n1s1_nc_sm3,default
lm_hsm_omni_t0c0n0s0t1c1n1s1t2c2n2s2_nc_sm3,default
lm_hsm_omni_t0c0n0t1c1n1_nc_sm3,default
lm_hsm_omni_t0c0s0_nc_sm3,default
lm_hsm_omni_t0c0s0_sm3,default
lm_hsm_spot_a0c0_nc_sm2,default
lm_hsm_spot_a0c0_nc_sm3,default
lm_hsm_spot_a0c0_sm2,default
lm_hsm_spot_a0c0_sm3,default
lm_hsm_spot_b0c0_nc_sm2,premulalpha
lm_hsm_spot_b0c0_nc_sm3,premulalpha
lm_hsm_spot_b0c0_sm2,premulalpha
lm_hsm_spot_b0c0_sm3,premulalpha
lm_hsm_spot_b0c0b1c1_nc_sm3,premulalpha
lm_hsm_spot_b0c0b1c1n1_nc_sm3,premulalpha
lm_hsm_spot_b0c0b1c1n1s1_nc_sm3,premulalpha
lm_hsm_spot_b0c0b1c1n1s1b2c2n2s2_nc_sm3,premulalpha
lm_hsm_spot_b0c0b1c1n1s1t2c2n2s2_nc_sm3,premulalpha
lm_hsm_spot_b0c0b1c1s1_nc_sm3,premulalpha
lm_hsm_spot_b0c0d0_nc_sm2,premulalpha
lm_hsm_spot_b0c0d0_nc_sm3,premulalpha
lm_hsm_spot_b0c0d0_sm2,premulalpha
lm_hsm_spot_b0c0d0_sm3,premulalpha
lm_hsm_spot_b0c0d0n0_nc_sm2,premulalpha
lm_hsm_spot_b0c0d0n0_nc_sm3,premulalpha
lm_hsm_spot_b0c0d0n0_sm2,premulalpha
lm_hsm_spot_b0c0d0n0_sm3,premulalpha
lm_hsm_spot_b0c0d0n0b1c1s1_nc_sm3,premulalpha
lm_hsm_spot_b0c0d0n0s0_nc_sm3,premulalpha
lm_hsm_spot_b0c0d0n0s0_sm3,premulalpha
lm_hsm_spot_b0c0d0s0_nc_sm3,premulalpha
lm_hsm_spot_b0c0d0s0_sm3,premulalpha
lm_hsm_spot_b0c0n0_nc_sm2,premulalpha
lm_hsm_spot_b0c0n0_nc_sm3,premulalpha
lm_hsm_spot_b0c0n0_sm2,premulalpha
lm_hsm_spot_b0c0n0_sm3,premulalpha
lm_hsm_spot_b0c0n0b1c1n1s1_nc_sm3,premulalpha
lm_hsm_spot_b0c0n0s0_nc_sm3,premulalpha
lm_hsm_spot_b0c0n0s0_sm3,premulalpha
lm_hsm_spot_b0c0n0s0a1c1_nc_sm3,premulalpha
lm_hsm_spot_b0c0n0s0b1c1_nc_sm3,premulalpha
lm_hsm_spot_b0c0n0s0b1c1n1_nc_sm3,premulalpha
lm_hsm_spot_b0c0n0s0b1c1n1s1_nc_sm3,premulalpha
lm_hsm_spot_b0c0n0s0b1c1n1s1b2c2n2s2_nc_sm3,premulalpha
lm_hsm_spot_b0c0n0s0b1c1n1s1t2c2n2s2_nc_sm3,premulalpha
lm_hsm_spot_b0c0n0s0b1c1s1_nc_sm3,premulalpha
lm_hsm_spot_b0c0n0s0t1c1_nc_sm3,premulalpha
lm_hsm_spot_b0c0n0s0t1c1n1s1_nc_sm3,premulalpha
lm_hsm_spot_b0c0n0s0t1c1n1s1b2c2n2s2_nc_sm3,premulalpha
lm_hsm_spot_b0c0n0s0t1c1n1s1t2c2n2s2_nc_sm3,premulalpha
lm_hsm_spot_b0c0n0t1c1n1s1_nc_sm3,premulalpha
lm_hsm_spot_b0c0s0_nc_sm3,premulalpha
lm_hsm_spot_b0c0s0_sm3,premulalpha
lm_hsm_spot_b0c0s0b1c1s1_nc_sm3,premulalpha
lm_hsm_spot_b0c0s0t1c1n1s1_nc_sm3,premulalpha
lm_hsm_spot_r0c0_nc_sm2,default
lm_hsm_spot_r0c0_nc_sm3,default
lm_hsm_spot_r0c0_sm2,default
lm_hsm_spot_r0c0_sm3,default
lm_hsm_spot_r0c0a1c1_nc_sm3,default
lm_hsm_spot_r0c0b1c1_nc_sm3,default
lm_hsm_spot_r0c0b1c1m2c2_nc_sm3,default
lm_hsm_spot_r0c0b1c1m2c2m3c3_nc_sm3,default
lm_hsm_spot_r0c0b1c1n1_nc_sm3,default
lm_hsm_spot_r0c0b1c1n1s1_nc_sm3,default
lm_hsm_spot_r0c0b1c1n1s1b2c2_nc_sm3,default
lm_hsm_spot_r0c0b1c1n1s1m2c2_nc_sm3,default
lm_hsm_spot_r0c0b1c1s1_nc_sm3,default
lm_hsm_spot_r0c0d0_nc_sm2,default
lm_hsm_spot_r0c0d0_nc_sm3,default
lm_hsm_spot_r0c0d0_sm2,default
lm_hsm_spot_r0c0d0_sm3,default
lm_hsm_spot_r0c0d0n0_nc_sm2,default
lm_hsm_spot_r0c0d0n0_nc_sm3,default
lm_hsm_spot_r0c0d0n0_sm2,default
lm_hsm_spot_r0c0d0n0_sm3,default
lm_hsm_spot_r0c0d0n0s0_nc_sm3,default
lm_hsm_spot_r0c0d0n0s0_sm3,default
lm_hsm_spot_r0c0d0n0s0b1c1_nc_sm3,default
lm_hsm_spot_r0c0d0n0s0b1c1b2c2_nc_sm3,default
lm_hsm_spot_r0c0d0n0s0b1c1b2c2d2n2_nc_sm3,default
lm_hsm_spot_r0c0d0n0s0b1c1b2c2n2_nc_sm3,default
lm_hsm_spot_r0c0d0n0s0b1c1b2c2n2s2_nc_sm3,default
lm_hsm_spot_r0c0d0n0s0b1c1b2c2n2s2m3c3_nc_sm3,default
lm_hsm_spot_r0c0d0n0s0b1c1d1n1_nc_sm3,default
lm_hsm_spot_r0c0d0n0s0b1c1d1n1b2c2_nc_sm3,default
lm_hsm_spot_r0c0d0n0s0b1c1d1n1b2c2n2_nc_sm3,default
lm_hsm_spot_r0c0d0n0s0b1c1d1n1b2c2n2s2_nc_sm3,default
lm_hsm_spot_r0c0d0n0s0b1c1d1n1m2c2_nc_sm3,default
lm_hsm_spot_r0c0d0n0s0b1c1d1n1m2c2m3c3_nc_sm3,default
lm_hsm_spot_r0c0d0n0s0b1c1d1n1s1_nc_sm3,default
lm_hsm_spot_r0c0d0n0s0b1c1d1n1s1b2c2n2_nc_sm3,default
lm_hsm_spot_r0c0d0n0s0b1c1m2c2_nc_sm3,default
lm_hsm_spot_r0c0d0n0s0b1c1n1_nc_sm3,default
lm_hsm_spot_r0c0d0n0s0b1c1n1b2c2n2_nc_sm3,default
lm_hsm_spot_r0c0d0n0s0b1c1n1b2c2n2s2_nc_sm3,default
lm_hsm_spot_r0c0d0n0s0b1c1n1m2c2_nc_sm3,default
lm_hsm_spot_r0c0d0n0s0b1c1n1m2c2m3c3_nc_sm3,default
lm_hsm_spot_r0c0d0n0s0b1c1n1m2c2m3c3m4c4_nc_sm3,default
lm_hsm_spot_r0c0d0n0s0b1c1n1s1_nc_sm3,default
lm_hsm_spot_r0c0d0n0s0b1c1n1s1b2c2_nc_sm3,default
lm_hsm_spot_r0c0d0n0s0b1c1n1s1b2c2n2_nc_sm3,default
lm_hsm_spot_r0c0d0n0s0b1c1n1s1b2c2n2s2_nc_sm3,default
lm_hsm_spot_r0c0d0n0s0b1c1n1s1b2c2s2_nc_sm3,default
lm_hsm_spot_r0c0d0n0s0b1c1n1s1m2c2_nc_sm3,default
lm_hsm_spot_r0c0d0n0s0b1c1n1s1m2c2m3c3_nc_sm3,default
lm_hsm_spot_r0c0d0n0s0b1c1n1s1m2c2m3c3m4c4_nc_sm3,default
lm_hsm_spot_r0c0d0n0s0b1c1n1s1t2c2n2s2_nc_sm3,default
lm_hsm_spot_r0c0d0n0s0b1c1s1_nc_sm3,default
lm_hsm_spot_r0c0d0n0s0b1c1s1m2c2_nc_sm3,default
lm_hsm_spot_r0c0d0n0s0m1c1_nc_sm3,default
lm_hsm_spot_r0c0d0n0s0m1c1b2c2n2_nc_sm3,default
lm_hsm_spot_r0c0d0n0s0m1c1m2c2_nc_sm3,default
lm_hsm_spot_r0c0d0n0s0m1c1m2c2m3c3_nc_sm3,default
lm_hsm_spot_r0c0d0n0s0m1c1t2c2n2s2_nc_sm3,default
lm_hsm_spot_r0c0d0n0s0t1c1_nc_sm3,default
lm_hsm_spot_r0c0d0n0s0t1c1n1b2c2n2s2_nc_sm3,default
lm_hsm_spot_r0c0d0n0s0t1c1n1s1_nc_sm3,default
lm_hsm_spot_r0c0d0n0s0t1c1n1s1m2c2_nc_sm3,default
lm_hsm_spot_r0c0d0s0_nc_sm3,default
lm_hsm_spot_r0c0d0s0_sm3,default
lm_hsm_spot_r0c0m1c1_nc_sm3,default
lm_hsm_spot_r0c0m1c1m2c2_nc_sm3,default
lm_hsm_spot_r0c0m1c1m2c2m3c3_nc_sm3,default
lm_hsm_spot_r0c0n0_nc_sm2,default
lm_hsm_spot_r0c0n0_nc_sm3,default
lm_hsm_spot_r0c0n0_sm2,default
lm_hsm_spot_r0c0n0_sm3,default
lm_hsm_spot_r0c0n0b1c1_nc_sm3,default
lm_hsm_spot_r0c0n0b1c1b2c2n2_nc_sm3,default
lm_hsm_spot_r0c0n0b1c1d1n1_nc_sm3,default
lm_hsm_spot_r0c0n0b1c1d1n1m2c2_nc_sm3,default
lm_hsm_spot_r0c0n0b1c1m2c2_nc_sm3,default
lm_hsm_spot_r0c0n0b1c1n1_nc_sm3,default
lm_hsm_spot_r0c0n0b1c1n1b2c2n2_nc_sm3,default
lm_hsm_spot_r0c0n0b1c1n1b2c2n2s2_nc_sm3,default
lm_hsm_spot_r0c0n0b1c1n1m2c2_nc_sm3,default
lm_hsm_spot_r0c0n0b1c1n1m2c2m3c3_nc_sm3,default
lm_hsm_spot_r0c0n0b1c1n1s1_nc_sm3,default
lm_hsm_spot_r0c0n0b1c1n1s1b2c2n2_nc_sm3,default
lm_hsm_spot_r0c0n0b1c1n1s1b2c2n2s2_nc_sm3,default
lm_hsm_spot_r0c0n0b1c1n1s1m2c2_nc_sm3,default
lm_hsm_spot_r0c0n0b1c1s1_nc_sm3,default
lm_hsm_spot_r0c0n0m1c1_nc_sm3,default
lm_hsm_spot_r0c0n0m1c1m2c2_nc_sm3,default
lm_hsm_spot_r0c0n0s0_nc_sm3,default
lm_hsm_spot_r0c0n0s0_sm3,default
lm_hsm_spot_r0c0n0s0a1c1_nc_sm3,default
lm_hsm_spot_r0c0n0s0b1c1_nc_sm3,default
lm_hsm_spot_r0c0n0s0b1c1b2c2_nc_sm3,default
lm_hsm_spot_r0c0n0s0b1c1b2c2b3c3_nc_sm3,default
lm_hsm_spot_r0c0n0s0b1c1b2c2b3c3s3_nc_sm3,default
lm_hsm_spot_r0c0n0s0b1c1b2c2d2n2b3c3_nc_sm3,default
lm_hsm_spot_r0c0n0s0b1c1b2c2d2n2m3c3_nc_sm3,default
lm_hsm_spot_r0c0n0s0b1c1b2c2m3c3_nc_sm3,default
lm_hsm_spot_r0c0n0s0b1c1b2c2m3c3m4c4_nc_sm3,default
lm_hsm_spot_r0c0n0s0b1c1b2c2n2_nc_sm3,default
lm_hsm_spot_r0c0n0s0b1c1b2c2n2m3c3_nc_sm3,default
lm_hsm_spot_r0c0n0s0b1c1b2c2n2s2_nc_sm3,default
lm_hsm_spot_r0c0n0s0b1c1b2c2n2s2m3c3_nc_sm3,default
lm_hsm_spot_r0c0n0s0b1c1b2c2s2_nc_sm3,default
lm_hsm_spot_r0c0n0s0b1c1b2c2s2m3c3_nc_sm3,default
lm_hsm_spot_r0c0n0s0b1c1d1n1_nc_sm3,default
lm_hsm_spot_r0c0n0s0b1c1d1n1b2c2_nc_sm3,default
lm_hsm_spot_r0c0n0s0b1c1d1n1b2c2n2_nc_sm3,default
lm_hsm_spot_r0c0n0s0b1c1d1n1b2c2n2s2_nc_sm3,default
lm_hsm_spot_r0c0n0s0b1c1d1n1b2c2s2_nc_sm3,default
lm_hsm_spot_r0c0n0s0b1c1d1n1m2c2_nc_sm3,default
lm_hsm_spot_r0c0n0s0b1c1d1n1m2c2m3c3_nc_sm3,default
lm_hsm_spot_r0c0n0s0b1c1d1n1s1_nc_sm3,default
lm_hsm_spot_r0c0n0s0b1c1d1n1s1b2c2d2n2_nc_sm3,default
lm_hsm_spot_r0c0n0s0b1c1d1n1s1b2c2n2_nc_sm3,default
lm_hsm_spot_r0c0n0s0b1c1d1n1s1b2c2n2s2_nc_sm3,default
lm_hsm_spot_r0c0n0s0b1c1d1n1s1m2c2_nc_sm3,default
lm_hsm_spot_r0c0n0s0b1c1d1n1s1t2c2n2s2_nc_sm3,default
lm_hsm_spot_r0c0n0s0b1c1m2c2_nc_sm3,default
lm_hsm_spot_r0c0n0s0b1c1m2c2m3c3_nc_sm3,default
lm_hsm_spot_r0c0n0s0b1c1m2c2m3c3m4c4_nc_sm3,default
lm_hsm_spot_r0c0n0s0b1c1n1_nc_sm3,default
lm_hsm_spot_r0c0n0s0b1c1n1b2c2n2_nc_sm3,default
lm_hsm_spot_r0c0n0s0b1c1n1b2c2n2s2_nc_sm3,default
lm_hsm_spot_r0c0n0s0b1c1n1b2c2s2m3c3_nc_sm3,default
lm_hsm_spot_r0c0n0s0b1c1n1m2c2_nc_sm3,default
lm_hsm_spot_r0c0n0s0b1c1n1m2c2m3c3_nc_sm3,default
lm_hsm_spot_r0c0n0s0b1c1n1s1_nc_sm3,default
lm_hsm_spot_r0c0n0s0b1c1n1s1a2c2_nc_sm3,default
lm_hsm_spot_r0c0n0s0b1c1n1s1b2c2_nc_sm3,default
lm_hsm_spot_r0c0n0s0b1c1n1s1b2c2b3c3_nc_sm3,default
lm_hsm_spot_r0c0n0s0b1c1n1s1b2c2d2n2_nc_sm3,default
lm_hsm_spot_r0c0n0s0b1c1n1s1b2c2m3c3_nc_sm3,default
lm_hsm_spot_r0c0n0s0b1c1n1s1b2c2n2_nc_sm3,default
lm_hsm_spot_r0c0n0s0b1c1n1s1b2c2n2s2_nc_sm3,default
lm_hsm_spot_r0c0n0s0b1c1n1s1b2c2s2_nc_sm3,default
lm_hsm_spot_r0c0n0s0b1c1n1s1b2c2s2b3c3s3_nc_sm3,default
lm_hsm_spot_r0c0n0s0b1c1n1s1b2c2s2m3c3_nc_sm3,default
lm_hsm_spot_r0c0n0s0b1c1n1s1m2c2_nc_sm3,default
lm_hsm_spot_r0c0n0s0b1c1n1s1m2c2m3c3_nc_sm3,default
lm_hsm_spot_r0c0n0s0b1c1n1s1m2c2m3c3m4c4_nc_sm3,default
lm_hsm_spot_r0c0n0s0b1c1n1s1t2c2_nc_sm3,default
lm_hsm_spot_r0c0n0s0b1c1n1s1t2c2m3c3_nc_sm3,default
lm_hsm_spot_r0c0n0s0b1c1n1s1t2c2n2_nc_sm3,default
lm_hsm_spot_r0c0n0s0b1c1n1s1t2c2n2s2_nc_sm3,default
lm_hsm_spot_r0c0n0s0b1c1n1t2c2n2s2_nc_sm3,default
lm_hsm_spot_r0c0n0s0b1c1s1_nc_sm3,default
lm_hsm_spot_r0c0n0s0b1c1s1b2c2n2s2_nc_sm3,default
lm_hsm_spot_r0c0n0s0b1c1s1b2c2s2_nc_sm3,default
lm_hsm_spot_r0c0n0s0b1c1s1m2c2_nc_sm3,default
lm_hsm_spot_r0c0n0s0b1c1s1m2c2m3c3_nc_sm3,default
lm_hsm_spot_r0c0n0s0b1c1s1m2c2m3c3m4c4_nc_sm3,default
lm_hsm_spot_r0c0n0s0b1c1s1t2c2n2s2_nc_sm3,default
lm_hsm_spot_r0c0n0s0b1c1t2c2n2s2_nc_sm3,default
lm_hsm_spot_r0c0n0s0m1c1_nc_sm3,default
lm_hsm_spot_r0c0n0s0m1c1b2c2_nc_sm3,default
lm_hsm_spot_r0c0n0s0m1c1b2c2n2_nc_sm3,default
lm_hsm_spot_r0c0n0s0m1c1b2c2n2s2_nc_sm3,default
lm_hsm_spot_r0c0n0s0m1c1b2c2n2s2m3c3_nc_sm3,default
lm_hsm_spot_r0c0n0s0m1c1b2c2s2_nc_sm3,default
lm_hsm_spot_r0c0n0s0m1c1m2c2_nc_sm3,default
lm_hsm_spot_r0c0n0s0m1c1m2c2m3c3_nc_sm3,default
lm_hsm_spot_r0c0n0s0m1c1m2c2m3c3m4c4_nc_sm3,default
lm_hsm_spot_r0c0n0s0m1c1t2c2n2s2_nc_sm3,default
lm_hsm_spot_r0c0n0s0t1c1_nc_sm3,default
lm_hsm_spot_r0c0n0s0t1c1b2c2n2_nc_sm3,default
lm_hsm_spot_r0c0n0s0t1c1b2c2n2m3c3_nc_sm3,default
lm_hsm_spot_r0c0n0s0t1c1b2c2n2s2_nc_sm3,default
lm_hsm_spot_r0c0n0s0t1c1b2c2n2s2m3c3_nc_sm3,default
lm_hsm_spot_r0c0n0s0t1c1m2c2_nc_sm3,default
lm_hsm_spot_r0c0n0s0t1c1m2c2m3c3_nc_sm3,default
lm_hsm_spot_r0c0n0s0t1c1n1_nc_sm3,default
lm_hsm_spot_r0c0n0s0t1c1n1b2c2_nc_sm3,default
lm_hsm_spot_r0c0n0s0t1c1n1b2c2d2n2_nc_sm3,default
lm_hsm_spot_r0c0n0s0t1c1n1b2c2n2_nc_sm3,default
lm_hsm_spot_r0c0n0s0t1c1n1b2c2n2s2_nc_sm3,default
lm_hsm_spot_r0c0n0s0t1c1n1m2c2_nc_sm3,default
lm_hsm_spot_r0c0n0s0t1c1n1m2c2m3c3_nc_sm3,default
lm_hsm_spot_r0c0n0s0t1c1n1s1_nc_sm3,default
lm_hsm_spot_r0c0n0s0t1c1n1s1b2c2_nc_sm3,default
lm_hsm_spot_r0c0n0s0t1c1n1s1b2c2d2n2_nc_sm3,default
lm_hsm_spot_r0c0n0s0t1c1n1s1b2c2n2_nc_sm3,default
lm_hsm_spot_r0c0n0s0t1c1n1s1b2c2n2s2_nc_sm3,default
lm_hsm_spot_r0c0n0s0t1c1n1s1m2c2_nc_sm3,default
lm_hsm_spot_r0c0n0s0t1c1n1s1m2c2m3c3_nc_sm3,default
lm_hsm_spot_r0c0n0s0t1c1n1s1t2c2n2s2_nc_sm3,default
lm_hsm_spot_r0c0n0s0t1c1n1t2c2n2s2_nc_sm3,default
lm_hsm_spot_r0c0n0t1c1_nc_sm3,default
lm_hsm_spot_r0c0n0t1c1b2c2n2s2_nc_sm3,default
lm_hsm_spot_r0c0n0t1c1n1_nc_sm3,default
lm_hsm_spot_r0c0n0t1c1n1s1_nc_sm3,default
lm_hsm_spot_r0c0n0t1c1n1s1m2c2_nc_sm3,default
lm_hsm_spot_r0c0s0_nc_sm3,default
lm_hsm_spot_r0c0s0_sm3,default
lm_hsm_spot_r0c0s0a1c1_nc_sm3,default
lm_hsm_spot_r0c0s0b1c1_nc_sm3,default
lm_hsm_spot_r0c0s0b1c1b2c2_nc_sm3,default
lm_hsm_spot_r0c0s0b1c1b2c2m3c3_nc_sm3,default
lm_hsm_spot_r0c0s0b1c1b2c2n2_nc_sm3,default
lm_hsm_spot_r0c0s0b1c1b2c2n2m3c3_nc_sm3,default
lm_hsm_spot_r0c0s0b1c1b2c2n2s2_nc_sm3,default
lm_hsm_spot_r0c0s0b1c1b2c2s2_nc_sm3,default
lm_hsm_spot_r0c0s0b1c1m2c2_nc_sm3,default
lm_hsm_spot_r0c0s0b1c1m2c2m3c3_nc_sm3,default
lm_hsm_spot_r0c0s0b1c1n1_nc_sm3,default
lm_hsm_spot_r0c0s0b1c1n1m2c2_nc_sm3,default
lm_hsm_spot_r0c0s0b1c1n1m2c2m3c3_nc_sm3,default
lm_hsm_spot_r0c0s0b1c1n1s1_nc_sm3,default
lm_hsm_spot_r0c0s0b1c1n1s1b2c2_nc_sm3,default
lm_hsm_spot_r0c0s0b1c1n1s1b2c2n2_nc_sm3,default
lm_hsm_spot_r0c0s0b1c1n1s1b2c2n2m3c3_nc_sm3,default
lm_hsm_spot_r0c0s0b1c1n1s1b2c2n2m3c3m4c4_nc_sm3,default
lm_hsm_spot_r0c0s0b1c1n1s1b2c2n2s2_nc_sm3,default
lm_hsm_spot_r0c0s0b1c1n1s1b2c2n2s2m3c3_nc_sm3,default
lm_hsm_spot_r0c0s0b1c1n1s1b2c2n2s2m3c3m4c4_nc_sm3,default
lm_hsm_spot_r0c0s0b1c1n1s1m2c2_nc_sm3,default
lm_hsm_spot_r0c0s0b1c1n1s1m2c2m3c3_nc_sm3,default
lm_hsm_spot_r0c0s0b1c1n1s1t2c2_nc_sm3,default
lm_hsm_spot_r0c0s0b1c1n1s1t2c2n2s2_nc_sm3,default
lm_hsm_spot_r0c0s0b1c1s1_nc_sm3,default
lm_hsm_spot_r0c0s0b1c1s1m2c2_nc_sm3,default
lm_hsm_spot_r0c0s0b1c1s1m2c2m3c3_nc_sm3,default
lm_hsm_spot_r0c0s0b1c1s1t2c2n2s2_nc_sm3,default
lm_hsm_spot_r0c0s0m1c1_nc_sm3,default
lm_hsm_spot_r0c0s0m1c1b2c2n2s2_nc_sm3,default
lm_hsm_spot_r0c0s0m1c1m2c2_nc_sm3,default
lm_hsm_spot_r0c0s0m1c1m2c2m3c3_nc_sm3,default
lm_hsm_spot_r0c0s0m1c1t2c2n2s2_nc_sm3,default
lm_hsm_spot_r0c0s0t1c1_nc_sm3,default
lm_hsm_spot_r0c0s0t1c1b2c2n2s2_nc_sm3,default
lm_hsm_spot_r0c0s0t1c1m2c2_nc_sm3,default
lm_hsm_spot_r0c0s0t1c1n1_nc_sm3,default
lm_hsm_spot_r0c0s0t1c1n1m2c2_nc_sm3,default
lm_hsm_spot_r0c0s0t1c1n1s1_nc_sm3,default
lm_hsm_spot_r0c0s0t1c1n1s1b2c2_nc_sm3,default
lm_hsm_spot_r0c0s0t1c1n1s1b2c2n2_nc_sm3,default
lm_hsm_spot_r0c0s0t1c1n1s1b2c2n2s2_nc_sm3,default
lm_hsm_spot_r0c0s0t1c1n1s1m2c2_nc_sm3,default
lm_hsm_spot_r0c0t1c1_nc_sm3,default
lm_hsm_spot_r0c0t1c1m2c2_nc_sm3,default
lm_hsm_spot_r0c0t1c1m2c2m3c3_nc_sm3,default
lm_hsm_spot_r0c0t1c1n1_nc_sm3,default
lm_hsm_spot_r0c0t1c1n1m2c2_nc_sm3,default
lm_hsm_spot_r0c0t1c1n1s1_nc_sm3,default
lm_hsm_spot_t0c0_nc_sm2,default
lm_hsm_spot_t0c0_nc_sm3,default
lm_hsm_spot_t0c0_sm2,default
lm_hsm_spot_t0c0_sm3,default
lm_hsm_spot_t0c0b1c1n1_nc_sm3,premulalpha
lm_hsm_spot_t0c0b1c1s1_nc_sm3,premulalpha
lm_hsm_spot_t0c0d0_nc_sm2,default
lm_hsm_spot_t0c0d0_nc_sm3,default
lm_hsm_spot_t0c0d0_sm2,default
lm_hsm_spot_t0c0d0_sm3,default
lm_hsm_spot_t0c0d0n0_nc_sm2,default
lm_hsm_spot_t0c0d0n0_nc_sm3,default
lm_hsm_spot_t0c0d0n0_sm2,default
lm_hsm_spot_t0c0d0n0_sm3,default
lm_hsm_spot_t0c0d0n0s0_nc_sm3,default
lm_hsm_spot_t0c0d0n0s0_sm3,default
lm_hsm_spot_t0c0d0s0_nc_sm3,default
lm_hsm_spot_t0c0d0s0_sm3,default
lm_hsm_spot_t0c0n0_nc_sm2,default
lm_hsm_spot_t0c0n0_nc_sm3,default
lm_hsm_spot_t0c0n0_sm2,default
lm_hsm_spot_t0c0n0_sm3,default
lm_hsm_spot_t0c0n0s0_nc_sm3,default
lm_hsm_spot_t0c0n0s0_sm3,default
lm_hsm_spot_t0c0n0s0b1c1_nc_sm3,premulalpha
lm_hsm_spot_t0c0n0s0b1c1n1s1_nc_sm3,premulalpha
lm_hsm_spot_t0c0n0s0b1c1n1s1b2c2n2s2_nc_sm3,premulalpha
lm_hsm_spot_t0c0n0s0t1c1n1s1_nc_sm3,default
lm_hsm_spot_t0c0n0s0t1c1n1s1t2c2n2s2_nc_sm3,default
lm_hsm_spot_t0c0n0t1c1n1_nc_sm3,default
lm_hsm_spot_t0c0s0_nc_sm3,default
lm_hsm_spot_t0c0s0_sm3,default
lm_hsm_sun_a0c0_nc_sm2,default
lm_hsm_sun_a0c0_nc_sm3,default
lm_hsm_sun_a0c0_sm2,default
lm_hsm_sun_a0c0_sm3,default
lm_hsm_sun_b0c0_nc_sm2,premulalpha
lm_hsm_sun_b0c0_nc_sm3,premulalpha
lm_hsm_sun_b0c0_sm2,premulalpha
lm_hsm_sun_b0c0_sm3,premulalpha
lm_hsm_sun_b0c0b1c1_nc_sm3,premulalpha
lm_hsm_sun_b0c0b1c1n1_nc_sm3,premulalpha
lm_hsm_sun_b0c0b1c1n1s1_nc_sm3,premulalpha
lm_hsm_sun_b0c0b1c1n1s1b2c2n2s2_nc_sm3,premulalpha
lm_hsm_sun_b0c0b1c1n1s1t2c2n2s2_nc_sm3,premulalpha
lm_hsm_sun_b0c0b1c1s1_nc_sm3,premulalpha
lm_hsm_sun_b0c0d0_nc_sm2,premulalpha
lm_hsm_sun_b0c0d0_nc_sm3,premulalpha
lm_hsm_sun_b0c0d0_sm2,premulalpha
lm_hsm_sun_b0c0d0_sm3,premulalpha
lm_hsm_sun_b0c0d0n0_nc_sm2,premulalpha
lm_hsm_sun_b0c0d0n0_nc_sm3,premulalpha
lm_hsm_sun_b0c0d0n0_sm2,premulalpha
lm_hsm_sun_b0c0d0n0_sm3,premulalpha
lm_hsm_sun_b0c0d0n0b1c1s1_nc_sm3,premulalpha
lm_hsm_sun_b0c0d0n0s0_nc_sm3,premulalpha
lm_hsm_sun_b0c0d0n0s0_sm3,premulalpha
lm_hsm_sun_b0c0d0s0_nc_sm3,premulalpha
lm_hsm_sun_b0c0d0s0_sm3,premulalpha
lm_hsm_sun_b0c0n0_nc_sm2,premulalpha
lm_hsm_sun_b0c0n0_nc_sm3,premulalpha
lm_hsm_sun_b0c0n0_sm2,premulalpha
lm_hsm_sun_b0c0n0_sm3,premulalpha
lm_hsm_sun_b0c0n0b1c1n1s1_nc_sm3,premulalpha
lm_hsm_sun_b0c0n0s0_nc_sm3,premulalpha
lm_hsm_sun_b0c0n0s0_sm3,premulalpha
lm_hsm_sun_b0c0n0s0a1c1_nc_sm3,premulalpha
lm_hsm_sun_b0c0n0s0b1c1_nc_sm3,premulalpha
lm_hsm_sun_b0c0n0s0b1c1n1_nc_sm3,premulalpha
lm_hsm_sun_b0c0n0s0b1c1n1s1_nc_sm3,premulalpha
lm_hsm_sun_b0c0n0s0b1c1n1s1b2c2n2s2_nc_sm3,premulalpha
lm_hsm_sun_b0c0n0s0b1c1n1s1t2c2n2s2_nc_sm3,premulalpha
lm_hsm_sun_b0c0n0s0b1c1s1_nc_sm3,premulalpha
lm_hsm_sun_b0c0n0s0t1c1_nc_sm3,premulalpha
lm_hsm_sun_b0c0n0s0t1c1n1s1_nc_sm3,premulalpha
lm_hsm_sun_b0c0n0s0t1c1n1s1b2c2n2s2_nc_sm3,premulalpha
lm_hsm_sun_b0c0n0s0t1c1n1s1t2c2n2s2_nc_sm3,premulalpha
lm_hsm_sun_b0c0n0t1c1n1s1_nc_sm3,premulalpha
lm_hsm_sun_b0c0s0_nc_sm3,premulalpha
lm_hsm_sun_b0c0s0_sm3,premulalpha
lm_hsm_sun_b0c0s0b1c1s1_nc_sm3,premulalpha
lm_hsm_sun_b0c0s0t1c1n1s1_nc_sm3,premulalpha
lm_hsm_sun_r0c0_nc_sm2,default
lm_hsm_sun_r0c0_nc_sm3,default
lm_hsm_sun_r0c0_sm2,default
lm_hsm_sun_r0c0_sm3,default
lm_hsm_sun_r0c0a1c1_nc_sm3,default
lm_hsm_sun_r0c0b1c1_nc_sm3,default
lm_hsm_sun_r0c0b1c1m2c2_nc_sm3,default
lm_hsm_sun_r0c0b1c1m2c2m3c3_nc_sm3,default
lm_hsm_sun_r0c0b1c1n1_nc_sm3,default
lm_hsm_sun_r0c0b1c1n1s1_nc_sm3,default
lm_hsm_sun_r0c0b1c1n1s1b2c2_nc_sm3,default
lm_hsm_sun_r0c0b1c1n1s1m2c2_nc_sm3,default
lm_hsm_sun_r0c0b1c1s1_nc_sm3,default
lm_hsm_sun_r0c0d0_nc_sm2,default
lm_hsm_sun_r0c0d0_nc_sm3,default
lm_hsm_sun_r0c0d0_sm2,default
lm_hsm_sun_r0c0d0_sm3,default
lm_hsm_sun_r0c0d0n0_nc_sm2,default
lm_hsm_sun_r0c0d0n0_nc_sm3,default
lm_hsm_sun_r0c0d0n0_sm2,default
lm_hsm_sun_r0c0d0n0_sm3,default
lm_hsm_sun_r0c0d0n0s0_nc_sm3,default
lm_hsm_sun_r0c0d0n0s0_sm3,default
lm_hsm_sun_r0c0d0n0s0b1c1_nc_sm3,default
lm_hsm_sun_r0c0d0n0s0b1c1b2c2_nc_sm3,default
lm_hsm_sun_r0c0d0n0s0b1c1b2c2d2n2_nc_sm3,default
lm_hsm_sun_r0c0d0n0s0b1c1b2c2n2_nc_sm3,default
lm_hsm_sun_r0c0d0n0s0b1c1b2c2n2s2_nc_sm3,default
lm_hsm_sun_r0c0d0n0s0b1c1b2c2n2s2m3c3_nc_sm3,default
lm_hsm_sun_r0c0d0n0s0b1c1d1n1_nc_sm3,default
lm_hsm_sun_r0c0d0n0s0b1c1d1n1b2c2_nc_sm3,default
lm_hsm_sun_r0c0d0n0s0b1c1d1n1b2c2n2_nc_sm3,default
lm_hsm_sun_r0c0d0n0s0b1c1d1n1b2c2n2s2_nc_sm3,default
lm_hsm_sun_r0c0d0n0s0b1c1d1n1m2c2_nc_sm3,default
lm_hsm_sun_r0c0d0n0s0b1c1d1n1m2c2m3c3_nc_sm3,default
lm_hsm_sun_r0c0d0n0s0b1c1d1n1s1_nc_sm3,default
lm_hsm_sun_r0c0d0n0s0b1c1d1n1s1b2c2n2_nc_sm3,default
lm_hsm_sun_r0c0d0n0s0b1c1m2c2_nc_sm3,default
lm_hsm_sun_r0c0d0n0s0b1c1n1_nc_sm3,default
lm_hsm_sun_r0c0d0n0s0b1c1n1b2c2n2_nc_sm3,default
lm_hsm_sun_r0c0d0n0s0b1c1n1b2c2n2s2_nc_sm3,default
lm_hsm_sun_r0c0d0n0s0b1c1n1m2c2_nc_sm3,default
lm_hsm_sun_r0c0d0n0s0b1c1n1m2c2m3c3_nc_sm3,default
lm_hsm_sun_r0c0d0n0s0b1c1n1m2c2m3c3m4c4_nc_sm3,default
lm_hsm_sun_r0c0d0n0s0b1c1n1s1_nc_sm3,default
lm_hsm_sun_r0c0d0n0s0b1c1n1s1b2c2_nc_sm3,default
lm_hsm_sun_r0c0d0n0s0b1c1n1s1b2c2n2_nc_sm3,default
lm_hsm_sun_r0c0d0n0s0b1c1n1s1b2c2n2s2_nc_sm3,default
lm_hsm_sun_r0c0d0n0s0b1c1n1s1b2c2s2_nc_sm3,default
lm_hsm_sun_r0c0d0n0s0b1c1n1s1m2c2_nc_sm3,default
lm_hsm_sun_r0c0d0n0s0b1c1n1s1m2c2m3c3_nc_sm3,default
lm_hsm_sun_r0c0d0n0s0b1c1n1s1m2c2m3c3m4c4_nc_sm3,default
lm_hsm_sun_r0c0d0n0s0b1c1n1s1t2c2n2s2_nc_sm3,default
lm_hsm_sun_r0c0d0n0s0b1c1s1_nc_sm3,default
lm_hsm_sun_r0c0d0n0s0b1c1s1m2c2_nc_sm3,default
lm_hsm_sun_r0c0d0n0s0m1c1_nc_sm3,default
lm_hsm_sun_r0c0d0n0s0m1c1b2c2n2_nc_sm3,default
lm_hsm_sun_r0c0d0n0s0m1c1m2c2_nc_sm3,default
lm_hsm_sun_r0c0d0n0s0m1c1m2c2m3c3_nc_sm3,default
lm_hsm_sun_r0c0d0n0s0m1c1t2c2n2s2_nc_sm3,default
lm_hsm_sun_r0c0d0n0s0t1c1_nc_sm3,default
lm_hsm_sun_r0c0d0n0s0t1c1n1b2c2n2s2_nc_sm3,default
lm_hsm_sun_r0c0d0n0s0t1c1n1s1_nc_sm3,default
lm_hsm_sun_r0c0d0n0s0t1c1n1s1m2c2_nc_sm3,default
lm_hsm_sun_r0c0d0s0_nc_sm3,default
lm_hsm_sun_r0c0d0s0_sm3,default
lm_hsm_sun_r0c0m1c1_nc_sm3,default
lm_hsm_sun_r0c0m1c1m2c2_nc_sm3,default
lm_hsm_sun_r0c0m1c1m2c2m3c3_nc_sm3,default
lm_hsm_sun_r0c0n0_nc_sm2,default
lm_hsm_sun_r0c0n0_nc_sm3,default
lm_hsm_sun_r0c0n0_sm2,default
lm_hsm_sun_r0c0n0_sm3,default
lm_hsm_sun_r0c0n0b1c1_nc_sm3,default
lm_hsm_sun_r0c0n0b1c1b2c2n2_nc_sm3,default
lm_hsm_sun_r0c0n0b1c1d1n1_nc_sm3,default
lm_hsm_sun_r0c0n0b1c1d1n1m2c2_nc_sm3,default
lm_hsm_sun_r0c0n0b1c1m2c2_nc_sm3,default
lm_hsm_sun_r0c0n0b1c1n1_nc_sm3,default
lm_hsm_sun_r0c0n0b1c1n1b2c2n2_nc_sm3,default
lm_hsm_sun_r0c0n0b1c1n1b2c2n2s2_nc_sm3,default
lm_hsm_sun_r0c0n0b1c1n1m2c2_nc_sm3,default
lm_hsm_sun_r0c0n0b1c1n1m2c2m3c3_nc_sm3,default
lm_hsm_sun_r0c0n0b1c1n1s1_nc_sm3,default
lm_hsm_sun_r0c0n0b1c1n1s1b2c2n2_nc_sm3,default
lm_hsm_sun_r0c0n0b1c1n1s1b2c2n2s2_nc_sm3,default
lm_hsm_sun_r0c0n0b1c1n1s1m2c2_nc_sm3,default
lm_hsm_sun_r0c0n0b1c1s1_nc_sm3,default
lm_hsm_sun_r0c0n0m1c1_nc_sm3,default
lm_hsm_sun_r0c0n0m1c1m2c2_nc_sm3,default
lm_hsm_sun_r0c0n0s0_nc_sm3,default
lm_hsm_sun_r0c0n0s0_sm3,default
lm_hsm_sun_r0c0n0s0a1c1_nc_sm3,default
lm_hsm_sun_r0c0n0s0b1c1_nc_sm3,default
lm_hsm_sun_r0c0n0s0b1c1b2c2_nc_sm3,default
lm_hsm_sun_r0c0n0s0b1c1b2c2b3c3_nc_sm3,default
lm_hsm_sun_r0c0n0s0b1c1b2c2b3c3s3_nc_sm3,default
lm_hsm_sun_r0c0n0s0b1c1b2c2d2n2b3c3_nc_sm3,default
lm_hsm_sun_r0c0n0s0b1c1b2c2d2n2m3c3_nc_sm3,default
lm_hsm_sun_r0c0n0s0b1c1b2c2m3c3_nc_sm3,default
lm_hsm_sun_r0c0n0s0b1c1b2c2m3c3m4c4_nc_sm3,default
lm_hsm_sun_r0c0n0s0b1c1b2c2n2_nc_sm3,default
lm_hsm_sun_r0c0n0s0b1c1b2c2n2m3c3_nc_sm3,default
lm_hsm_sun_r0c0n0s0b1c1b2c2n2s2_nc_sm3,default
lm_hsm_sun_r0c0n0s0b1c1b2c2n2s2m3c3_nc_sm3,default
lm_hsm_sun_r0c0n0s0b1c1b2c2s2_nc_sm3,default
lm_hsm_sun_r0c0n0s0b1c1b2c2s2m3c3_nc_sm3,default
lm_hsm_sun_r0c0n0s0b1c1d1n1_nc_sm3,default
lm_hsm_sun_r0c0n0s0b1c1d1n1b2c2_nc_sm3,default
lm_hsm_sun_r0c0n0s0b1c1d1n1b2c2n2_nc_sm3,default
lm_hsm_sun_r0c0n0s0b1c1d1n1b2c2n2s2_nc_sm3,default
lm_hsm_sun_r0c0n0s0b1c1d1n1b2c2s2_nc_sm3,default
lm_hsm_sun_r0c0n0s0b1c1d1n1m2c2_nc_sm3,default
lm_hsm_sun_r0c0n0s0b1c1d1n1m2c2m3c3_nc_sm3,default
lm_hsm_sun_r0c0n0s0b1c1d1n1s1_nc_sm3,default
lm_hsm_sun_r0c0n0s0b1c1d1n1s1b2c2d2n2_nc_sm3,default
lm_hsm_sun_r0c0n0s0b1c1d1n1s1b2c2n2_nc_sm3,default
lm_hsm_sun_r0c0n0s0b1c1d1n1s1b2c2n2s2_nc_sm3,default
lm_hsm_sun_r0c0n0s0b1c1d1n1s1m2c2_nc_sm3,default
lm_hsm_sun_r0c0n0s0b1c1d1n1s1t2c2n2s2_nc_sm3,default
lm_hsm_sun_r0c0n0s0b1c1m2c2_nc_sm3,default
lm_hsm_sun_r0c0n0s0b1c1m2c2m3c3_nc_sm3,default
lm_hsm_sun_r0c0n0s0b1c1m2c2m3c3m4c4_nc_sm3,default
lm_hsm_sun_r0c0n0s0b1c1n1_nc_sm3,default
lm_hsm_sun_r0c0n0s0b1c1n1b2c2n2_nc_sm3,default
lm_hsm_sun_r0c0n0s0b1c1n1b2c2n2s2_nc_sm3,default
lm_hsm_sun_r0c0n0s0b1c1n1b2c2s2m3c3_nc_sm3,default
lm_hsm_sun_r0c0n0s0b1c1n1m2c2_nc_sm3,default
lm_hsm_sun_r0c0n0s0b1c1n1m2c2m3c3_nc_sm3,default
lm_hsm_sun_r0c0n0s0b1c1n1s1_nc_sm3,default
lm_hsm_sun_r0c0n0s0b1c1n1s1a2c2_nc_sm3,default
lm_hsm_sun_r0c0n0s0b1c1n1s1b2c2_nc_sm3,default
lm_hsm_sun_r0c0n0s0b1c1n1s1b2c2b3c3_nc_sm3,default
lm_hsm_sun_r0c0n0s0b1c1n1s1b2c2d2n2_nc_sm3,default
lm_hsm_sun_r0c0n0s0b1c1n1s1b2c2m3c3_nc_sm3,default
lm_hsm_sun_r0c0n0s0b1c1n1s1b2c2n2_nc_sm3,default
lm_hsm_sun_r0c0n0s0b1c1n1s1b2c2n2s2_nc_sm3,default
lm_hsm_sun_r0c0n0s0b1c1n1s1b2c2s2_nc_sm3,default
lm_hsm_sun_r0c0n0s0b1c1n1s1b2c2s2b3c3s3_nc_sm3,default
lm_hsm_sun_r0c0n0s0b1c1n1s1b2c2s2m3c3_nc_sm3,default
lm_hsm_sun_r0c0n0s0b1c1n1s1m2c2_nc_sm3,default
lm_hsm_sun_r0c0n0s0b1c1n1s1m2c2m3c3_nc_sm3,default
lm_hsm_sun_r0c0n0s0b1c1n1s1m2c2m3c3m4c4_nc_sm3,default
lm_hsm_sun_r0c0n0s0b1c1n1s1t2c2_nc_sm3,default
lm_hsm_sun_r0c0n0s0b1c1n1s1t2c2m3c3_nc_sm3,default
lm_hsm_sun_r0c0n0s0b1c1n1s1t2c2n2_nc_sm3,default
lm_hsm_sun_r0c0n0s0b1c1n1s1t2c2n2s2_nc_sm3,default
lm_hsm_sun_r0c0n0s0b1c1n1t2c2n2s2_nc_sm3,default
lm_hsm_sun_r0c0n0s0b1c1s1_nc_sm3,default
lm_hsm_sun_r0c0n0s0b1c1s1b2c2n2s2_nc_sm3,default
lm_hsm_sun_r0c0n0s0b1c1s1b2c2s2_nc_sm3,default
lm_hsm_sun_r0c0n0s0b1c1s1m2c2_nc_sm3,default
lm_hsm_sun_r0c0n0s0b1c1s1m2c2m3c3_nc_sm3,default
lm_hsm_sun_r0c0n0s0b1c1s1m2c2m3c3m4c4_nc_sm3,default
lm_hsm_sun_r0c0n0s0b1c1s1t2c2n2s2_nc_sm3,default
lm_hsm_sun_r0c0n0s0b1c1t2c2n2s2_nc_sm3,default
lm_hsm_sun_r0c0n0s0m1c1_nc_sm3,default
lm_hsm_sun_r0c0n0s0m1c1b2c2_nc_sm3,default
lm_hsm_sun_r0c0n0s0m1c1b2c2n2_nc_sm3,default
lm_hsm_sun_r0c0n0s0m1c1b2c2n2s2_nc_sm3,default
lm_hsm_sun_r0c0n0s0m1c1b2c2n2s2m3c3_nc_sm3,default
lm_hsm_sun_r0c0n0s0m1c1b2c2s2_nc_sm3,default
lm_hsm_sun_r0c0n0s0m1c1m2c2_nc_sm3,default
lm_hsm_sun_r0c0n0s0m1c1m2c2m3c3_nc_sm3,default
lm_hsm_sun_r0c0n0s0m1c1m2c2m3c3m4c4_nc_sm3,default
lm_hsm_sun_r0c0n0s0m1c1t2c2n2s2_nc_sm3,default
lm_hsm_sun_r0c0n0s0t1c1_nc_sm3,default
lm_hsm_sun_r0c0n0s0t1c1b2c2n2_nc_sm3,default
lm_hsm_sun_r0c0n0s0t1c1b2c2n2m3c3_nc_sm3,default
lm_hsm_sun_r0c0n0s0t1c1b2c2n2s2_nc_sm3,default
lm_hsm_sun_r0c0n0s0t1c1b2c2n2s2m3c3_nc_sm3,default
lm_hsm_sun_r0c0n0s0t1c1m2c2_nc_sm3,default
lm_hsm_sun_r0c0n0s0t1c1m2c2m3c3_nc_sm3,default
lm_hsm_sun_r0c0n0s0t1c1n1_nc_sm3,default
lm_hsm_sun_r0c0n0s0t1c1n1b2c2_nc_sm3,default
lm_hsm_sun_r0c0n0s0t1c1n1b2c2d2n2_nc_sm3,default
lm_hsm_sun_r0c0n0s0t1c1n1b2c2n2_nc_sm3,default
lm_hsm_sun_r0c0n0s0t1c1n1b2c2n2s2_nc_sm3,default
lm_hsm_sun_r0c0n0s0t1c1n1m2c2_nc_sm3,default
lm_hsm_sun_r0c0n0s0t1c1n1m2c2m3c3_nc_sm3,default
lm_hsm_sun_r0c0n0s0t1c1n1s1_nc_sm3,default
lm_hsm_sun_r0c0n0s0t1c1n1s1b2c2_nc_sm3,default
lm_hsm_sun_r0c0n0s0t1c1n1s1b2c2d2n2_nc_sm3,default
lm_hsm_sun_r0c0n0s0t1c1n1s1b2c2n2_nc_sm3,default
lm_hsm_sun_r0c0n0s0t1c1n1s1b2c2n2s2_nc_sm3,default
lm_hsm_sun_r0c0n0s0t1c1n1s1m2c2_nc_sm3,default
lm_hsm_sun_r0c0n0s0t1c1n1s1m2c2m3c3_nc_sm3,default
lm_hsm_sun_r0c0n0s0t1c1n1s1t2c2n2s2_nc_sm3,default
lm_hsm_sun_r0c0n0s0t1c1n1t2c2n2s2_nc_sm3,default
lm_hsm_sun_r0c0n0t1c1_nc_sm3,default
lm_hsm_sun_r0c0n0t1c1b2c2n2s2_nc_sm3,default
lm_hsm_sun_r0c0n0t1c1n1_nc_sm3,default
lm_hsm_sun_r0c0n0t1c1n1s1_nc_sm3,default
lm_hsm_sun_r0c0n0t1c1n1s1m2c2_nc_sm3,default
lm_hsm_sun_r0c0s0_nc_sm3,default
lm_hsm_sun_r0c0s0_sm3,default
lm_hsm_sun_r0c0s0a1c1_nc_sm3,default
lm_hsm_sun_r0c0s0b1c1_nc_sm3,default
lm_hsm_sun_r0c0s0b1c1b2c2_nc_sm3,default
lm_hsm_sun_r0c0s0b1c1b2c2m3c3_nc_sm3,default
lm_hsm_sun_r0c0s0b1c1b2c2n2_nc_sm3,default
lm_hsm_sun_r0c0s0b1c1b2c2n2m3c3_nc_sm3,default
lm_hsm_sun_r0c0s0b1c1b2c2n2s2_nc_sm3,default
lm_hsm_sun_r0c0s0b1c1b2c2s2_nc_sm3,default
lm_hsm_sun_r0c0s0b1c1m2c2_nc_sm3,default
lm_hsm_sun_r0c0s0b1c1m2c2m3c3_nc_sm3,default
lm_hsm_sun_r0c0s0b1c1n1_nc_sm3,default
lm_hsm_sun_r0c0s0b1c1n1m2c2_nc_sm3,default
lm_hsm_sun_r0c0s0b1c1n1m2c2m3c3_nc_sm3,default
lm_hsm_sun_r0c0s0b1c1n1s1_nc_sm3,default
lm_hsm_sun_r0c0s0b1c1n1s1b2c2_nc_sm3,default
lm_hsm_sun_r0c0s0b1c1n1s1b2c2n2_nc_sm3,default
lm_hsm_sun_r0c0s0b1c1n1s1b2c2n2m3c3_nc_sm3,default
lm_hsm_sun_r0c0s0b1c1n1s1b2c2n2m3c3m4c4_nc_sm3,default
lm_hsm_sun_r0c0s0b1c1n1s1b2c2n2s2_nc_sm3,default
lm_hsm_sun_r0c0s0b1c1n1s1b2c2n2s2m3c3_nc_sm3,default
lm_hsm_sun_r0c0s0b1c1n1s1b2c2n2s2m3c3m4c4_nc_sm3,default
lm_hsm_sun_r0c0s0b1c1n1s1m2c2_nc_sm3,default
lm_hsm_sun_r0c0s0b1c1n1s1m2c2m3c3_nc_sm3,default
lm_hsm_sun_r0c0s0b1c1n1s1t2c2_nc_sm3,default
lm_hsm_sun_r0c0s0b1c1n1s1t2c2n2s2_nc_sm3,default
lm_hsm_sun_r0c0s0b1c1s1_nc_sm3,default
lm_hsm_sun_r0c0s0b1c1s1m2c2_nc_sm3,default
lm_hsm_sun_r0c0s0b1c1s1m2c2m3c3_nc_sm3,default
lm_hsm_sun_r0c0s0b1c1s1t2c2n2s2_nc_sm3,default
lm_hsm_sun_r0c0s0m1c1_nc_sm3,default
lm_hsm_sun_r0c0s0m1c1b2c2n2s2_nc_sm3,default
lm_hsm_sun_r0c0s0m1c1m2c2_nc_sm3,default
lm_hsm_sun_r0c0s0m1c1m2c2m3c3_nc_sm3,default
lm_hsm_sun_r0c0s0m1c1t2c2n2s2_nc_sm3,default
lm_hsm_sun_r0c0s0t1c1_nc_sm3,default
lm_hsm_sun_r0c0s0t1c1b2c2n2s2_nc_sm3,default
lm_hsm_sun_r0c0s0t1c1m2c2_nc_sm3,default
lm_hsm_sun_r0c0s0t1c1n1_nc_sm3,default
lm_hsm_sun_r0c0s0t1c1n1m2c2_nc_sm3,default
lm_hsm_sun_r0c0s0t1c1n1s1_nc_sm3,default
lm_hsm_sun_r0c0s0t1c1n1s1b2c2_nc_sm3,default
lm_hsm_sun_r0c0s0t1c1n1s1b2c2n2_nc_sm3,default
lm_hsm_sun_r0c0s0t1c1n1s1b2c2n2s2_nc_sm3,default
lm_hsm_sun_r0c0s0t1c1n1s1m2c2_nc_sm3,default
lm_hsm_sun_r0c0t1c1_nc_sm3,default
lm_hsm_sun_r0c0t1c1m2c2_nc_sm3,default
lm_hsm_sun_r0c0t1c1m2c2m3c3_nc_sm3,default
lm_hsm_sun_r0c0t1c1n1_nc_sm3,default
lm_hsm_sun_r0c0t1c1n1m2c2_nc_sm3,default
lm_hsm_sun_r0c0t1c1n1s1_nc_sm3,default
lm_hsm_sun_t0c0_nc_sm2,default
lm_hsm_sun_t0c0_nc_sm3,default
lm_hsm_sun_t0c0_sm2,default
lm_hsm_sun_t0c0_sm3,default
lm_hsm_sun_t0c0b1c1n1_nc_sm3,premulalpha
lm_hsm_sun_t0c0b1c1s1_nc_sm3,premulalpha
lm_hsm_sun_t0c0d0_nc_sm2,default
lm_hsm_sun_t0c0d0_nc_sm3,default
lm_hsm_sun_t0c0d0_sm2,default
lm_hsm_sun_t0c0d0_sm3,default
lm_hsm_sun_t0c0d0n0_nc_sm2,default
lm_hsm_sun_t0c0d0n0_nc_sm3,default
lm_hsm_sun_t0c0d0n0_sm2,default
lm_hsm_sun_t0c0d0n0_sm3,default
lm_hsm_sun_t0c0d0n0s0_nc_sm3,default
lm_hsm_sun_t0c0d0n0s0_sm3,default
lm_hsm_sun_t0c0d0s0_nc_sm3,default
lm_hsm_sun_t0c0d0s0_sm3,default
lm_hsm_sun_t0c0n0_nc_sm2,default
lm_hsm_sun_t0c0n0_nc_sm3,default
lm_hsm_sun_t0c0n0_sm2,default
lm_hsm_sun_t0c0n0_sm3,default
lm_hsm_sun_t0c0n0s0_nc_sm3,default
lm_hsm_sun_t0c0n0s0_sm3,default
lm_hsm_sun_t0c0n0s0b1c1_nc_sm3,premulalpha
lm_hsm_sun_t0c0n0s0b1c1n1s1_nc_sm3,premulalpha
lm_hsm_sun_t0c0n0s0b1c1n1s1b2c2n2s2_nc_sm3,premulalpha
lm_hsm_sun_t0c0n0s0t1c1n1s1_nc_sm3,default
lm_hsm_sun_t0c0n0s0t1c1n1s1t2c2n2s2_nc_sm3,default
lm_hsm_sun_t0c0n0t1c1n1_nc_sm3,default
lm_hsm_sun_t0c0s0_nc_sm3,default
lm_hsm_sun_t0c0s0_sm3,default
lm_omni_a0c0_nc_sm2,default
lm_omni_a0c0_nc_sm3,default
lm_omni_a0c0_sm2,default
lm_omni_a0c0_sm3,default
lm_omni_b0c0_nc_sm2,premulalpha
lm_omni_b0c0_nc_sm3,premulalpha
lm_omni_b0c0_sm2,premulalpha
lm_omni_b0c0_sm3,premulalpha
lm_omni_b0c0a1c1_nc_sm2,premulalpha
lm_omni_b0c0b1c1_nc_sm2,premulalpha
lm_omni_b0c0b1c1_nc_sm3,premulalpha
lm_omni_b0c0b1c1b2c2_nc_sm2,premulalpha
lm_omni_b0c0b1c1n1_nc_sm3,premulalpha
lm_omni_b0c0b1c1n1s1_nc_sm3,premulalpha
lm_omni_b0c0b1c1n1s1b2c2n2s2_nc_sm3,premulalpha
lm_omni_b0c0b1c1n1s1t2c2n2s2_nc_sm3,premulalpha
lm_omni_b0c0b1c1s1_nc_sm3,premulalpha
lm_omni_b0c0b1c1t2c2_nc_sm2,premulalpha
lm_omni_b0c0d0_nc_sm2,premulalpha
lm_omni_b0c0d0_nc_sm3,premulalpha
lm_omni_b0c0d0_sm2,premulalpha
lm_omni_b0c0d0_sm3,premulalpha
lm_omni_b0c0d0b1c1_nc_sm2,premulalpha
lm_omni_b0c0d0n0_nc_sm2,premulalpha
lm_omni_b0c0d0n0_nc_sm3,premulalpha
lm_omni_b0c0d0n0_sm2,premulalpha
lm_omni_b0c0d0n0_sm3,premulalpha
lm_omni_b0c0d0n0b1c1s1_nc_sm3,premulalpha
lm_omni_b0c0d0n0s0_nc_sm3,premulalpha
lm_omni_b0c0d0n0s0_sm3,premulalpha
lm_omni_b0c0d0s0_nc_sm3,premulalpha
lm_omni_b0c0d0s0_sm3,premulalpha
lm_omni_b0c0n0_nc_sm2,premulalpha
lm_omni_b0c0n0_nc_sm3,premulalpha
lm_omni_b0c0n0_sm2,premulalpha
lm_omni_b0c0n0_sm3,premulalpha
lm_omni_b0c0n0b1c1n1s1_nc_sm3,premulalpha
lm_omni_b0c0n0s0_nc_sm3,premulalpha
lm_omni_b0c0n0s0_sm3,premulalpha
lm_omni_b0c0n0s0a1c1_nc_sm3,premulalpha
lm_omni_b0c0n0s0b1c1_nc_sm3,premulalpha
lm_omni_b0c0n0s0b1c1n1_nc_sm3,premulalpha
lm_omni_b0c0n0s0b1c1n1s1_nc_sm3,premulalpha
lm_omni_b0c0n0s0b1c1n1s1b2c2n2s2_nc_sm3,premulalpha
lm_omni_b0c0n0s0b1c1n1s1t2c2n2s2_nc_sm3,premulalpha
lm_omni_b0c0n0s0b1c1s1_nc_sm3,premulalpha
lm_omni_b0c0n0s0t1c1_nc_sm3,premulalpha
lm_omni_b0c0n0s0t1c1n1s1_nc_sm3,premulalpha
lm_omni_b0c0n0s0t1c1n1s1b2c2n2s2_nc_sm3,premulalpha
lm_omni_b0c0n0s0t1c1n1s1t2c2n2s2_nc_sm3,premulalpha
lm_omni_b0c0n0t1c1n1s1_nc_sm3,premulalpha
lm_omni_b0c0s0_nc_sm3,premulalpha
lm_omni_b0c0s0_sm3,premulalpha
lm_omni_b0c0s0b1c1s1_nc_sm3,premulalpha
lm_omni_b0c0s0t1c1n1s1_nc_sm3,premulalpha
lm_omni_b0c0t1c1_nc_sm2,premulalpha
lm_omni_b0c0t1c1b2c2_nc_sm2,premulalpha
lm_omni_b0c0t1c1t2c2_nc_sm2,premulalpha
lm_omni_r0c0_nc_sm2,default
lm_omni_r0c0_nc_sm3,default
lm_omni_r0c0_sm2,default
lm_omni_r0c0_sm3,default
lm_omni_r0c0a1c1_nc_sm2,default
lm_omni_r0c0a1c1_nc_sm3,default
lm_omni_r0c0b1c1_nc_sm2,default
lm_omni_r0c0b1c1_nc_sm3,default
lm_omni_r0c0b1c1a2c2_nc_sm2,default
lm_omni_r0c0b1c1b2c2_nc_sm2,default
lm_omni_r0c0b1c1b2c2b3c3_nc_sm2,default
lm_omni_r0c0b1c1b2c2d2_nc_sm2,default
lm_omni_r0c0b1c1b2c2d2b3c3_nc_sm2,default
lm_omni_r0c0b1c1b2c2d2m3c3_nc_sm2,default
lm_omni_r0c0b1c1b2c2m3c3_nc_sm2,default
lm_omni_r0c0b1c1b2c2m3c3m4c4_nc_sm2,default
lm_omni_r0c0b1c1d1_nc_sm2,default
lm_omni_r0c0b1c1d1b2c2_nc_sm2,default
lm_omni_r0c0b1c1d1b2c2d2_nc_sm2,default
lm_omni_r0c0b1c1d1m2c2_nc_sm2,default
lm_omni_r0c0b1c1d1m2c2m3c3_nc_sm2,default
lm_omni_r0c0b1c1d1t2c2_nc_sm2,default
lm_omni_r0c0b1c1m2c2_nc_sm2,default
lm_omni_r0c0b1c1m2c2_nc_sm3,default
lm_omni_r0c0b1c1m2c2m3c3_nc_sm2,default
lm_omni_r0c0b1c1m2c2m3c3_nc_sm3,default
lm_omni_r0c0b1c1m2c2m3c3m4c4_nc_sm2,default
lm_omni_r0c0b1c1n1_nc_sm3,default
lm_omni_r0c0b1c1n1s1_nc_sm3,default
lm_omni_r0c0b1c1n1s1b2c2_nc_sm3,default
lm_omni_r0c0b1c1n1s1m2c2_nc_sm3,default
lm_omni_r0c0b1c1s1_nc_sm3,default
lm_omni_r0c0b1c1t2c2_nc_sm2,default
lm_omni_r0c0b1c1t2c2m3c3_nc_sm2,default
lm_omni_r0c0d0_nc_sm2,default
lm_omni_r0c0d0_nc_sm3,default
lm_omni_r0c0d0_sm2,default
lm_omni_r0c0d0_sm3,default
lm_omni_r0c0d0b1c1_nc_sm2,default
lm_omni_r0c0d0b1c1b2c2_nc_sm2,default
lm_omni_r0c0d0b1c1b2c2d2_nc_sm2,default
lm_omni_r0c0d0b1c1b2c2m3c3_nc_sm2,default
lm_omni_r0c0d0b1c1d1_nc_sm2,default
lm_omni_r0c0d0b1c1d1b2c2_nc_sm2,default
lm_omni_r0c0d0b1c1d1m2c2_nc_sm2,default
lm_omni_r0c0d0b1c1d1m2c2m3c3_nc_sm2,default
lm_omni_r0c0d0b1c1m2c2_nc_sm2,default
lm_omni_r0c0d0b1c1m2c2m3c3_nc_sm2,default
lm_omni_r0c0d0b1c1m2c2m3c3m4c4_nc_sm2,default
lm_omni_r0c0d0b1c1t2c2_nc_sm2,default
lm_omni_r0c0d0m1c1_nc_sm2,default
lm_omni_r0c0d0m1c1b2c2_nc_sm2,default
lm_omni_r0c0d0m1c1m2c2_nc_sm2,default
lm_omni_r0c0d0m1c1m2c2m3c3_nc_sm2,default
lm_omni_r0c0d0m1c1t2c2_nc_sm2,default
lm_omni_r0c0d0n0_nc_sm2,default
lm_omni_r0c0d0n0_nc_sm3,default
lm_omni_r0c0d0n0_sm2,default
lm_omni_r0c0d0n0_sm3,default
lm_omni_r0c0d0n0s0_nc_sm3,default
lm_omni_r0c0d0n0s0_sm3,default
lm_omni_r0c0d0n0s0b1c1_nc_sm3,default
lm_omni_r0c0d0n0s0b1c1b2c2_nc_sm3,default
lm_omni_r0c0d0n0s0b1c1b2c2d2n2_nc_sm3,default
lm_omni_r0c0d0n0s0b1c1b2c2n2_nc_sm3,default
lm_omni_r0c0d0n0s0b1c1b2c2n2s2_nc_sm3,default
lm_omni_r0c0d0n0s0b1c1b2c2n2s2m3c3_nc_sm3,default
lm_omni_r0c0d0n0s0b1c1d1n1_nc_sm3,default
lm_omni_r0c0d0n0s0b1c1d1n1b2c2_nc_sm3,default
lm_omni_r0c0d0n0s0b1c1d1n1b2c2n2_nc_sm3,default
lm_omni_r0c0d0n0s0b1c1d1n1b2c2n2s2_nc_sm3,default
lm_omni_r0c0d0n0s0b1c1d1n1m2c2_nc_sm3,default
lm_omni_r0c0d0n0s0b1c1d1n1m2c2m3c3_nc_sm3,default
lm_omni_r0c0d0n0s0b1c1d1n1s1_nc_sm3,default
lm_omni_r0c0d0n0s0b1c1d1n1s1b2c2n2_nc_sm3,default
lm_omni_r0c0d0n0s0b1c1m2c2_nc_sm3,default
lm_omni_r0c0d0n0s0b1c1n1_nc_sm3,default
lm_omni_r0c0d0n0s0b1c1n1b2c2n2_nc_sm3,default
lm_omni_r0c0d0n0s0b1c1n1b2c2n2s2_nc_sm3,default
lm_omni_r0c0d0n0s0b1c1n1m2c2_nc_sm3,default
lm_omni_r0c0d0n0s0b1c1n1m2c2m3c3_nc_sm3,default
lm_omni_r0c0d0n0s0b1c1n1m2c2m3c3m4c4_nc_sm3,default
lm_omni_r0c0d0n0s0b1c1n1s1_nc_sm3,default
lm_omni_r0c0d0n0s0b1c1n1s1b2c2_nc_sm3,default
lm_omni_r0c0d0n0s0b1c1n1s1b2c2n2_nc_sm3,default
lm_omni_r0c0d0n0s0b1c1n1s1b2c2n2s2_nc_sm3,default
lm_omni_r0c0d0n0s0b1c1n1s1b2c2s2_nc_sm3,default
lm_omni_r0c0d0n0s0b1c1n1s1m2c2_nc_sm3,default
lm_omni_r0c0d0n0s0b1c1n1s1m2c2m3c3_nc_sm3,default
lm_omni_r0c0d0n0s0b1c1n1s1m2c2m3c3m4c4_nc_sm3,default
lm_omni_r0c0d0n0s0b1c1n1s1t2c2n2s2_nc_sm3,default
lm_omni_r0c0d0n0s0b1c1s1_nc_sm3,default
lm_omni_r0c0d0n0s0b1c1s1m2c2_nc_sm3,default
lm_omni_r0c0d0n0s0m1c1_nc_sm3,default
lm_omni_r0c0d0n0s0m1c1b2c2n2_nc_sm3,default
lm_omni_r0c0d0n0s0m1c1m2c2_nc_sm3,default
lm_omni_r0c0d0n0s0m1c1m2c2m3c3_nc_sm3,default
lm_omni_r0c0d0n0s0m1c1t2c2n2s2_nc_sm3,default
lm_omni_r0c0d0n0s0t1c1_nc_sm3,default
lm_omni_r0c0d0n0s0t1c1n1b2c2n2s2_nc_sm3,default
lm_omni_r0c0d0n0s0t1c1n1s1_nc_sm3,default
lm_omni_r0c0d0n0s0t1c1n1s1m2c2_nc_sm3,default
lm_omni_r0c0d0s0_nc_sm3,default
lm_omni_r0c0d0s0_sm3,default
lm_omni_r0c0d0t1c1_nc_sm2,default
lm_omni_r0c0d0t1c1b2c2_nc_sm2,default
lm_omni_r0c0d0t1c1m2c2_nc_sm2,default
lm_omni_r0c0m1c1_nc_sm2,default
lm_omni_r0c0m1c1_nc_sm3,default
lm_omni_r0c0m1c1b2c2_nc_sm2,default
lm_omni_r0c0m1c1b2c2m3c3_nc_sm2,default
lm_omni_r0c0m1c1m2c2_nc_sm2,default
lm_omni_r0c0m1c1m2c2_nc_sm3,default
lm_omni_r0c0m1c1m2c2m3c3_nc_sm2,default
lm_omni_r0c0m1c1m2c2m3c3_nc_sm3,default
lm_omni_r0c0m1c1m2c2m3c3m4c4_nc_sm2,default
lm_omni_r0c0m1c1t2c2_nc_sm2,default
lm_omni_r0c0n0_nc_sm2,default
lm_omni_r0c0n0_nc_sm3,default
lm_omni_r0c0n0_sm2,default
lm_omni_r0c0n0_sm3,default
lm_omni_r0c0n0b1c1_nc_sm3,default
lm_omni_r0c0n0b1c1b2c2n2_nc_sm3,default
lm_omni_r0c0n0b1c1d1n1_nc_sm3,default
lm_omni_r0c0n0b1c1d1n1m2c2_nc_sm3,default
lm_omni_r0c0n0b1c1m2c2_nc_sm3,default
lm_omni_r0c0n0b1c1n1_nc_sm3,default
lm_omni_r0c0n0b1c1n1b2c2n2_nc_sm3,default
lm_omni_r0c0n0b1c1n1b2c2n2s2_nc_sm3,default
lm_omni_r0c0n0b1c1n1m2c2_nc_sm3,default
lm_omni_r0c0n0b1c1n1m2c2m3c3_nc_sm3,default
lm_omni_r0c0n0b1c1n1s1_nc_sm3,default
lm_omni_r0c0n0b1c1n1s1b2c2n2_nc_sm3,default
lm_omni_r0c0n0b1c1n1s1b2c2n2s2_nc_sm3,default
lm_omni_r0c0n0b1c1n1s1m2c2_nc_sm3,default
lm_omni_r0c0n0b1c1s1_nc_sm3,default
lm_omni_r0c0n0m1c1_nc_sm3,default
lm_omni_r0c0n0m1c1m2c2_nc_sm3,default
lm_omni_r0c0n0s0_nc_sm3,default
lm_omni_r0c0n0s0_sm3,default
lm_omni_r0c0n0s0a1c1_nc_sm3,default
lm_omni_r0c0n0s0b1c1_nc_sm3,default
lm_omni_r0c0n0s0b1c1b2c2_nc_sm3,default
lm_omni_r0c0n0s0b1c1b2c2b3c3_nc_sm3,default
lm_omni_r0c0n0s0b1c1b2c2b3c3s3_nc_sm3,default
lm_omni_r0c0n0s0b1c1b2c2d2n2b3c3_nc_sm3,default
lm_omni_r0c0n0s0b1c1b2c2d2n2m3c3_nc_sm3,default
lm_omni_r0c0n0s0b1c1b2c2m3c3_nc_sm3,default
lm_omni_r0c0n0s0b1c1b2c2m3c3m4c4_nc_sm3,default
lm_omni_r0c0n0s0b1c1b2c2n2_nc_sm3,default
lm_omni_r0c0n0s0b1c1b2c2n2m3c3_nc_sm3,default
lm_omni_r0c0n0s0b1c1b2c2n2s2_nc_sm3,default
lm_omni_r0c0n0s0b1c1b2c2n2s2m3c3_nc_sm3,default
lm_omni_r0c0n0s0b1c1b2c2s2_nc_sm3,default
lm_omni_r0c0n0s0b1c1b2c2s2m3c3_nc_sm3,default
lm_omni_r0c0n0s0b1c1d1n1_nc_sm3,default
lm_omni_r0c0n0s0b1c1d1n1b2c2_nc_sm3,default
lm_omni_r0c0n0s0b1c1d1n1b2c2n2_nc_sm3,default
lm_omni_r0c0n0s0b1c1d1n1b2c2n2s2_nc_sm3,default
lm_omni_r0c0n0s0b1c1d1n1b2c2s2_nc_sm3,default
lm_omni_r0c0n0s0b1c1d1n1m2c2_nc_sm3,default
lm_omni_r0c0n0s0b1c1d1n1m2c2m3c3_nc_sm3,default
lm_omni_r0c0n0s0b1c1d1n1s1_nc_sm3,default
lm_omni_r0c0n0s0b1c1d1n1s1b2c2d2n2_nc_sm3,default
lm_omni_r0c0n0s0b1c1d1n1s1b2c2n2_nc_sm3,default
lm_omni_r0c0n0s0b1c1d1n1s1b2c2n2s2_nc_sm3,default
lm_omni_r0c0n0s0b1c1d1n1s1m2c2_nc_sm3,default
lm_omni_r0c0n0s0b1c1d1n1s1t2c2n2s2_nc_sm3,default
lm_omni_r0c0n0s0b1c1m2c2_nc_sm3,default
lm_omni_r0c0n0s0b1c1m2c2m3c3_nc_sm3,default
lm_omni_r0c0n0s0b1c1m2c2m3c3m4c4_nc_sm3,default
lm_omni_r0c0n0s0b1c1n1_nc_sm3,default
lm_omni_r0c0n0s0b1c1n1b2c2n2_nc_sm3,default
lm_omni_r0c0n0s0b1c1n1b2c2n2s2_nc_sm3,default
lm_omni_r0c0n0s0b1c1n1b2c2s2m3c3_nc_sm3,default
lm_omni_r0c0n0s0b1c1n1m2c2_nc_sm3,default
lm_omni_r0c0n0s0b1c1n1m2c2m3c3_nc_sm3,default
lm_omni_r0c0n0s0b1c1n1s1_nc_sm3,default
lm_omni_r0c0n0s0b1c1n1s1a2c2_nc_sm3,default
lm_omni_r0c0n0s0b1c1n1s1b2c2_nc_sm3,default
lm_omni_r0c0n0s0b1c1n1s1b2c2b3c3_nc_sm3,default
lm_omni_r0c0n0s0b1c1n1s1b2c2d2n2_nc_sm3,default
lm_omni_r0c0n0s0b1c1n1s1b2c2m3c3_nc_sm3,default
lm_omni_r0c0n0s0b1c1n1s1b2c2n2_nc_sm3,default
lm_omni_r0c0n0s0b1c1n1s1b2c2n2s2_nc_sm3,default
lm_omni_r0c0n0s0b1c1n1s1b2c2s2_nc_sm3,default
lm_omni_r0c0n0s0b1c1n1s1b2c2s2b3c3s3_nc_sm3,default
lm_omni_r0c0n0s0b1c1n1s1b2c2s2m3c3_nc_sm3,default
lm_omni_r0c0n0s0b1c1n1s1m2c2_nc_sm3,default
lm_omni_r0c0n0s0b1c1n1s1m2c2m3c3_nc_sm3,default
lm_omni_r0c0n0s0b1c1n1s1m2c2m3c3m4c4_nc_sm3,default
lm_omni_r0c0n0s0b1c1n1s1t2c2_nc_sm3,default
lm_omni_r0c0n0s0b1c1n1s1t2c2m3c3_nc_sm3,default
lm_omni_r0c0n0s0b1c1n1s1t2c2n2_nc_sm3,default
lm_omni_r0c0n0s0b1c1n1s1t2c2n2s2_nc_sm3,default
lm_omni_r0c0n0s0b1c1n1t2c2n2s2_nc_sm3,default
lm_omni_r0c0n0s0b1c1s1_nc_sm3,default
lm_omni_r0c0n0s0b1c1s1b2c2n2s2_nc_sm3,default
lm_omni_r0c0n0s0b1c1s1b2c2s2_nc_sm3,default
lm_omni_r0c0n0s0b1c1s1m2c2_nc_sm3,default
lm_omni_r0c0n0s0b1c1s1m2c2m3c3_nc_sm3,default
lm_omni_r0c0n0s0b1c1s1m2c2m3c3m4c4_nc_sm3,default
lm_omni_r0c0n0s0b1c1s1t2c2n2s2_nc_sm3,default
lm_omni_r0c0n0s0b1c1t2c2n2s2_nc_sm3,default
lm_omni_r0c0n0s0m1c1_nc_sm3,default
lm_omni_r0c0n0s0m1c1b2c2_nc_sm3,default
lm_omni_r0c0n0s0m1c1b2c2n2_nc_sm3,default
lm_omni_r0c0n0s0m1c1b2c2n2s2_nc_sm3,default
lm_omni_r0c0n0s0m1c1b2c2n2s2m3c3_nc_sm3,default
lm_omni_r0c0n0s0m1c1b2c2s2_nc_sm3,default
lm_omni_r0c0n0s0m1c1m2c2_nc_sm3,default
lm_omni_r0c0n0s0m1c1m2c2m3c3_nc_sm3,default
lm_omni_r0c0n0s0m1c1m2c2m3c3m4c4_nc_sm3,default
lm_omni_r0c0n0s0m1c1t2c2n2s2_nc_sm3,default
lm_omni_r0c0n0s0t1c1_nc_sm3,default
lm_omni_r0c0n0s0t1c1b2c2n2_nc_sm3,default
lm_omni_r0c0n0s0t1c1b2c2n2m3c3_nc_sm3,default
lm_omni_r0c0n0s0t1c1b2c2n2s2_nc_sm3,default
lm_omni_r0c0n0s0t1c1b2c2n2s2m3c3_nc_sm3,default
lm_omni_r0c0n0s0t1c1m2c2_nc_sm3,default
lm_omni_r0c0n0s0t1c1m2c2m3c3_nc_sm3,default
lm_omni_r0c0n0s0t1c1n1_nc_sm3,default
lm_omni_r0c0n0s0t1c1n1b2c2_nc_sm3,default
lm_omni_r0c0n0s0t1c1n1b2c2d2n2_nc_sm3,default
lm_omni_r0c0n0s0t1c1n1b2c2n2_nc_sm3,default
lm_omni_r0c0n0s0t1c1n1b2c2n2s2_nc_sm3,default
lm_omni_r0c0n0s0t1c1n1m2c2_nc_sm3,default
lm_omni_r0c0n0s0t1c1n1m2c2m3c3_nc_sm3,default
lm_omni_r0c0n0s0t1c1n1s1_nc_sm3,default
lm_omni_r0c0n0s0t1c1n1s1b2c2_nc_sm3,default
lm_omni_r0c0n0s0t1c1n1s1b2c2d2n2_nc_sm3,default
lm_omni_r0c0n0s0t1c1n1s1b2c2n2_nc_sm3,default
lm_omni_r0c0n0s0t1c1n1s1b2c2n2s2_nc_sm3,default
lm_omni_r0c0n0s0t1c1n1s1m2c2_nc_sm3,default
lm_omni_r0c0n0s0t1c1n1s1m2c2m3c3_nc_sm3,default
lm_omni_r0c0n0s0t1c1n1s1t2c2n2s2_nc_sm3,default
lm_omni_r0c0n0s0t1c1n1t2c2n2s2_nc_sm3,default
lm_omni_r0c0n0t1c1_nc_sm3,default
lm_omni_r0c0n0t1c1b2c2n2s2_nc_sm3,default
lm_omni_r0c0n0t1c1n1_nc_sm3,default
lm_omni_r0c0n0t1c1n1s1_nc_sm3,default
lm_omni_r0c0n0t1c1n1s1m2c2_nc_sm3,default
lm_omni_r0c0s0_nc_sm3,default
lm_omni_r0c0s0_sm3,default
lm_omni_r0c0s0a1c1_nc_sm3,default
lm_omni_r0c0s0b1c1_nc_sm3,default
lm_omni_r0c0s0b1c1b2c2_nc_sm3,default
lm_omni_r0c0s0b1c1b2c2m3c3_nc_sm3,default
lm_omni_r0c0s0b1c1b2c2n2_nc_sm3,default
lm_omni_r0c0s0b1c1b2c2n2m3c3_nc_sm3,default
lm_omni_r0c0s0b1c1b2c2n2s2_nc_sm3,default
lm_omni_r0c0s0b1c1b2c2s2_nc_sm3,default
lm_omni_r0c0s0b1c1m2c2_nc_sm3,default
lm_omni_r0c0s0b1c1m2c2m3c3_nc_sm3,default
lm_omni_r0c0s0b1c1n1_nc_sm3,default
lm_omni_r0c0s0b1c1n1m2c2_nc_sm3,default
lm_omni_r0c0s0b1c1n1m2c2m3c3_nc_sm3,default
lm_omni_r0c0s0b1c1n1s1_nc_sm3,default
lm_omni_r0c0s0b1c1n1s1b2c2_nc_sm3,default
lm_omni_r0c0s0b1c1n1s1b2c2n2_nc_sm3,default
lm_omni_r0c0s0b1c1n1s1b2c2n2m3c3_nc_sm3,default
lm_omni_r0c0s0b1c1n1s1b2c2n2m3c3m4c4_nc_sm3,default
lm_omni_r0c0s0b1c1n1s1b2c2n2s2_nc_sm3,default
lm_omni_r0c0s0b1c1n1s1b2c2n2s2m3c3_nc_sm3,default
lm_omni_r0c0s0b1c1n1s1b2c2n2s2m3c3m4c4_nc_sm3,default
lm_omni_r0c0s0b1c1n1s1m2c2_nc_sm3,default
lm_omni_r0c0s0b1c1n1s1m2c2m3c3_nc_sm3,default
lm_omni_r0c0s0b1c1n1s1t2c2_nc_sm3,default
lm_omni_r0c0s0b1c1n1s1t2c2n2s2_nc_sm3,default
lm_omni_r0c0s0b1c1s1_nc_sm3,default
lm_omni_r0c0s0b1c1s1m2c2_nc_sm3,default
lm_omni_r0c0s0b1c1s1m2c2m3c3_nc_sm3,default
lm_omni_r0c0s0b1c1s1t2c2n2s2_nc_sm3,default
lm_omni_r0c0s0m1c1_nc_sm3,default
lm_omni_r0c0s0m1c1b2c2n2s2_nc_sm3,default
lm_omni_r0c0s0m1c1m2c2_nc_sm3,default
lm_omni_r0c0s0m1c1m2c2m3c3_nc_sm3,default
lm_omni_r0c0s0m1c1t2c2n2s2_nc_sm3,default
lm_omni_r0c0s0t1c1_nc_sm3,default
lm_omni_r0c0s0t1c1b2c2n2s2_nc_sm3,default
lm_omni_r0c0s0t1c1m2c2_nc_sm3,default
lm_omni_r0c0s0t1c1n1_nc_sm3,default
lm_omni_r0c0s0t1c1n1m2c2_nc_sm3,default
lm_omni_r0c0s0t1c1n1s1_nc_sm3,default
lm_omni_r0c0s0t1c1n1s1b2c2_nc_sm3,default
lm_omni_r0c0s0t1c1n1s1b2c2n2_nc_sm3,default
lm_omni_r0c0s0t1c1n1s1b2c2n2s2_nc_sm3,default
lm_omni_r0c0s0t1c1n1s1m2c2_nc_sm3,default
lm_omni_r0c0t1c1_nc_sm2,default
lm_omni_r0c0t1c1_nc_sm3,default
lm_omni_r0c0t1c1b2c2_nc_sm2,default
lm_omni_r0c0t1c1b2c2d2_nc_sm2,default
lm_omni_r0c0t1c1b2c2m3c3_nc_sm2,default
lm_omni_r0c0t1c1m2c2_nc_sm2,default
lm_omni_r0c0t1c1m2c2_nc_sm3,default
lm_omni_r0c0t1c1m2c2m3c3_nc_sm2,default
lm_omni_r0c0t1c1m2c2m3c3_nc_sm3,default
lm_omni_r0c0t1c1n1_nc_sm3,default
lm_omni_r0c0t1c1n1m2c2_nc_sm3,default
lm_omni_r0c0t1c1n1s1_nc_sm3,default
lm_omni_r0c0t1c1t2c2_nc_sm2,default
lm_omni_t0c0_nc_sm2,default
lm_omni_t0c0_nc_sm3,default
lm_omni_t0c0_sm2,default
lm_omni_t0c0_sm3,default
lm_omni_t0c0b1c1_nc_sm2,premulalpha
lm_omni_t0c0b1c1b2c2_nc_sm2,premulalpha
lm_omni_t0c0b1c1n1_nc_sm3,premulalpha
lm_omni_t0c0b1c1s1_nc_sm3,premulalpha
lm_omni_t0c0d0_nc_sm2,default
lm_omni_t0c0d0_nc_sm3,default
lm_omni_t0c0d0_sm2,default
lm_omni_t0c0d0_sm3,default
lm_omni_t0c0d0n0_nc_sm2,default
lm_omni_t0c0d0n0_nc_sm3,default
lm_omni_t0c0d0n0_sm2,default
lm_omni_t0c0d0n0_sm3,default
lm_omni_t0c0d0n0s0_nc_sm3,default
lm_omni_t0c0d0n0s0_sm3,default
lm_omni_t0c0d0s0_nc_sm3,default
lm_omni_t0c0d0s0_sm3,default
lm_omni_t0c0n0_nc_sm2,default
lm_omni_t0c0n0_nc_sm3,default
lm_omni_t0c0n0_sm2,default
lm_omni_t0c0n0_sm3,default
lm_omni_t0c0n0s0_nc_sm3,default
lm_omni_t0c0n0s0_sm3,default
lm_omni_t0c0n0s0b1c1_nc_sm3,premulalpha
lm_omni_t0c0n0s0b1c1n1s1_nc_sm3,premulalpha
lm_omni_t0c0n0s0b1c1n1s1b2c2n2s2_nc_sm3,premulalpha
lm_omni_t0c0n0s0t1c1n1s1_nc_sm3,default
lm_omni_t0c0n0s0t1c1n1s1t2c2n2s2_nc_sm3,default
lm_omni_t0c0n0t1c1n1_nc_sm3,default
lm_omni_t0c0s0_nc_sm3,default
lm_omni_t0c0s0_sm3,default
lm_omni_t0c0t1c1_nc_sm2,default
lm_omni_t0c0t1c1t2c2_nc_sm2,default
lm_r0c0_nc_sm2,default
lm_r0c0_nc_sm3,default
lm_r0c0_sm2,default
lm_r0c0_sm3,default
lm_r0c0a1c1_nc_sm2,default
lm_r0c0a1c1_nc_sm3,default
lm_r0c0b1c1_nc_sm2,default
lm_r0c0b1c1_nc_sm3,default
lm_r0c0b1c1a2c2_nc_sm2,default
lm_r0c0b1c1b2c2_nc_sm2,default
lm_r0c0b1c1b2c2b3c3_nc_sm2,default
lm_r0c0b1c1b2c2d2_nc_sm2,default
lm_r0c0b1c1b2c2d2b3c3_nc_sm2,default
lm_r0c0b1c1b2c2d2m3c3_nc_sm2,default
lm_r0c0b1c1b2c2m3c3_nc_sm2,default
lm_r0c0b1c1b2c2m3c3m4c4_nc_sm2,default
lm_r0c0b1c1d1_nc_sm2,default
lm_r0c0b1c1d1b2c2_nc_sm2,default
lm_r0c0b1c1d1b2c2d2_nc_sm2,default
lm_r0c0b1c1d1m2c2_nc_sm2,default
lm_r0c0b1c1d1m2c2m3c3_nc_sm2,default
lm_r0c0b1c1d1t2c2_nc_sm2,default
lm_r0c0b1c1m2c2_nc_sm2,default
lm_r0c0b1c1m2c2_nc_sm3,default
lm_r0c0b1c1m2c2m3c3_nc_sm2,default
lm_r0c0b1c1m2c2m3c3_nc_sm3,default
lm_r0c0b1c1m2c2m3c3m4c4_nc_sm2,default
lm_r0c0b1c1n1_nc_sm3,default
lm_r0c0b1c1n1s1_nc_sm3,default
lm_r0c0b1c1n1s1b2c2_nc_sm3,default
lm_r0c0b1c1n1s1m2c2_nc_sm3,default
lm_r0c0b1c1s1_nc_sm3,default
lm_r0c0b1c1t2c2_nc_sm2,default
lm_r0c0b1c1t2c2m3c3_nc_sm2,default
lm_r0c0d0_nc_sm2,default
lm_r0c0d0_nc_sm3,default
lm_r0c0d0_sm2,default
lm_r0c0d0_sm3,default
lm_r0c0d0b1c1_nc_sm2,default
lm_r0c0d0b1c1b2c2_nc_sm2,default
lm_r0c0d0b1c1b2c2d2_nc_sm2,default
lm_r0c0d0b1c1b2c2m3c3_nc_sm2,default
lm_r0c0d0b1c1d1_nc_sm2,default
lm_r0c0d0b1c1d1b2c2_nc_sm2,default
lm_r0c0d0b1c1d1m2c2_nc_sm2,default
lm_r0c0d0b1c1d1m2c2m3c3_nc_sm2,default
lm_r0c0d0b1c1m2c2_nc_sm2,default
lm_r0c0d0b1c1m2c2m3c3_nc_sm2,default
lm_r0c0d0b1c1m2c2m3c3m4c4_nc_sm2,default
lm_r0c0d0b1c1t2c2_nc_sm2,default
lm_r0c0d0m1c1_nc_sm2,default
lm_r0c0d0m1c1b2c2_nc_sm2,default
lm_r0c0d0m1c1m2c2_nc_sm2,default
lm_r0c0d0m1c1m2c2m3c3_nc_sm2,default
lm_r0c0d0m1c1t2c2_nc_sm2,default
lm_r0c0d0n0_nc_sm2,default
lm_r0c0d0n0_nc_sm3,default
lm_r0c0d0n0_sm2,default
lm_r0c0d0n0_sm3,default
lm_r0c0d0n0s0_nc_sm3,default
lm_r0c0d0n0s0_sm3,default
lm_r0c0d0n0s0b1c1_nc_sm3,default
lm_r0c0d0n0s0b1c1b2c2_nc_sm3,default
lm_r0c0d0n0s0b1c1b2c2d2n2_nc_sm3,default
lm_r0c0d0n0s0b1c1b2c2n2_nc_sm3,default
lm_r0c0d0n0s0b1c1b2c2n2s2_nc_sm3,default
lm_r0c0d0n0s0b1c1b2c2n2s2m3c3_nc_sm3,default
lm_r0c0d0n0s0b1c1d1n1_nc_sm3,default
lm_r0c0d0n0s0b1c1d1n1b2c2_nc_sm3,default
lm_r0c0d0n0s0b1c1d1n1b2c2n2_nc_sm3,default
lm_r0c0d0n0s0b1c1d1n1b2c2n2s2_nc_sm3,default
lm_r0c0d0n0s0b1c1d1n1m2c2_nc_sm3,default
lm_r0c0d0n0s0b1c1d1n1m2c2m3c3_nc_sm3,default
lm_r0c0d0n0s0b1c1d1n1s1_nc_sm3,default
lm_r0c0d0n0s0b1c1d1n1s1b2c2n2_nc_sm3,default
lm_r0c0d0n0s0b1c1m2c2_nc_sm3,default
lm_r0c0d0n0s0b1c1n1_nc_sm3,default
lm_r0c0d0n0s0b1c1n1b2c2n2_nc_sm3,default
lm_r0c0d0n0s0b1c1n1b2c2n2s2_nc_sm3,default
lm_r0c0d0n0s0b1c1n1m2c2_nc_sm3,default
lm_r0c0d0n0s0b1c1n1m2c2m3c3_nc_sm3,default
lm_r0c0d0n0s0b1c1n1m2c2m3c3m4c4_nc_sm3,default
lm_r0c0d0n0s0b1c1n1s1_nc_sm3,default
lm_r0c0d0n0s0b1c1n1s1b2c2_nc_sm3,default
lm_r0c0d0n0s0b1c1n1s1b2c2n2_nc_sm3,default
lm_r0c0d0n0s0b1c1n1s1b2c2n2s2_nc_sm3,default
lm_r0c0d0n0s0b1c1n1s1b2c2s2_nc_sm3,default
lm_r0c0d0n0s0b1c1n1s1m2c2_nc_sm3,default
lm_r0c0d0n0s0b1c1n1s1m2c2m3c3_nc_sm3,default
lm_r0c0d0n0s0b1c1n1s1m2c2m3c3m4c4_nc_sm3,default
lm_r0c0d0n0s0b1c1n1s1t2c2n2s2_nc_sm3,default
lm_r0c0d0n0s0b1c1s1_nc_sm3,default
lm_r0c0d0n0s0b1c1s1m2c2_nc_sm3,default
lm_r0c0d0n0s0m1c1_nc_sm3,default
lm_r0c0d0n0s0m1c1b2c2n2_nc_sm3,default
lm_r0c0d0n0s0m1c1m2c2_nc_sm3,default
lm_r0c0d0n0s0m1c1m2c2m3c3_nc_sm3,default
lm_r0c0d0n0s0m1c1t2c2n2s2_nc_sm3,default
lm_r0c0d0n0s0t1c1_nc_sm3,default
lm_r0c0d0n0s0t1c1n1b2c2n2s2_nc_sm3,default
lm_r0c0d0n0s0t1c1n1s1_nc_sm3,default
lm_r0c0d0n0s0t1c1n1s1m2c2_nc_sm3,default
lm_r0c0d0s0_nc_sm3,default
lm_r0c0d0s0_sm3,default
lm_r0c0d0t1c1_nc_sm2,default
lm_r0c0d0t1c1b2c2_nc_sm2,default
lm_r0c0d0t1c1m2c2_nc_sm2,default
lm_r0c0m1c1_nc_sm2,default
lm_r0c0m1c1_nc_sm3,default
lm_r0c0m1c1b2c2_nc_sm2,default
lm_r0c0m1c1b2c2m3c3_nc_sm2,default
lm_r0c0m1c1m2c2_nc_sm2,default
lm_r0c0m1c1m2c2_nc_sm3,default
lm_r0c0m1c1m2c2m3c3_nc_sm2,default
lm_r0c0m1c1m2c2m3c3_nc_sm3,default
lm_r0c0m1c1m2c2m3c3m4c4_nc_sm2,default
lm_r0c0m1c1t2c2_nc_sm2,default
lm_r0c0n0_nc_sm2,default
lm_r0c0n0_nc_sm3,default
lm_r0c0n0_sm2,default
lm_r0c0n0_sm3,default
lm_r0c0n0b1c1_nc_sm3,default
lm_r0c0n0b1c1b2c2n2_nc_sm3,default
lm_r0c0n0b1c1d1n1_nc_sm3,default
lm_r0c0n0b1c1d1n1m2c2_nc_sm3,default
lm_r0c0n0b1c1m2c2_nc_sm3,default
lm_r0c0n0b1c1n1_nc_sm3,default
lm_r0c0n0b1c1n1b2c2n2_nc_sm3,default
lm_r0c0n0b1c1n1b2c2n2s2_nc_sm3,default
lm_r0c0n0b1c1n1m2c2_nc_sm3,default
lm_r0c0n0b1c1n1m2c2m3c3_nc_sm3,default
lm_r0c0n0b1c1n1s1_nc_sm3,default
lm_r0c0n0b1c1n1s1b2c2n2_nc_sm3,default
lm_r0c0n0b1c1n1s1b2c2n2s2_nc_sm3,default
lm_r0c0n0b1c1n1s1m2c2_nc_sm3,default
lm_r0c0n0b1c1s1_nc_sm3,default
lm_r0c0n0m1c1_nc_sm3,default
lm_r0c0n0m1c1m2c2_nc_sm3,default
lm_r0c0n0s0_nc_sm3,default
lm_r0c0n0s0_sm3,default
lm_r0c0n0s0a1c1_nc_sm3,default
lm_r0c0n0s0b1c1_nc_sm3,default
lm_r0c0n0s0b1c1b2c2_nc_sm3,default
lm_r0c0n0s0b1c1b2c2b3c3_nc_sm3,default
lm_r0c0n0s0b1c1b2c2b3c3s3_nc_sm3,default
lm_r0c0n0s0b1c1b2c2d2n2b3c3_nc_sm3,default
lm_r0c0n0s0b1c1b2c2d2n2m3c3_nc_sm3,default
lm_r0c0n0s0b1c1b2c2m3c3_nc_sm3,default
lm_r0c0n0s0b1c1b2c2m3c3m4c4_nc_sm3,default
lm_r0c0n0s0b1c1b2c2n2_nc_sm3,default
lm_r0c0n0s0b1c1b2c2n2m3c3_nc_sm3,default
lm_r0c0n0s0b1c1b2c2n2s2_nc_sm3,default
lm_r0c0n0s0b1c1b2c2n2s2m3c3_nc_sm3,default
lm_r0c0n0s0b1c1b2c2s2_nc_sm3,default
lm_r0c0n0s0b1c1b2c2s2m3c3_nc_sm3,default
lm_r0c0n0s0b1c1d1n1_nc_sm3,default
lm_r0c0n0s0b1c1d1n1b2c2_nc_sm3,default
lm_r0c0n0s0b1c1d1n1b2c2n2_nc_sm3,default
lm_r0c0n0s0b1c1d1n1b2c2n2s2_nc_sm3,default
lm_r0c0n0s0b1c1d1n1b2c2s2_nc_sm3,default
lm_r0c0n0s0b1c1d1n1m2c2_nc_sm3,default
lm_r0c0n0s0b1c1d1n1m2c2m3c3_nc_sm3,default
lm_r0c0n0s0b1c1d1n1s1_nc_sm3,default
lm_r0c0n0s0b1c1d1n1s1b2c2d2n2_nc_sm3,default
lm_r0c0n0s0b1c1d1n1s1b2c2n2_nc_sm3,default
lm_r0c0n0s0b1c1d1n1s1b2c2n2s2_nc_sm3,default
lm_r0c0n0s0b1c1d1n1s1m2c2_nc_sm3,default
lm_r0c0n0s0b1c1d1n1s1t2c2n2s2_nc_sm3,default
lm_r0c0n0s0b1c1m2c2_nc_sm3,default
lm_r0c0n0s0b1c1m2c2m3c3_nc_sm3,default
lm_r0c0n0s0b1c1m2c2m3c3m4c4_nc_sm3,default
lm_r0c0n0s0b1c1n1_nc_sm3,default
lm_r0c0n0s0b1c1n1b2c2n2_nc_sm3,default
lm_r0c0n0s0b1c1n1b2c2n2s2_nc_sm3,default
lm_r0c0n0s0b1c1n1b2c2s2m3c3_nc_sm3,default
lm_r0c0n0s0b1c1n1m2c2_nc_sm3,default
lm_r0c0n0s0b1c1n1m2c2m3c3_nc_sm3,default
lm_r0c0n0s0b1c1n1s1_nc_sm3,default
lm_r0c0n0s0b1c1n1s1a2c2_nc_sm3,default
lm_r0c0n0s0b1c1n1s1b2c2_nc_sm3,default
lm_r0c0n0s0b1c1n1s1b2c2b3c3_nc_sm3,default
lm_r0c0n0s0b1c1n1s1b2c2d2n2_nc_sm3,default
lm_r0c0n0s0b1c1n1s1b2c2m3c3_nc_sm3,default
lm_r0c0n0s0b1c1n1s1b2c2n2_nc_sm3,default
lm_r0c0n0s0b1c1n1s1b2c2n2s2_nc_sm3,default
lm_r0c0n0s0b1c1n1s1b2c2s2_nc_sm3,default
lm_r0c0n0s0b1c1n1s1b2c2s2b3c3s3_nc_sm3,default
lm_r0c0n0s0b1c1n1s1b2c2s2m3c3_nc_sm3,default
lm_r0c0n0s0b1c1n1s1m2c2_nc_sm3,default
lm_r0c0n0s0b1c1n1s1m2c2m3c3_nc_sm3,default
lm_r0c0n0s0b1c1n1s1m2c2m3c3m4c4_nc_sm3,default
lm_r0c0n0s0b1c1n1s1t2c2_nc_sm3,default
lm_r0c0n0s0b1c1n1s1t2c2m3c3_nc_sm3,default
lm_r0c0n0s0b1c1n1s1t2c2n2_nc_sm3,default
lm_r0c0n0s0b1c1n1s1t2c2n2s2_nc_sm3,default
lm_r0c0n0s0b1c1n1t2c2n2s2_nc_sm3,default
lm_r0c0n0s0b1c1s1_nc_sm3,default
lm_r0c0n0s0b1c1s1b2c2n2s2_nc_sm3,default
lm_r0c0n0s0b1c1s1b2c2s2_nc_sm3,default
lm_r0c0n0s0b1c1s1m2c2_nc_sm3,default
lm_r0c0n0s0b1c1s1m2c2m3c3_nc_sm3,default
lm_r0c0n0s0b1c1s1m2c2m3c3m4c4_nc_sm3,default
lm_r0c0n0s0b1c1s1t2c2n2s2_nc_sm3,default
lm_r0c0n0s0b1c1t2c2n2s2_nc_sm3,default
lm_r0c0n0s0m1c1_nc_sm3,default
lm_r0c0n0s0m1c1b2c2_nc_sm3,default
lm_r0c0n0s0m1c1b2c2n2_nc_sm3,default
lm_r0c0n0s0m1c1b2c2n2s2_nc_sm3,default
lm_r0c0n0s0m1c1b2c2n2s2m3c3_nc_sm3,default
lm_r0c0n0s0m1c1b2c2s2_nc_sm3,default
lm_r0c0n0s0m1c1m2c2_nc_sm3,default
lm_r0c0n0s0m1c1m2c2m3c3_nc_sm3,default
lm_r0c0n0s0m1c1m2c2m3c3m4c4_nc_sm3,default
lm_r0c0n0s0m1c1t2c2n2s2_nc_sm3,default
lm_r0c0n0s0t1c1_nc_sm3,default
lm_r0c0n0s0t1c1b2c2n2_nc_sm3,default
lm_r0c0n0s0t1c1b2c2n2m3c3_nc_sm3,default
lm_r0c0n0s0t1c1b2c2n2s2_nc_sm3,default
lm_r0c0n0s0t1c1b2c2n2s2m3c3_nc_sm3,default
lm_r0c0n0s0t1c1m2c2_nc_sm3,default
lm_r0c0n0s0t1c1m2c2m3c3_nc_sm3,default
lm_r0c0n0s0t1c1n1_nc_sm3,default
lm_r0c0n0s0t1c1n1b2c2_nc_sm3,default
lm_r0c0n0s0t1c1n1b2c2d2n2_nc_sm3,default
lm_r0c0n0s0t1c1n1b2c2n2_nc_sm3,default
lm_r0c0n0s0t1c1n1b2c2n2s2_nc_sm3,default
lm_r0c0n0s0t1c1n1m2c2_nc_sm3,default
lm_r0c0n0s0t1c1n1m2c2m3c3_nc_sm3,default
lm_r0c0n0s0t1c1n1s1_nc_sm3,default
lm_r0c0n0s0t1c1n1s1b2c2_nc_sm3,default
lm_r0c0n0s0t1c1n1s1b2c2d2n2_nc_sm3,default
lm_r0c0n0s0t1c1n1s1b2c2n2_nc_sm3,default
lm_r0c0n0s0t1c1n1s1b2c2n2s2_nc_sm3,default
lm_r0c0n0s0t1c1n1s1m2c2_nc_sm3,default
lm_r0c0n0s0t1c1n1s1m2c2m3c3_nc_sm3,default
lm_r0c0n0s0t1c1n1s1t2c2n2s2_nc_sm3,default
lm_r0c0n0s0t1c1n1t2c2n2s2_nc_sm3,default
lm_r0c0n0t1c1_nc_sm3,default
lm_r0c0n0t1c1b2c2n2s2_nc_sm3,default
lm_r0c0n0t1c1n1_nc_sm3,default
lm_r0c0n0t1c1n1s1_nc_sm3,default
lm_r0c0n0t1c1n1s1m2c2_nc_sm3,default
lm_r0c0s0_nc_sm3,default
lm_r0c0s0_sm3,default
lm_r0c0s0a1c1_nc_sm3,default
lm_r0c0s0b1c1_nc_sm3,default
lm_r0c0s0b1c1b2c2_nc_sm3,default
lm_r0c0s0b1c1b2c2m3c3_nc_sm3,default
lm_r0c0s0b1c1b2c2n2_nc_sm3,default
lm_r0c0s0b1c1b2c2n2m3c3_nc_sm3,default
lm_r0c0s0b1c1b2c2n2s2_nc_sm3,default
lm_r0c0s0b1c1b2c2s2_nc_sm3,default
lm_r0c0s0b1c1m2c2_nc_sm3,default
lm_r0c0s0b1c1m2c2m3c3_nc_sm3,default
lm_r0c0s0b1c1n1_nc_sm3,default
lm_r0c0s0b1c1n1m2c2_nc_sm3,default
lm_r0c0s0b1c1n1m2c2m3c3_nc_sm3,default
lm_r0c0s0b1c1n1s1_nc_sm3,default
lm_r0c0s0b1c1n1s1b2c2_nc_sm3,default
lm_r0c0s0b1c1n1s1b2c2n2_nc_sm3,default
lm_r0c0s0b1c1n1s1b2c2n2m3c3_nc_sm3,default
lm_r0c0s0b1c1n1s1b2c2n2m3c3m4c4_nc_sm3,default
lm_r0c0s0b1c1n1s1b2c2n2s2_nc_sm3,default
lm_r0c0s0b1c1n1s1b2c2n2s2m3c3_nc_sm3,default
lm_r0c0s0b1c1n1s1b2c2n2s2m3c3m4c4_nc_sm3,default
lm_r0c0s0b1c1n1s1m2c2_nc_sm3,default
lm_r0c0s0b1c1n1s1m2c2m3c3_nc_sm3,default
lm_r0c0s0b1c1n1s1t2c2_nc_sm3,default
lm_r0c0s0b1c1n1s1t2c2n2s2_nc_sm3,default
lm_r0c0s0b1c1s1_nc_sm3,default
lm_r0c0s0b1c1s1m2c2_nc_sm3,default
lm_r0c0s0b1c1s1m2c2m3c3_nc_sm3,default
lm_r0c0s0b1c1s1t2c2n2s2_nc_sm3,default
lm_r0c0s0m1c1_nc_sm3,default
lm_r0c0s0m1c1b2c2n2s2_nc_sm3,default
lm_r0c0s0m1c1m2c2_nc_sm3,default
lm_r0c0s0m1c1m2c2m3c3_nc_sm3,default
lm_r0c0s0m1c1t2c2n2s2_nc_sm3,default
lm_r0c0s0t1c1_nc_sm3,default
lm_r0c0s0t1c1b2c2n2s2_nc_sm3,default
lm_r0c0s0t1c1m2c2_nc_sm3,default
lm_r0c0s0t1c1n1_nc_sm3,default
lm_r0c0s0t1c1n1m2c2_nc_sm3,default
lm_r0c0s0t1c1n1s1_nc_sm3,default
lm_r0c0s0t1c1n1s1b2c2_nc_sm3,default
lm_r0c0s0t1c1n1s1b2c2n2_nc_sm3,default
lm_r0c0s0t1c1n1s1b2c2n2s2_nc_sm3,default
lm_r0c0s0t1c1n1s1m2c2_nc_sm3,default
lm_r0c0t1c1_nc_sm2,default
lm_r0c0t1c1_nc_sm3,default
lm_r0c0t1c1b2c2_nc_sm2,default
lm_r0c0t1c1b2c2d2_nc_sm2,default
lm_r0c0t1c1b2c2m3c3_nc_sm2,default
lm_r0c0t1c1m2c2_nc_sm2,default
lm_r0c0t1c1m2c2_nc_sm3,default
lm_r0c0t1c1m2c2m3c3_nc_sm2,default
lm_r0c0t1c1m2c2m3c3_nc_sm3,default
lm_r0c0t1c1n1_nc_sm3,default
lm_r0c0t1c1n1m2c2_nc_sm3,default
lm_r0c0t1c1n1s1_nc_sm3,default
lm_r0c0t1c1t2c2_nc_sm2,default
lm_sm_omni_a0c0_nc_sm3,default
lm_sm_omni_a0c0_sm3,default
lm_sm_omni_b0c0_nc_sm3,premulalpha
lm_sm_omni_b0c0_sm3,premulalpha
lm_sm_omni_b0c0b1c1_nc_sm3,premulalpha
lm_sm_omni_b0c0b1c1n1_nc_sm3,premulalpha
lm_sm_omni_b0c0b1c1n1s1_nc_sm3,premulalpha
lm_sm_omni_b0c0b1c1n1s1b2c2n2s2_nc_sm3,premulalpha
lm_sm_omni_b0c0b1c1n1s1t2c2n2s2_nc_sm3,premulalpha
lm_sm_omni_b0c0b1c1s1_nc_sm3,premulalpha
lm_sm_omni_b0c0d0_nc_sm3,premulalpha
lm_sm_omni_b0c0d0_sm3,premulalpha
lm_sm_omni_b0c0d0n0_nc_sm3,premulalpha
lm_sm_omni_b0c0d0n0_sm3,premulalpha
lm_sm_omni_b0c0d0n0b1c1s1_nc_sm3,premulalpha
lm_sm_omni_b0c0d0n0s0_nc_sm3,premulalpha
lm_sm_omni_b0c0d0n0s0_sm3,premulalpha
lm_sm_omni_b0c0d0s0_nc_sm3,premulalpha
lm_sm_omni_b0c0d0s0_sm3,premulalpha
lm_sm_omni_b0c0n0_nc_sm3,premulalpha
lm_sm_omni_b0c0n0_sm3,premulalpha
lm_sm_omni_b0c0n0b1c1n1s1_nc_sm3,premulalpha
lm_sm_omni_b0c0n0s0_nc_sm3,premulalpha
lm_sm_omni_b0c0n0s0_sm3,premulalpha
lm_sm_omni_b0c0n0s0a1c1_nc_sm3,premulalpha
lm_sm_omni_b0c0n0s0b1c1_nc_sm3,premulalpha
lm_sm_omni_b0c0n0s0b1c1n1_nc_sm3,premulalpha
lm_sm_omni_b0c0n0s0b1c1n1s1_nc_sm3,premulalpha
lm_sm_omni_b0c0n0s0b1c1n1s1b2c2n2s2_nc_sm3,premulalpha
lm_sm_omni_b0c0n0s0b1c1n1s1t2c2n2s2_nc_sm3,premulalpha
lm_sm_omni_b0c0n0s0b1c1s1_nc_sm3,premulalpha
lm_sm_omni_b0c0n0s0t1c1_nc_sm3,premulalpha
lm_sm_omni_b0c0n0s0t1c1n1s1_nc_sm3,premulalpha
lm_sm_omni_b0c0n0s0t1c1n1s1b2c2n2s2_nc_sm3,premulalpha
lm_sm_omni_b0c0n0s0t1c1n1s1t2c2n2s2_nc_sm3,premulalpha
lm_sm_omni_b0c0n0t1c1n1s1_nc_sm3,premulalpha
lm_sm_omni_b0c0s0_nc_sm3,premulalpha
lm_sm_omni_b0c0s0_sm3,premulalpha
lm_sm_omni_b0c0s0b1c1s1_nc_sm3,premulalpha
lm_sm_omni_b0c0s0t1c1n1s1_nc_sm3,premulalpha
lm_sm_omni_r0c0_nc_sm3,default
lm_sm_omni_r0c0_sm3,default
lm_sm_omni_r0c0a1c1_nc_sm3,default
lm_sm_omni_r0c0b1c1_nc_sm3,default
lm_sm_omni_r0c0b1c1m2c2_nc_sm3,default
lm_sm_omni_r0c0b1c1m2c2m3c3_nc_sm3,default
lm_sm_omni_r0c0b1c1n1_nc_sm3,default
lm_sm_omni_r0c0b1c1n1s1_nc_sm3,default
lm_sm_omni_r0c0b1c1n1s1b2c2_nc_sm3,default
lm_sm_omni_r0c0b1c1n1s1m2c2_nc_sm3,default
lm_sm_omni_r0c0b1c1s1_nc_sm3,default
lm_sm_omni_r0c0d0_nc_sm3,default
lm_sm_omni_r0c0d0_sm3,default
lm_sm_omni_r0c0d0n0_nc_sm3,default
lm_sm_omni_r0c0d0n0_sm3,default
lm_sm_omni_r0c0d0n0s0_nc_sm3,default
lm_sm_omni_r0c0d0n0s0_sm3,default
lm_sm_omni_r0c0d0n0s0b1c1_nc_sm3,default
lm_sm_omni_r0c0d0n0s0b1c1b2c2_nc_sm3,default
lm_sm_omni_r0c0d0n0s0b1c1b2c2d2n2_nc_sm3,default
lm_sm_omni_r0c0d0n0s0b1c1b2c2n2_nc_sm3,default
lm_sm_omni_r0c0d0n0s0b1c1b2c2n2s2_nc_sm3,default
lm_sm_omni_r0c0d0n0s0b1c1b2c2n2s2m3c3_nc_sm3,default
lm_sm_omni_r0c0d0n0s0b1c1d1n1_nc_sm3,default
lm_sm_omni_r0c0d0n0s0b1c1d1n1b2c2_nc_sm3,default
lm_sm_omni_r0c0d0n0s0b1c1d1n1b2c2n2_nc_sm3,default
lm_sm_omni_r0c0d0n0s0b1c1d1n1b2c2n2s2_nc_sm3,default
lm_sm_omni_r0c0d0n0s0b1c1d1n1m2c2_nc_sm3,default
lm_sm_omni_r0c0d0n0s0b1c1d1n1m2c2m3c3_nc_sm3,default
lm_sm_omni_r0c0d0n0s0b1c1d1n1s1_nc_sm3,default
lm_sm_omni_r0c0d0n0s0b1c1d1n1s1b2c2n2_nc_sm3,default
lm_sm_omni_r0c0d0n0s0b1c1m2c2_nc_sm3,default
lm_sm_omni_r0c0d0n0s0b1c1n1_nc_sm3,default
lm_sm_omni_r0c0d0n0s0b1c1n1b2c2n2_nc_sm3,default
lm_sm_omni_r0c0d0n0s0b1c1n1b2c2n2s2_nc_sm3,default
lm_sm_omni_r0c0d0n0s0b1c1n1m2c2_nc_sm3,default
lm_sm_omni_r0c0d0n0s0b1c1n1m2c2m3c3_nc_sm3,default
lm_sm_omni_r0c0d0n0s0b1c1n1m2c2m3c3m4c4_nc_sm3,default
lm_sm_omni_r0c0d0n0s0b1c1n1s1_nc_sm3,default
lm_sm_omni_r0c0d0n0s0b1c1n1s1b2c2_nc_sm3,default
lm_sm_omni_r0c0d0n0s0b1c1n1s1b2c2n2_nc_sm3,default
lm_sm_omni_r0c0d0n0s0b1c1n1s1b2c2n2s2_nc_sm3,default
lm_sm_omni_r0c0d0n0s0b1c1n1s1b2c2s2_nc_sm3,default
lm_sm_omni_r0c0d0n0s0b1c1n1s1m2c2_nc_sm3,default
lm_sm_omni_r0c0d0n0s0b1c1n1s1m2c2m3c3_nc_sm3,default
lm_sm_omni_r0c0d0n0s0b1c1n1s1m2c2m3c3m4c4_nc_sm3,default
lm_sm_omni_r0c0d0n0s0b1c1n1s1t2c2n2s2_nc_sm3,default
lm_sm_omni_r0c0d0n0s0b1c1s1_nc_sm3,default
lm_sm_omni_r0c0d0n0s0b1c1s1m2c2_nc_sm3,default
lm_sm_omni_r0c0d0n0s0m1c1_nc_sm3,default
lm_sm_omni_r0c0d0n0s0m1c1b2c2n2_nc_sm3,default
lm_sm_omni_r0c0d0n0s0m1c1m2c2_nc_sm3,default
lm_sm_omni_r0c0d0n0s0m1c1m2c2m3c3_nc_sm3,default
lm_sm_omni_r0c0d0n0s0m1c1t2c2n2s2_nc_sm3,default
lm_sm_omni_r0c0d0n0s0t1c1_nc_sm3,default
lm_sm_omni_r0c0d0n0s0t1c1n1b2c2n2s2_nc_sm3,default
lm_sm_omni_r0c0d0n0s0t1c1n1s1_nc_sm3,default
lm_sm_omni_r0c0d0n0s0t1c1n1s1m2c2_nc_sm3,default
lm_sm_omni_r0c0d0s0_nc_sm3,default
lm_sm_omni_r0c0d0s0_sm3,default
lm_sm_omni_r0c0m1c1_nc_sm3,default
lm_sm_omni_r0c0m1c1m2c2_nc_sm3,default
lm_sm_omni_r0c0m1c1m2c2m3c3_nc_sm3,default
lm_sm_omni_r0c0n0_nc_sm3,default
lm_sm_omni_r0c0n0_sm3,default
lm_sm_omni_r0c0n0b1c1_nc_sm3,default
lm_sm_omni_r0c0n0b1c1b2c2n2_nc_sm3,default
lm_sm_omni_r0c0n0b1c1d1n1_nc_sm3,default
lm_sm_omni_r0c0n0b1c1d1n1m2c2_nc_sm3,default
lm_sm_omni_r0c0n0b1c1m2c2_nc_sm3,default
lm_sm_omni_r0c0n0b1c1n1_nc_sm3,default
lm_sm_omni_r0c0n0b1c1n1b2c2n2_nc_sm3,default
lm_sm_omni_r0c0n0b1c1n1b2c2n2s2_nc_sm3,default
lm_sm_omni_r0c0n0b1c1n1m2c2_nc_sm3,default
lm_sm_omni_r0c0n0b1c1n1m2c2m3c3_nc_sm3,default
lm_sm_omni_r0c0n0b1c1n1s1_nc_sm3,default
lm_sm_omni_r0c0n0b1c1n1s1b2c2n2_nc_sm3,default
lm_sm_omni_r0c0n0b1c1n1s1b2c2n2s2_nc_sm3,default
lm_sm_omni_r0c0n0b1c1n1s1m2c2_nc_sm3,default
lm_sm_omni_r0c0n0b1c1s1_nc_sm3,default
lm_sm_omni_r0c0n0m1c1_nc_sm3,default
lm_sm_omni_r0c0n0m1c1m2c2_nc_sm3,default
lm_sm_omni_r0c0n0s0_nc_sm3,default
lm_sm_omni_r0c0n0s0_sm3,default
lm_sm_omni_r0c0n0s0a1c1_nc_sm3,default
lm_sm_omni_r0c0n0s0b1c1_nc_sm3,default
lm_sm_omni_r0c0n0s0b1c1b2c2_nc_sm3,default
lm_sm_omni_r0c0n0s0b1c1b2c2b3c3_nc_sm3,default
lm_sm_omni_r0c0n0s0b1c1b2c2b3c3s3_nc_sm3,default
lm_sm_omni_r0c0n0s0b1c1b2c2d2n2b3c3_nc_sm3,default
lm_sm_omni_r0c0n0s0b1c1b2c2d2n2m3c3_nc_sm3,default
lm_sm_omni_r0c0n0s0b1c1b2c2m3c3_nc_sm3,default
lm_sm_omni_r0c0n0s0b1c1b2c2m3c3m4c4_nc_sm3,default
lm_sm_omni_r0c0n0s0b1c1b2c2n2_nc_sm3,default
lm_sm_omni_r0c0n0s0b1c1b2c2n2m3c3_nc_sm3,default
lm_sm_omni_r0c0n0s0b1c1b2c2n2s2_nc_sm3,default
lm_sm_omni_r0c0n0s0b1c1b2c2n2s2m3c3_nc_sm3,default
lm_sm_omni_r0c0n0s0b1c1b2c2s2_nc_sm3,default
lm_sm_omni_r0c0n0s0b1c1b2c2s2m3c3_nc_sm3,default
lm_sm_omni_r0c0n0s0b1c1d1n1_nc_sm3,default
lm_sm_omni_r0c0n0s0b1c1d1n1b2c2_nc_sm3,default
lm_sm_omni_r0c0n0s0b1c1d1n1b2c2n2_nc_sm3,default
lm_sm_omni_r0c0n0s0b1c1d1n1b2c2n2s2_nc_sm3,default
lm_sm_omni_r0c0n0s0b1c1d1n1b2c2s2_nc_sm3,default
lm_sm_omni_r0c0n0s0b1c1d1n1m2c2_nc_sm3,default
lm_sm_omni_r0c0n0s0b1c1d1n1m2c2m3c3_nc_sm3,default
lm_sm_omni_r0c0n0s0b1c1d1n1s1_nc_sm3,default
lm_sm_omni_r0c0n0s0b1c1d1n1s1b2c2d2n2_nc_sm3,default
lm_sm_omni_r0c0n0s0b1c1d1n1s1b2c2n2_nc_sm3,default
lm_sm_omni_r0c0n0s0b1c1d1n1s1b2c2n2s2_nc_sm3,default
lm_sm_omni_r0c0n0s0b1c1d1n1s1m2c2_nc_sm3,default
lm_sm_omni_r0c0n0s0b1c1d1n1s1t2c2n2s2_nc_sm3,default
lm_sm_omni_r0c0n0s0b1c1m2c2_nc_sm3,default
lm_sm_omni_r0c0n0s0b1c1m2c2m3c3_nc_sm3,default
lm_sm_omni_r0c0n0s0b1c1m2c2m3c3m4c4_nc_sm3,default
lm_sm_omni_r0c0n0s0b1c1n1_nc_sm3,default
lm_sm_omni_r0c0n0s0b1c1n1b2c2n2_nc_sm3,default
lm_sm_omni_r0c0n0s0b1c1n1b2c2n2s2_nc_sm3,default
lm_sm_omni_r0c0n0s0b1c1n1b2c2s2m3c3_nc_sm3,default
lm_sm_omni_r0c0n0s0b1c1n1m2c2_nc_sm3,default
lm_sm_omni_r0c0n0s0b1c1n1m2c2m3c3_nc_sm3,default
lm_sm_omni_r0c0n0s0b1c1n1s1_nc_sm3,default
lm_sm_omni_r0c0n0s0b1c1n1s1a2c2_nc_sm3,default
lm_sm_omni_r0c0n0s0b1c1n1s1b2c2_nc_sm3,default
lm_sm_omni_r0c0n0s0b1c1n1s1b2c2b3c3_nc_sm3,default
lm_sm_omni_r0c0n0s0b1c1n1s1b2c2d2n2_nc_sm3,default
lm_sm_omni_r0c0n0s0b1c1n1s1b2c2m3c3_nc_sm3,default
lm_sm_omni_r0c0n0s0b1c1n1s1b2c2n2_nc_sm3,default
lm_sm_omni_r0c0n0s0b1c1n1s1b2c2n2s2_nc_sm3,default
lm_sm_omni_r0c0n0s0b1c1n1s1b2c2s2_nc_sm3,default
lm_sm_omni_r0c0n0s0b1c1n1s1b2c2s2b3c3s3_nc_sm3,default
lm_sm_omni_r0c0n0s0b1c1n1s1b2c2s2m3c3_nc_sm3,default
lm_sm_omni_r0c0n0s0b1c1n1s1m2c2_nc_sm3,default
lm_sm_omni_r0c0n0s0b1c1n1s1m2c2m3c3_nc_sm3,default
lm_sm_omni_r0c0n0s0b1c1n1s1m2c2m3c3m4c4_nc_sm3,default
lm_sm_omni_r0c0n0s0b1c1n1s1t2c2_nc_sm3,default
lm_sm_omni_r0c0n0s0b1c1n1s1t2c2m3c3_nc_sm3,default
lm_sm_omni_r0c0n0s0b1c1n1s1t2c2n2_nc_sm3,default
lm_sm_omni_r0c0n0s0b1c1n1s1t2c2n2s2_nc_sm3,default
lm_sm_omni_r0c0n0s0b1c1n1t2c2n2s2_nc_sm3,default
lm_sm_omni_r0c0n0s0b1c1s1_nc_sm3,default
lm_sm_omni_r0c0n0s0b1c1s1b2c2n2s2_nc_sm3,default
lm_sm_omni_r0c0n0s0b1c1s1b2c2s2_nc_sm3,default
lm_sm_omni_r0c0n0s0b1c1s1m2c2_nc_sm3,default
lm_sm_omni_r0c0n0s0b1c1s1m2c2m3c3_nc_sm3,default
lm_sm_omni_r0c0n0s0b1c1s1m2c2m3c3m4c4_nc_sm3,default
lm_sm_omni_r0c0n0s0b1c1s1t2c2n2s2_nc_sm3,default
lm_sm_omni_r0c0n0s0b1c1t2c2n2s2_nc_sm3,default
lm_sm_omni_r0c0n0s0m1c1_nc_sm3,default
lm_sm_omni_r0c0n0s0m1c1b2c2_nc_sm3,default
lm_sm_omni_r0c0n0s0m1c1b2c2n2_nc_sm3,default
lm_sm_omni_r0c0n0s0m1c1b2c2n2s2_nc_sm3,default
lm_sm_omni_r0c0n0s0m1c1b2c2n2s2m3c3_nc_sm3,default
lm_sm_omni_r0c0n0s0m1c1b2c2s2_nc_sm3,default
lm_sm_omni_r0c0n0s0m1c1m2c2_nc_sm3,default
lm_sm_omni_r0c0n0s0m1c1m2c2m3c3_nc_sm3,default
lm_sm_omni_r0c0n0s0m1c1m2c2m3c3m4c4_nc_sm3,default
lm_sm_omni_r0c0n0s0m1c1t2c2n2s2_nc_sm3,default
lm_sm_omni_r0c0n0s0t1c1_nc_sm3,default
lm_sm_omni_r0c0n0s0t1c1b2c2n2_nc_sm3,default
lm_sm_omni_r0c0n0s0t1c1b2c2n2m3c3_nc_sm3,default
lm_sm_omni_r0c0n0s0t1c1b2c2n2s2_nc_sm3,default
lm_sm_omni_r0c0n0s0t1c1b2c2n2s2m3c3_nc_sm3,default
lm_sm_omni_r0c0n0s0t1c1m2c2_nc_sm3,default
lm_sm_omni_r0c0n0s0t1c1m2c2m3c3_nc_sm3,default
lm_sm_omni_r0c0n0s0t1c1n1_nc_sm3,default
lm_sm_omni_r0c0n0s0t1c1n1b2c2_nc_sm3,default
lm_sm_omni_r0c0n0s0t1c1n1b2c2d2n2_nc_sm3,default
lm_sm_omni_r0c0n0s0t1c1n1b2c2n2_nc_sm3,default
lm_sm_omni_r0c0n0s0t1c1n1b2c2n2s2_nc_sm3,default
lm_sm_omni_r0c0n0s0t1c1n1m2c2_nc_sm3,default
lm_sm_omni_r0c0n0s0t1c1n1m2c2m3c3_nc_sm3,default
lm_sm_omni_r0c0n0s0t1c1n1s1_nc_sm3,default
lm_sm_omni_r0c0n0s0t1c1n1s1b2c2_nc_sm3,default
lm_sm_omni_r0c0n0s0t1c1n1s1b2c2d2n2_nc_sm3,default
lm_sm_omni_r0c0n0s0t1c1n1s1b2c2n2_nc_sm3,default
lm_sm_omni_r0c0n0s0t1c1n1s1b2c2n2s2_nc_sm3,default
lm_sm_omni_r0c0n0s0t1c1n1s1m2c2_nc_sm3,default
lm_sm_omni_r0c0n0s0t1c1n1s1m2c2m3c3_nc_sm3,default
lm_sm_omni_r0c0n0s0t1c1n1s1t2c2n2s2_nc_sm3,default
lm_sm_omni_r0c0n0s0t1c1n1t2c2n2s2_nc_sm3,default
lm_sm_omni_r0c0n0t1c1_nc_sm3,default
lm_sm_omni_r0c0n0t1c1b2c2n2s2_nc_sm3,default
lm_sm_omni_r0c0n0t1c1n1_nc_sm3,default
lm_sm_omni_r0c0n0t1c1n1s1_nc_sm3,default
lm_sm_omni_r0c0n0t1c1n1s1m2c2_nc_sm3,default
lm_sm_omni_r0c0s0_nc_sm3,default
lm_sm_omni_r0c0s0_sm3,default
lm_sm_omni_r0c0s0a1c1_nc_sm3,default
lm_sm_omni_r0c0s0b1c1_nc_sm3,default
lm_sm_omni_r0c0s0b1c1b2c2_nc_sm3,default
lm_sm_omni_r0c0s0b1c1b2c2m3c3_nc_sm3,default
lm_sm_omni_r0c0s0b1c1b2c2n2_nc_sm3,default
lm_sm_omni_r0c0s0b1c1b2c2n2m3c3_nc_sm3,default
lm_sm_omni_r0c0s0b1c1b2c2n2s2_nc_sm3,default
lm_sm_omni_r0c0s0b1c1b2c2s2_nc_sm3,default
lm_sm_omni_r0c0s0b1c1m2c2_nc_sm3,default
lm_sm_omni_r0c0s0b1c1m2c2m3c3_nc_sm3,default
lm_sm_omni_r0c0s0b1c1n1_nc_sm3,default
lm_sm_omni_r0c0s0b1c1n1m2c2_nc_sm3,default
lm_sm_omni_r0c0s0b1c1n1m2c2m3c3_nc_sm3,default
lm_sm_omni_r0c0s0b1c1n1s1_nc_sm3,default
lm_sm_omni_r0c0s0b1c1n1s1b2c2_nc_sm3,default
lm_sm_omni_r0c0s0b1c1n1s1b2c2n2_nc_sm3,default
lm_sm_omni_r0c0s0b1c1n1s1b2c2n2m3c3_nc_sm3,default
lm_sm_omni_r0c0s0b1c1n1s1b2c2n2m3c3m4c4_nc_sm3,default
lm_sm_omni_r0c0s0b1c1n1s1b2c2n2s2_nc_sm3,default
lm_sm_omni_r0c0s0b1c1n1s1b2c2n2s2m3c3_nc_sm3,default
lm_sm_omni_r0c0s0b1c1n1s1b2c2n2s2m3c3m4c4_nc_sm3,default
lm_sm_omni_r0c0s0b1c1n1s1m2c2_nc_sm3,default
lm_sm_omni_r0c0s0b1c1n1s1m2c2m3c3_nc_sm3,default
lm_sm_omni_r0c0s0b1c1n1s1t2c2_nc_sm3,default
lm_sm_omni_r0c0s0b1c1n1s1t2c2n2s2_nc_sm3,default
lm_sm_omni_r0c0s0b1c1s1_nc_sm3,default
lm_sm_omni_r0c0s0b1c1s1m2c2_nc_sm3,default
lm_sm_omni_r0c0s0b1c1s1m2c2m3c3_nc_sm3,default
lm_sm_omni_r0c0s0b1c1s1t2c2n2s2_nc_sm3,default
lm_sm_omni_r0c0s0m1c1_nc_sm3,default
lm_sm_omni_r0c0s0m1c1b2c2n2s2_nc_sm3,default
lm_sm_omni_r0c0s0m1c1m2c2_nc_sm3,default
lm_sm_omni_r0c0s0m1c1m2c2m3c3_nc_sm3,default
lm_sm_omni_r0c0s0m1c1t2c2n2s2_nc_sm3,default
lm_sm_omni_r0c0s0t1c1_nc_sm3,default
lm_sm_omni_r0c0s0t1c1b2c2n2s2_nc_sm3,default
lm_sm_omni_r0c0s0t1c1m2c2_nc_sm3,default
lm_sm_omni_r0c0s0t1c1n1_nc_sm3,default
lm_sm_omni_r0c0s0t1c1n1m2c2_nc_sm3,default
lm_sm_omni_r0c0s0t1c1n1s1_nc_sm3,default
lm_sm_omni_r0c0s0t1c1n1s1b2c2_nc_sm3,default
lm_sm_omni_r0c0s0t1c1n1s1b2c2n2_nc_sm3,default
lm_sm_omni_r0c0s0t1c1n1s1b2c2n2s2_nc_sm3,default
lm_sm_omni_r0c0s0t1c1n1s1m2c2_nc_sm3,default
lm_sm_omni_r0c0t1c1_nc_sm3,default
lm_sm_omni_r0c0t1c1m2c2_nc_sm3,default
lm_sm_omni_r0c0t1c1m2c2m3c3_nc_sm3,default
lm_sm_omni_r0c0t1c1n1_nc_sm3,default
lm_sm_omni_r0c0t1c1n1m2c2_nc_sm3,default
lm_sm_omni_r0c0t1c1n1s1_nc_sm3,default
lm_sm_omni_t0c0_nc_sm3,default
lm_sm_omni_t0c0_sm3,default
lm_sm_omni_t0c0b1c1n1_nc_sm3,premulalpha
lm_sm_omni_t0c0b1c1s1_nc_sm3,premulalpha
lm_sm_omni_t0c0d0_nc_sm3,default
lm_sm_omni_t0c0d0_sm3,default
lm_sm_omni_t0c0d0n0_nc_sm3,default
lm_sm_omni_t0c0d0n0_sm3,default
lm_sm_omni_t0c0d0n0s0_nc_sm3,default
lm_sm_omni_t0c0d0n0s0_sm3,default
lm_sm_omni_t0c0d0s0_nc_sm3,default
lm_sm_omni_t0c0d0s0_sm3,default
lm_sm_omni_t0c0n0_nc_sm3,default
lm_sm_omni_t0c0n0_sm3,default
lm_sm_omni_t0c0n0s0_nc_sm3,default
lm_sm_omni_t0c0n0s0_sm3,default
lm_sm_omni_t0c0n0s0b1c1_nc_sm3,premulalpha
lm_sm_omni_t0c0n0s0b1c1n1s1_nc_sm3,premulalpha
lm_sm_omni_t0c0n0s0b1c1n1s1b2c2n2s2_nc_sm3,premulalpha
lm_sm_omni_t0c0n0s0t1c1n1s1_nc_sm3,default
lm_sm_omni_t0c0n0s0t1c1n1s1t2c2n2s2_nc_sm3,default
lm_sm_omni_t0c0n0t1c1n1_nc_sm3,default
lm_sm_omni_t0c0s0_nc_sm3,default
lm_sm_omni_t0c0s0_sm3,default
lm_sm_spot_a0c0_nc_sm3,default
lm_sm_spot_a0c0_sm3,default
lm_sm_spot_b0c0_nc_sm3,premulalpha
lm_sm_spot_b0c0_sm3,premulalpha
lm_sm_spot_b0c0b1c1_nc_sm3,premulalpha
lm_sm_spot_b0c0b1c1n1_nc_sm3,premulalpha
lm_sm_spot_b0c0b1c1n1s1_nc_sm3,premulalpha
lm_sm_spot_b0c0b1c1n1s1b2c2n2s2_nc_sm3,premulalpha
lm_sm_spot_b0c0b1c1n1s1t2c2n2s2_nc_sm3,premulalpha
lm_sm_spot_b0c0b1c1s1_nc_sm3,premulalpha
lm_sm_spot_b0c0d0_nc_sm3,premulalpha
lm_sm_spot_b0c0d0_sm3,premulalpha
lm_sm_spot_b0c0d0n0_nc_sm3,premulalpha
lm_sm_spot_b0c0d0n0_sm3,premulalpha
lm_sm_spot_b0c0d0n0b1c1s1_nc_sm3,premulalpha
lm_sm_spot_b0c0d0n0s0_nc_sm3,premulalpha
lm_sm_spot_b0c0d0n0s0_sm3,premulalpha
lm_sm_spot_b0c0d0s0_nc_sm3,premulalpha
lm_sm_spot_b0c0d0s0_sm3,premulalpha
lm_sm_spot_b0c0n0_nc_sm3,premulalpha
lm_sm_spot_b0c0n0_sm3,premulalpha
lm_sm_spot_b0c0n0b1c1n1s1_nc_sm3,premulalpha
lm_sm_spot_b0c0n0s0_nc_sm3,premulalpha
lm_sm_spot_b0c0n0s0_sm3,premulalpha
lm_sm_spot_b0c0n0s0a1c1_nc_sm3,premulalpha
lm_sm_spot_b0c0n0s0b1c1_nc_sm3,premulalpha
lm_sm_spot_b0c0n0s0b1c1n1_nc_sm3,premulalpha
lm_sm_spot_b0c0n0s0b1c1n1s1_nc_sm3,premulalpha
lm_sm_spot_b0c0n0s0b1c1n1s1b2c2n2s2_nc_sm3,premulalpha
lm_sm_spot_b0c0n0s0b1c1n1s1t2c2n2s2_nc_sm3,premulalpha
lm_sm_spot_b0c0n0s0b1c1s1_nc_sm3,premulalpha
lm_sm_spot_b0c0n0s0t1c1_nc_sm3,premulalpha
lm_sm_spot_b0c0n0s0t1c1n1s1_nc_sm3,premulalpha
lm_sm_spot_b0c0n0s0t1c1n1s1b2c2n2s2_nc_sm3,premulalpha
lm_sm_spot_b0c0n0s0t1c1n1s1t2c2n2s2_nc_sm3,premulalpha
lm_sm_spot_b0c0n0t1c1n1s1_nc_sm3,premulalpha
lm_sm_spot_b0c0s0_nc_sm3,premulalpha
lm_sm_spot_b0c0s0_sm3,premulalpha
lm_sm_spot_b0c0s0b1c1s1_nc_sm3,premulalpha
lm_sm_spot_b0c0s0t1c1n1s1_nc_sm3,premulalpha
lm_sm_spot_r0c0_nc_sm3,default
lm_sm_spot_r0c0_sm3,default
lm_sm_spot_r0c0a1c1_nc_sm3,default
lm_sm_spot_r0c0b1c1_nc_sm3,default
lm_sm_spot_r0c0b1c1m2c2_nc_sm3,default
lm_sm_spot_r0c0b1c1m2c2m3c3_nc_sm3,default
lm_sm_spot_r0c0b1c1n1_nc_sm3,default
lm_sm_spot_r0c0b1c1n1s1_nc_sm3,default
lm_sm_spot_r0c0b1c1n1s1b2c2_nc_sm3,default
lm_sm_spot_r0c0b1c1n1s1m2c2_nc_sm3,default
lm_sm_spot_r0c0b1c1s1_nc_sm3,default
lm_sm_spot_r0c0d0_nc_sm3,default
lm_sm_spot_r0c0d0_sm3,default
lm_sm_spot_r0c0d0n0_nc_sm3,default
lm_sm_spot_r0c0d0n0_sm3,default
lm_sm_spot_r0c0d0n0s0_nc_sm3,default
lm_sm_spot_r0c0d0n0s0_sm3,default
lm_sm_spot_r0c0d0n0s0b1c1_nc_sm3,default
lm_sm_spot_r0c0d0n0s0b1c1b2c2_nc_sm3,default
lm_sm_spot_r0c0d0n0s0b1c1b2c2d2n2_nc_sm3,default
lm_sm_spot_r0c0d0n0s0b1c1b2c2n2_nc_sm3,default
lm_sm_spot_r0c0d0n0s0b1c1b2c2n2s2_nc_sm3,default
lm_sm_spot_r0c0d0n0s0b1c1b2c2n2s2m3c3_nc_sm3,default
lm_sm_spot_r0c0d0n0s0b1c1d1n1_nc_sm3,default
lm_sm_spot_r0c0d0n0s0b1c1d1n1b2c2_nc_sm3,default
lm_sm_spot_r0c0d0n0s0b1c1d1n1b2c2n2_nc_sm3,default
lm_sm_spot_r0c0d0n0s0b1c1d1n1b2c2n2s2_nc_sm3,default
lm_sm_spot_r0c0d0n0s0b1c1d1n1m2c2_nc_sm3,default
lm_sm_spot_r0c0d0n0s0b1c1d1n1m2c2m3c3_nc_sm3,default
lm_sm_spot_r0c0d0n0s0b1c1d1n1s1_nc_sm3,default
lm_sm_spot_r0c0d0n0s0b1c1d1n1s1b2c2n2_nc_sm3,default
lm_sm_spot_r0c0d0n0s0b1c1m2c2_nc_sm3,default
lm_sm_spot_r0c0d0n0s0b1c1n1_nc_sm3,default
lm_sm_spot_r0c0d0n0s0b1c1n1b2c2n2_nc_sm3,default
lm_sm_spot_r0c0d0n0s0b1c1n1b2c2n2s2_nc_sm3,default
lm_sm_spot_r0c0d0n0s0b1c1n1m2c2_nc_sm3,default
lm_sm_spot_r0c0d0n0s0b1c1n1m2c2m3c3_nc_sm3,default
lm_sm_spot_r0c0d0n0s0b1c1n1m2c2m3c3m4c4_nc_sm3,default
lm_sm_spot_r0c0d0n0s0b1c1n1s1_nc_sm3,default
lm_sm_spot_r0c0d0n0s0b1c1n1s1b2c2_nc_sm3,default
lm_sm_spot_r0c0d0n0s0b1c1n1s1b2c2n2_nc_sm3,default
lm_sm_spot_r0c0d0n0s0b1c1n1s1b2c2n2s2_nc_sm3,default
lm_sm_spot_r0c0d0n0s0b1c1n1s1b2c2s2_nc_sm3,default
lm_sm_spot_r0c0d0n0s0b1c1n1s1m2c2_nc_sm3,default
lm_sm_spot_r0c0d0n0s0b1c1n1s1m2c2m3c3_nc_sm3,default
lm_sm_spot_r0c0d0n0s0b1c1n1s1m2c2m3c3m4c4_nc_sm3,default
lm_sm_spot_r0c0d0n0s0b1c1n1s1t2c2n2s2_nc_sm3,default
lm_sm_spot_r0c0d0n0s0b1c1s1_nc_sm3,default
lm_sm_spot_r0c0d0n0s0b1c1s1m2c2_nc_sm3,default
lm_sm_spot_r0c0d0n0s0m1c1_nc_sm3,default
lm_sm_spot_r0c0d0n0s0m1c1b2c2n2_nc_sm3,default
lm_sm_spot_r0c0d0n0s0m1c1m2c2_nc_sm3,default
lm_sm_spot_r0c0d0n0s0m1c1m2c2m3c3_nc_sm3,default
lm_sm_spot_r0c0d0n0s0m1c1t2c2n2s2_nc_sm3,default
lm_sm_spot_r0c0d0n0s0t1c1_nc_sm3,default
lm_sm_spot_r0c0d0n0s0t1c1n1b2c2n2s2_nc_sm3,default
lm_sm_spot_r0c0d0n0s0t1c1n1s1_nc_sm3,default
lm_sm_spot_r0c0d0n0s0t1c1n1s1m2c2_nc_sm3,default
lm_sm_spot_r0c0d0s0_nc_sm3,default
lm_sm_spot_r0c0d0s0_sm3,default
lm_sm_spot_r0c0m1c1_nc_sm3,default
lm_sm_spot_r0c0m1c1m2c2_nc_sm3,default
lm_sm_spot_r0c0m1c1m2c2m3c3_nc_sm3,default
lm_sm_spot_r0c0n0_nc_sm3,default
lm_sm_spot_r0c0n0_sm3,default
lm_sm_spot_r0c0n0b1c1_nc_sm3,default
lm_sm_spot_r0c0n0b1c1b2c2n2_nc_sm3,default
lm_sm_spot_r0c0n0b1c1d1n1_nc_sm3,default
lm_sm_spot_r0c0n0b1c1d1n1m2c2_nc_sm3,default
lm_sm_spot_r0c0n0b1c1m2c2_nc_sm3,default
lm_sm_spot_r0c0n0b1c1n1_nc_sm3,default
lm_sm_spot_r0c0n0b1c1n1b2c2n2_nc_sm3,default
lm_sm_spot_r0c0n0b1c1n1b2c2n2s2_nc_sm3,default
lm_sm_spot_r0c0n0b1c1n1m2c2_nc_sm3,default
lm_sm_spot_r0c0n0b1c1n1m2c2m3c3_nc_sm3,default
lm_sm_spot_r0c0n0b1c1n1s1_nc_sm3,default
lm_sm_spot_r0c0n0b1c1n1s1b2c2n2_nc_sm3,default
lm_sm_spot_r0c0n0b1c1n1s1b2c2n2s2_nc_sm3,default
lm_sm_spot_r0c0n0b1c1n1s1m2c2_nc_sm3,default
lm_sm_spot_r0c0n0b1c1s1_nc_sm3,default
lm_sm_spot_r0c0n0m1c1_nc_sm3,default
lm_sm_spot_r0c0n0m1c1m2c2_nc_sm3,default
lm_sm_spot_r0c0n0s0_nc_sm3,default
lm_sm_spot_r0c0n0s0_sm3,default
lm_sm_spot_r0c0n0s0a1c1_nc_sm3,default
lm_sm_spot_r0c0n0s0b1c1_nc_sm3,default
lm_sm_spot_r0c0n0s0b1c1b2c2_nc_sm3,default
lm_sm_spot_r0c0n0s0b1c1b2c2b3c3_nc_sm3,default
lm_sm_spot_r0c0n0s0b1c1b2c2b3c3s3_nc_sm3,default
lm_sm_spot_r0c0n0s0b1c1b2c2d2n2b3c3_nc_sm3,default
lm_sm_spot_r0c0n0s0b1c1b2c2d2n2m3c3_nc_sm3,default
lm_sm_spot_r0c0n0s0b1c1b2c2m3c3_nc_sm3,default
lm_sm_spot_r0c0n0s0b1c1b2c2m3c3m4c4_nc_sm3,default
lm_sm_spot_r0c0n0s0b1c1b2c2n2_nc_sm3,default
lm_sm_spot_r0c0n0s0b1c1b2c2n2m3c3_nc_sm3,default
lm_sm_spot_r0c0n0s0b1c1b2c2n2s2_nc_sm3,default
lm_sm_spot_r0c0n0s0b1c1b2c2n2s2m3c3_nc_sm3,default
lm_sm_spot_r0c0n0s0b1c1b2c2s2_nc_sm3,default
lm_sm_spot_r0c0n0s0b1c1b2c2s2m3c3_nc_sm3,default
lm_sm_spot_r0c0n0s0b1c1d1n1_nc_sm3,default
lm_sm_spot_r0c0n0s0b1c1d1n1b2c2_nc_sm3,default
lm_sm_spot_r0c0n0s0b1c1d1n1b2c2n2_nc_sm3,default
lm_sm_spot_r0c0n0s0b1c1d1n1b2c2n2s2_nc_sm3,default
lm_sm_spot_r0c0n0s0b1c1d1n1b2c2s2_nc_sm3,default
lm_sm_spot_r0c0n0s0b1c1d1n1m2c2_nc_sm3,default
lm_sm_spot_r0c0n0s0b1c1d1n1m2c2m3c3_nc_sm3,default
lm_sm_spot_r0c0n0s0b1c1d1n1s1_nc_sm3,default
lm_sm_spot_r0c0n0s0b1c1d1n1s1b2c2d2n2_nc_sm3,default
lm_sm_spot_r0c0n0s0b1c1d1n1s1b2c2n2_nc_sm3,default
lm_sm_spot_r0c0n0s0b1c1d1n1s1b2c2n2s2_nc_sm3,default
lm_sm_spot_r0c0n0s0b1c1d1n1s1m2c2_nc_sm3,default
lm_sm_spot_r0c0n0s0b1c1d1n1s1t2c2n2s2_nc_sm3,default
lm_sm_spot_r0c0n0s0b1c1m2c2_nc_sm3,default
lm_sm_spot_r0c0n0s0b1c1m2c2m3c3_nc_sm3,default
lm_sm_spot_r0c0n0s0b1c1m2c2m3c3m4c4_nc_sm3,default
lm_sm_spot_r0c0n0s0b1c1n1_nc_sm3,default
lm_sm_spot_r0c0n0s0b1c1n1b2c2n2_nc_sm3,default
lm_sm_spot_r0c0n0s0b1c1n1b2c2n2s2_nc_sm3,default
lm_sm_spot_r0c0n0s0b1c1n1b2c2s2m3c3_nc_sm3,default
lm_sm_spot_r0c0n0s0b1c1n1m2c2_nc_sm3,default
lm_sm_spot_r0c0n0s0b1c1n1m2c2m3c3_nc_sm3,default
lm_sm_spot_r0c0n0s0b1c1n1s1_nc_sm3,default
lm_sm_spot_r0c0n0s0b1c1n1s1a2c2_nc_sm3,default
lm_sm_spot_r0c0n0s0b1c1n1s1b2c2_nc_sm3,default
lm_sm_spot_r0c0n0s0b1c1n1s1b2c2b3c3_nc_sm3,default
lm_sm_spot_r0c0n0s0b1c1n1s1b2c2d2n2_nc_sm3,default
lm_sm_spot_r0c0n0s0b1c1n1s1b2c2m3c3_nc_sm3,default
lm_sm_spot_r0c0n0s0b1c1n1s1b2c2n2_nc_sm3,default
lm_sm_spot_r0c0n0s0b1c1n1s1b2c2n2s2_nc_sm3,default
lm_sm_spot_r0c0n0s0b1c1n1s1b2c2s2_nc_sm3,default
lm_sm_spot_r0c0n0s0b1c1n1s1b2c2s2b3c3s3_nc_sm3,default
lm_sm_spot_r0c0n0s0b1c1n1s1b2c2s2m3c3_nc_sm3,default
lm_sm_spot_r0c0n0s0b1c1n1s1m2c2_nc_sm3,default
lm_sm_spot_r0c0n0s0b1c1n1s1m2c2m3c3_nc_sm3,default
lm_sm_spot_r0c0n0s0b1c1n1s1m2c2m3c3m4c4_nc_sm3,default
lm_sm_spot_r0c0n0s0b1c1n1s1t2c2_nc_sm3,default
lm_sm_spot_r0c0n0s0b1c1n1s1t2c2m3c3_nc_sm3,default
lm_sm_spot_r0c0n0s0b1c1n1s1t2c2n2_nc_sm3,default
lm_sm_spot_r0c0n0s0b1c1n1s1t2c2n2s2_nc_sm3,default
lm_sm_spot_r0c0n0s0b1c1n1t2c2n2s2_nc_sm3,default
lm_sm_spot_r0c0n0s0b1c1s1_nc_sm3,default
lm_sm_spot_r0c0n0s0b1c1s1b2c2n2s2_nc_sm3,default
lm_sm_spot_r0c0n0s0b1c1s1b2c2s2_nc_sm3,default
lm_sm_spot_r0c0n0s0b1c1s1m2c2_nc_sm3,default
lm_sm_spot_r0c0n0s0b1c1s1m2c2m3c3_nc_sm3,default
lm_sm_spot_r0c0n0s0b1c1s1m2c2m3c3m4c4_nc_sm3,default
lm_sm_spot_r0c0n0s0b1c1s1t2c2n2s2_nc_sm3,default
lm_sm_spot_r0c0n0s0b1c1t2c2n2s2_nc_sm3,default
lm_sm_spot_r0c0n0s0m1c1_nc_sm3,default
lm_sm_spot_r0c0n0s0m1c1b2c2_nc_sm3,default
lm_sm_spot_r0c0n0s0m1c1b2c2n2_nc_sm3,default
lm_sm_spot_r0c0n0s0m1c1b2c2n2s2_nc_sm3,default
lm_sm_spot_r0c0n0s0m1c1b2c2n2s2m3c3_nc_sm3,default
lm_sm_spot_r0c0n0s0m1c1b2c2s2_nc_sm3,default
lm_sm_spot_r0c0n0s0m1c1m2c2_nc_sm3,default
lm_sm_spot_r0c0n0s0m1c1m2c2m3c3_nc_sm3,default
lm_sm_spot_r0c0n0s0m1c1m2c2m3c3m4c4_nc_sm3,default
lm_sm_spot_r0c0n0s0m1c1t2c2n2s2_nc_sm3,default
lm_sm_spot_r0c0n0s0t1c1_nc_sm3,default
lm_sm_spot_r0c0n0s0t1c1b2c2n2_nc_sm3,default
lm_sm_spot_r0c0n0s0t1c1b2c2n2m3c3_nc_sm3,default
lm_sm_spot_r0c0n0s0t1c1b2c2n2s2_nc_sm3,default
lm_sm_spot_r0c0n0s0t1c1b2c2n2s2m3c3_nc_sm3,default
lm_sm_spot_r0c0n0s0t1c1m2c2_nc_sm3,default
lm_sm_spot_r0c0n0s0t1c1m2c2m3c3_nc_sm3,default
lm_sm_spot_r0c0n0s0t1c1n1_nc_sm3,default
lm_sm_spot_r0c0n0s0t1c1n1b2c2_nc_sm3,default
lm_sm_spot_r0c0n0s0t1c1n1b2c2d2n2_nc_sm3,default
lm_sm_spot_r0c0n0s0t1c1n1b2c2n2_nc_sm3,default
lm_sm_spot_r0c0n0s0t1c1n1b2c2n2s2_nc_sm3,default
lm_sm_spot_r0c0n0s0t1c1n1m2c2_nc_sm3,default
lm_sm_spot_r0c0n0s0t1c1n1m2c2m3c3_nc_sm3,default
lm_sm_spot_r0c0n0s0t1c1n1s1_nc_sm3,default
lm_sm_spot_r0c0n0s0t1c1n1s1b2c2_nc_sm3,default
lm_sm_spot_r0c0n0s0t1c1n1s1b2c2d2n2_nc_sm3,default
lm_sm_spot_r0c0n0s0t1c1n1s1b2c2n2_nc_sm3,default
lm_sm_spot_r0c0n0s0t1c1n1s1b2c2n2s2_nc_sm3,default
lm_sm_spot_r0c0n0s0t1c1n1s1m2c2_nc_sm3,default
lm_sm_spot_r0c0n0s0t1c1n1s1m2c2m3c3_nc_sm3,default
lm_sm_spot_r0c0n0s0t1c1n1s1t2c2n2s2_nc_sm3,default
lm_sm_spot_r0c0n0s0t1c1n1t2c2n2s2_nc_sm3,default
lm_sm_spot_r0c0n0t1c1_nc_sm3,default
lm_sm_spot_r0c0n0t1c1b2c2n2s2_nc_sm3,default
lm_sm_spot_r0c0n0t1c1n1_nc_sm3,default
lm_sm_spot_r0c0n0t1c1n1s1_nc_sm3,default
lm_sm_spot_r0c0n0t1c1n1s1m2c2_nc_sm3,default
lm_sm_spot_r0c0s0_nc_sm3,default
lm_sm_spot_r0c0s0_sm3,default
lm_sm_spot_r0c0s0a1c1_nc_sm3,default
lm_sm_spot_r0c0s0b1c1_nc_sm3,default
lm_sm_spot_r0c0s0b1c1b2c2_nc_sm3,default
lm_sm_spot_r0c0s0b1c1b2c2m3c3_nc_sm3,default
lm_sm_spot_r0c0s0b1c1b2c2n2_nc_sm3,default
lm_sm_spot_r0c0s0b1c1b2c2n2m3c3_nc_sm3,default
lm_sm_spot_r0c0s0b1c1b2c2n2s2_nc_sm3,default
lm_sm_spot_r0c0s0b1c1b2c2s2_nc_sm3,default
lm_sm_spot_r0c0s0b1c1m2c2_nc_sm3,default
lm_sm_spot_r0c0s0b1c1m2c2m3c3_nc_sm3,default
lm_sm_spot_r0c0s0b1c1n1_nc_sm3,default
lm_sm_spot_r0c0s0b1c1n1m2c2_nc_sm3,default
lm_sm_spot_r0c0s0b1c1n1m2c2m3c3_nc_sm3,default
lm_sm_spot_r0c0s0b1c1n1s1_nc_sm3,default
lm_sm_spot_r0c0s0b1c1n1s1b2c2_nc_sm3,default
lm_sm_spot_r0c0s0b1c1n1s1b2c2n2_nc_sm3,default
lm_sm_spot_r0c0s0b1c1n1s1b2c2n2m3c3_nc_sm3,default
lm_sm_spot_r0c0s0b1c1n1s1b2c2n2m3c3m4c4_nc_sm3,default
lm_sm_spot_r0c0s0b1c1n1s1b2c2n2s2_nc_sm3,default
lm_sm_spot_r0c0s0b1c1n1s1b2c2n2s2m3c3_nc_sm3,default
lm_sm_spot_r0c0s0b1c1n1s1b2c2n2s2m3c3m4c4_nc_sm3,default
lm_sm_spot_r0c0s0b1c1n1s1m2c2_nc_sm3,default
lm_sm_spot_r0c0s0b1c1n1s1m2c2m3c3_nc_sm3,default
lm_sm_spot_r0c0s0b1c1n1s1t2c2_nc_sm3,default
lm_sm_spot_r0c0s0b1c1n1s1t2c2n2s2_nc_sm3,default
lm_sm_spot_r0c0s0b1c1s1_nc_sm3,default
lm_sm_spot_r0c0s0b1c1s1m2c2_nc_sm3,default
lm_sm_spot_r0c0s0b1c1s1m2c2m3c3_nc_sm3,default
lm_sm_spot_r0c0s0b1c1s1t2c2n2s2_nc_sm3,default
lm_sm_spot_r0c0s0m1c1_nc_sm3,default
lm_sm_spot_r0c0s0m1c1b2c2n2s2_nc_sm3,default
lm_sm_spot_r0c0s0m1c1m2c2_nc_sm3,default
lm_sm_spot_r0c0s0m1c1m2c2m3c3_nc_sm3,default
lm_sm_spot_r0c0s0m1c1t2c2n2s2_nc_sm3,default
lm_sm_spot_r0c0s0t1c1_nc_sm3,default
lm_sm_spot_r0c0s0t1c1b2c2n2s2_nc_sm3,default
lm_sm_spot_r0c0s0t1c1m2c2_nc_sm3,default
lm_sm_spot_r0c0s0t1c1n1_nc_sm3,default
lm_sm_spot_r0c0s0t1c1n1m2c2_nc_sm3,default
lm_sm_spot_r0c0s0t1c1n1s1_nc_sm3,default
lm_sm_spot_r0c0s0t1c1n1s1b2c2_nc_sm3,default
lm_sm_spot_r0c0s0t1c1n1s1b2c2n2_nc_sm3,default
lm_sm_spot_r0c0s0t1c1n1s1b2c2n2s2_nc_sm3,default
lm_sm_spot_r0c0s0t1c1n1s1m2c2_nc_sm3,default
lm_sm_spot_r0c0t1c1_nc_sm3,default
lm_sm_spot_r0c0t1c1m2c2_nc_sm3,default
lm_sm_spot_r0c0t1c1m2c2m3c3_nc_sm3,default
lm_sm_spot_r0c0t1c1n1_nc_sm3,default
lm_sm_spot_r0c0t1c1n1m2c2_nc_sm3,default
lm_sm_spot_r0c0t1c1n1s1_nc_sm3,default
lm_sm_spot_t0c0_nc_sm3,default
lm_sm_spot_t0c0_sm3,default
lm_sm_spot_t0c0b1c1n1_nc_sm3,premulalpha
lm_sm_spot_t0c0b1c1s1_nc_sm3,premulalpha
lm_sm_spot_t0c0d0_nc_sm3,default
lm_sm_spot_t0c0d0_sm3,default
lm_sm_spot_t0c0d0n0_nc_sm3,default
lm_sm_spot_t0c0d0n0_sm3,default
lm_sm_spot_t0c0d0n0s0_nc_sm3,default
lm_sm_spot_t0c0d0n0s0_sm3,default
lm_sm_spot_t0c0d0s0_nc_sm3,default
lm_sm_spot_t0c0d0s0_sm3,default
lm_sm_spot_t0c0n0_nc_sm3,default
lm_sm_spot_t0c0n0_sm3,default
lm_sm_spot_t0c0n0s0_nc_sm3,default
lm_sm_spot_t0c0n0s0_sm3,default
lm_sm_spot_t0c0n0s0b1c1_nc_sm3,premulalpha
lm_sm_spot_t0c0n0s0b1c1n1s1_nc_sm3,premulalpha
lm_sm_spot_t0c0n0s0b1c1n1s1b2c2n2s2_nc_sm3,premulalpha
lm_sm_spot_t0c0n0s0t1c1n1s1_nc_sm3,default
lm_sm_spot_t0c0n0s0t1c1n1s1t2c2n2s2_nc_sm3,default
lm_sm_spot_t0c0n0t1c1n1_nc_sm3,default
lm_sm_spot_t0c0s0_nc_sm3,default
lm_sm_spot_t0c0s0_sm3,default
lm_sm_sun_a0c0_nc_sm2,default
lm_sm_sun_a0c0_nc_sm3,default
lm_sm_sun_a0c0_sm2,default
lm_sm_sun_a0c0_sm3,default
lm_sm_sun_b0c0_nc_sm2,premulalpha
lm_sm_sun_b0c0_nc_sm3,premulalpha
lm_sm_sun_b0c0_sm2,premulalpha
lm_sm_sun_b0c0_sm3,premulalpha
lm_sm_sun_b0c0b1c1_nc_sm3,premulalpha
lm_sm_sun_b0c0b1c1n1_nc_sm3,premulalpha
lm_sm_sun_b0c0b1c1n1s1_nc_sm3,premulalpha
lm_sm_sun_b0c0b1c1n1s1b2c2n2s2_nc_sm3,premulalpha
lm_sm_sun_b0c0b1c1n1s1t2c2n2s2_nc_sm3,premulalpha
lm_sm_sun_b0c0b1c1s1_nc_sm3,premulalpha
lm_sm_sun_b0c0d0_nc_sm2,premulalpha
lm_sm_sun_b0c0d0_nc_sm3,premulalpha
lm_sm_sun_b0c0d0_sm2,premulalpha
lm_sm_sun_b0c0d0_sm3,premulalpha
lm_sm_sun_b0c0d0n0_nc_sm2,premulalpha
lm_sm_sun_b0c0d0n0_nc_sm3,premulalpha
lm_sm_sun_b0c0d0n0_sm2,premulalpha
lm_sm_sun_b0c0d0n0_sm3,premulalpha
lm_sm_sun_b0c0d0n0b1c1s1_nc_sm3,premulalpha
lm_sm_sun_b0c0d0n0s0_nc_sm3,premulalpha
lm_sm_sun_b0c0d0n0s0_sm3,premulalpha
lm_sm_sun_b0c0d0s0_nc_sm3,premulalpha
lm_sm_sun_b0c0d0s0_sm3,premulalpha
lm_sm_sun_b0c0n0_nc_sm2,premulalpha
lm_sm_sun_b0c0n0_nc_sm3,premulalpha
lm_sm_sun_b0c0n0_sm2,premulalpha
lm_sm_sun_b0c0n0_sm3,premulalpha
lm_sm_sun_b0c0n0b1c1n1s1_nc_sm3,premulalpha
lm_sm_sun_b0c0n0s0_nc_sm3,premulalpha
lm_sm_sun_b0c0n0s0_sm3,premulalpha
lm_sm_sun_b0c0n0s0a1c1_nc_sm3,premulalpha
lm_sm_sun_b0c0n0s0b1c1_nc_sm3,premulalpha
lm_sm_sun_b0c0n0s0b1c1n1_nc_sm3,premulalpha
lm_sm_sun_b0c0n0s0b1c1n1s1_nc_sm3,premulalpha
lm_sm_sun_b0c0n0s0b1c1n1s1b2c2n2s2_nc_sm3,premulalpha
lm_sm_sun_b0c0n0s0b1c1n1s1t2c2n2s2_nc_sm3,premulalpha
lm_sm_sun_b0c0n0s0b1c1s1_nc_sm3,premulalpha
lm_sm_sun_b0c0n0s0t1c1_nc_sm3,premulalpha
lm_sm_sun_b0c0n0s0t1c1n1s1_nc_sm3,premulalpha
lm_sm_sun_b0c0n0s0t1c1n1s1b2c2n2s2_nc_sm3,premulalpha
lm_sm_sun_b0c0n0s0t1c1n1s1t2c2n2s2_nc_sm3,premulalpha
lm_sm_sun_b0c0n0t1c1n1s1_nc_sm3,premulalpha
lm_sm_sun_b0c0s0_nc_sm3,premulalpha
lm_sm_sun_b0c0s0_sm3,premulalpha
lm_sm_sun_b0c0s0b1c1s1_nc_sm3,premulalpha
lm_sm_sun_b0c0s0t1c1n1s1_nc_sm3,premulalpha
lm_sm_sun_r0c0_nc_sm2,default
lm_sm_sun_r0c0_nc_sm3,default
lm_sm_sun_r0c0_sm2,default
lm_sm_sun_r0c0_sm3,default
lm_sm_sun_r0c0a1c1_nc_sm3,default
lm_sm_sun_r0c0b1c1_nc_sm3,default
lm_sm_sun_r0c0b1c1m2c2_nc_sm3,default
lm_sm_sun_r0c0b1c1m2c2m3c3_nc_sm3,default
lm_sm_sun_r0c0b1c1n1_nc_sm3,default
lm_sm_sun_r0c0b1c1n1s1_nc_sm3,default
lm_sm_sun_r0c0b1c1n1s1b2c2_nc_sm3,default
lm_sm_sun_r0c0b1c1n1s1m2c2_nc_sm3,default
lm_sm_sun_r0c0b1c1s1_nc_sm3,default
lm_sm_sun_r0c0d0_nc_sm2,default
lm_sm_sun_r0c0d0_nc_sm3,default
lm_sm_sun_r0c0d0_sm2,default
lm_sm_sun_r0c0d0_sm3,default
lm_sm_sun_r0c0d0n0_nc_sm2,default
lm_sm_sun_r0c0d0n0_nc_sm3,default
lm_sm_sun_r0c0d0n0_sm2,default
lm_sm_sun_r0c0d0n0_sm3,default
lm_sm_sun_r0c0d0n0s0_nc_sm3,default
lm_sm_sun_r0c0d0n0s0_sm3,default
lm_sm_sun_r0c0d0n0s0b1c1_nc_sm3,default
lm_sm_sun_r0c0d0n0s0b1c1b2c2_nc_sm3,default
lm_sm_sun_r0c0d0n0s0b1c1b2c2d2n2_nc_sm3,default
lm_sm_sun_r0c0d0n0s0b1c1b2c2n2_nc_sm3,default
lm_sm_sun_r0c0d0n0s0b1c1b2c2n2s2_nc_sm3,default
lm_sm_sun_r0c0d0n0s0b1c1b2c2n2s2m3c3_nc_sm3,default
lm_sm_sun_r0c0d0n0s0b1c1d1n1_nc_sm3,default
lm_sm_sun_r0c0d0n0s0b1c1d1n1b2c2_nc_sm3,default
lm_sm_sun_r0c0d0n0s0b1c1d1n1b2c2n2_nc_sm3,default
lm_sm_sun_r0c0d0n0s0b1c1d1n1b2c2n2s2_nc_sm3,default
lm_sm_sun_r0c0d0n0s0b1c1d1n1m2c2_nc_sm3,default
lm_sm_sun_r0c0d0n0s0b1c1d1n1m2c2m3c3_nc_sm3,default
lm_sm_sun_r0c0d0n0s0b1c1d1n1s1_nc_sm3,default
lm_sm_sun_r0c0d0n0s0b1c1d1n1s1b2c2n2_nc_sm3,default
lm_sm_sun_r0c0d0n0s0b1c1m2c2_nc_sm3,default
lm_sm_sun_r0c0d0n0s0b1c1n1_nc_sm3,default
lm_sm_sun_r0c0d0n0s0b1c1n1b2c2n2_nc_sm3,default
lm_sm_sun_r0c0d0n0s0b1c1n1b2c2n2s2_nc_sm3,default
lm_sm_sun_r0c0d0n0s0b1c1n1m2c2_nc_sm3,default
lm_sm_sun_r0c0d0n0s0b1c1n1m2c2m3c3_nc_sm3,default
lm_sm_sun_r0c0d0n0s0b1c1n1m2c2m3c3m4c4_nc_sm3,default
lm_sm_sun_r0c0d0n0s0b1c1n1s1_nc_sm3,default
lm_sm_sun_r0c0d0n0s0b1c1n1s1b2c2_nc_sm3,default
lm_sm_sun_r0c0d0n0s0b1c1n1s1b2c2n2_nc_sm3,default
lm_sm_sun_r0c0d0n0s0b1c1n1s1b2c2n2s2_nc_sm3,default
lm_sm_sun_r0c0d0n0s0b1c1n1s1b2c2s2_nc_sm3,default
lm_sm_sun_r0c0d0n0s0b1c1n1s1m2c2_nc_sm3,default
lm_sm_sun_r0c0d0n0s0b1c1n1s1m2c2m3c3_nc_sm3,default
lm_sm_sun_r0c0d0n0s0b1c1n1s1m2c2m3c3m4c4_nc_sm3,default
lm_sm_sun_r0c0d0n0s0b1c1n1s1t2c2n2s2_nc_sm3,default
lm_sm_sun_r0c0d0n0s0b1c1s1_nc_sm3,default
lm_sm_sun_r0c0d0n0s0b1c1s1m2c2_nc_sm3,default
lm_sm_sun_r0c0d0n0s0m1c1_nc_sm3,default
lm_sm_sun_r0c0d0n0s0m1c1b2c2n2_nc_sm3,default
lm_sm_sun_r0c0d0n0s0m1c1m2c2_nc_sm3,default
lm_sm_sun_r0c0d0n0s0m1c1m2c2m3c3_nc_sm3,default
lm_sm_sun_r0c0d0n0s0m1c1t2c2n2s2_nc_sm3,default
lm_sm_sun_r0c0d0n0s0t1c1_nc_sm3,default
lm_sm_sun_r0c0d0n0s0t1c1n1b2c2n2s2_nc_sm3,default
lm_sm_sun_r0c0d0n0s0t1c1n1s1_nc_sm3,default
lm_sm_sun_r0c0d0n0s0t1c1n1s1m2c2_nc_sm3,default
lm_sm_sun_r0c0d0s0_nc_sm3,default
lm_sm_sun_r0c0d0s0_sm3,default
lm_sm_sun_r0c0m1c1_nc_sm3,default
lm_sm_sun_r0c0m1c1m2c2_nc_sm3,default
lm_sm_sun_r0c0m1c1m2c2m3c3_nc_sm3,default
lm_sm_sun_r0c0n0_nc_sm2,default
lm_sm_sun_r0c0n0_nc_sm3,default
lm_sm_sun_r0c0n0_sm2,default
lm_sm_sun_r0c0n0_sm3,default
lm_sm_sun_r0c0n0b1c1_nc_sm3,default
lm_sm_sun_r0c0n0b1c1b2c2n2_nc_sm3,default
lm_sm_sun_r0c0n0b1c1d1n1_nc_sm3,default
lm_sm_sun_r0c0n0b1c1d1n1m2c2_nc_sm3,default
lm_sm_sun_r0c0n0b1c1m2c2_nc_sm3,default
lm_sm_sun_r0c0n0b1c1n1_nc_sm3,default
lm_sm_sun_r0c0n0b1c1n1b2c2n2_nc_sm3,default
lm_sm_sun_r0c0n0b1c1n1b2c2n2s2_nc_sm3,default
lm_sm_sun_r0c0n0b1c1n1m2c2_nc_sm3,default
lm_sm_sun_r0c0n0b1c1n1m2c2m3c3_nc_sm3,default
lm_sm_sun_r0c0n0b1c1n1s1_nc_sm3,default
lm_sm_sun_r0c0n0b1c1n1s1b2c2n2_nc_sm3,default
lm_sm_sun_r0c0n0b1c1n1s1b2c2n2s2_nc_sm3,default
lm_sm_sun_r0c0n0b1c1n1s1m2c2_nc_sm3,default
lm_sm_sun_r0c0n0b1c1s1_nc_sm3,default
lm_sm_sun_r0c0n0m1c1_nc_sm3,default
lm_sm_sun_r0c0n0m1c1m2c2_nc_sm3,default
lm_sm_sun_r0c0n0s0_nc_sm3,default
lm_sm_sun_r0c0n0s0_sm3,default
lm_sm_sun_r0c0n0s0a1c1_nc_sm3,default
lm_sm_sun_r0c0n0s0b1c1_nc_sm3,default
lm_sm_sun_r0c0n0s0b1c1b2c2_nc_sm3,default
lm_sm_sun_r0c0n0s0b1c1b2c2b3c3_nc_sm3,default
lm_sm_sun_r0c0n0s0b1c1b2c2b3c3s3_nc_sm3,default
lm_sm_sun_r0c0n0s0b1c1b2c2d2n2b3c3_nc_sm3,default
lm_sm_sun_r0c0n0s0b1c1b2c2d2n2m3c3_nc_sm3,default
lm_sm_sun_r0c0n0s0b1c1b2c2m3c3_nc_sm3,default
lm_sm_sun_r0c0n0s0b1c1b2c2m3c3m4c4_nc_sm3,default
lm_sm_sun_r0c0n0s0b1c1b2c2n2_nc_sm3,default
lm_sm_sun_r0c0n0s0b1c1b2c2n2m3c3_nc_sm3,default
lm_sm_sun_r0c0n0s0b1c1b2c2n2s2_nc_sm3,default
lm_sm_sun_r0c0n0s0b1c1b2c2n2s2m3c3_nc_sm3,default
lm_sm_sun_r0c0n0s0b1c1b2c2s2_nc_sm3,default
lm_sm_sun_r0c0n0s0b1c1b2c2s2m3c3_nc_sm3,default
lm_sm_sun_r0c0n0s0b1c1d1n1_nc_sm3,default
lm_sm_sun_r0c0n0s0b1c1d1n1b2c2_nc_sm3,default
lm_sm_sun_r0c0n0s0b1c1d1n1b2c2n2_nc_sm3,default
lm_sm_sun_r0c0n0s0b1c1d1n1b2c2n2s2_nc_sm3,default
lm_sm_sun_r0c0n0s0b1c1d1n1b2c2s2_nc_sm3,default
lm_sm_sun_r0c0n0s0b1c1d1n1m2c2_nc_sm3,default
lm_sm_sun_r0c0n0s0b1c1d1n1m2c2m3c3_nc_sm3,default
lm_sm_sun_r0c0n0s0b1c1d1n1s1_nc_sm3,default
lm_sm_sun_r0c0n0s0b1c1d1n1s1b2c2d2n2_nc_sm3,default
lm_sm_sun_r0c0n0s0b1c1d1n1s1b2c2n2_nc_sm3,default
lm_sm_sun_r0c0n0s0b1c1d1n1s1b2c2n2s2_nc_sm3,default
lm_sm_sun_r0c0n0s0b1c1d1n1s1m2c2_nc_sm3,default
lm_sm_sun_r0c0n0s0b1c1d1n1s1t2c2n2s2_nc_sm3,default
lm_sm_sun_r0c0n0s0b1c1m2c2_nc_sm3,default
lm_sm_sun_r0c0n0s0b1c1m2c2m3c3_nc_sm3,default
lm_sm_sun_r0c0n0s0b1c1m2c2m3c3m4c4_nc_sm3,default
lm_sm_sun_r0c0n0s0b1c1n1_nc_sm3,default
lm_sm_sun_r0c0n0s0b1c1n1b2c2n2_nc_sm3,default
lm_sm_sun_r0c0n0s0b1c1n1b2c2n2s2_nc_sm3,default
lm_sm_sun_r0c0n0s0b1c1n1b2c2s2m3c3_nc_sm3,default
lm_sm_sun_r0c0n0s0b1c1n1m2c2_nc_sm3,default
lm_sm_sun_r0c0n0s0b1c1n1m2c2m3c3_nc_sm3,default
lm_sm_sun_r0c0n0s0b1c1n1s1_nc_sm3,default
lm_sm_sun_r0c0n0s0b1c1n1s1a2c2_nc_sm3,default
lm_sm_sun_r0c0n0s0b1c1n1s1b2c2_nc_sm3,default
lm_sm_sun_r0c0n0s0b1c1n1s1b2c2b3c3_nc_sm3,default
lm_sm_sun_r0c0n0s0b1c1n1s1b2c2d2n2_nc_sm3,default
lm_sm_sun_r0c0n0s0b1c1n1s1b2c2m3c3_nc_sm3,default
lm_sm_sun_r0c0n0s0b1c1n1s1b2c2n2_nc_sm3,default
lm_sm_sun_r0c0n0s0b1c1n1s1b2c2n2s2_nc_sm3,default
lm_sm_sun_r0c0n0s0b1c1n1s1b2c2s2_nc_sm3,default
lm_sm_sun_r0c0n0s0b1c1n1s1b2c2s2b3c3s3_nc_sm3,default
lm_sm_sun_r0c0n0s0b1c1n1s1b2c2s2m3c3_nc_sm3,default
lm_sm_sun_r0c0n0s0b1c1n1s1m2c2_nc_sm3,default
lm_sm_sun_r0c0n0s0b1c1n1s1m2c2m3c3_nc_sm3,default
lm_sm_sun_r0c0n0s0b1c1n1s1m2c2m3c3m4c4_nc_sm3,default
lm_sm_sun_r0c0n0s0b1c1n1s1t2c2_nc_sm3,default
lm_sm_sun_r0c0n0s0b1c1n1s1t2c2m3c3_nc_sm3,default
lm_sm_sun_r0c0n0s0b1c1n1s1t2c2n2_nc_sm3,default
lm_sm_sun_r0c0n0s0b1c1n1s1t2c2n2s2_nc_sm3,default
lm_sm_sun_r0c0n0s0b1c1n1t2c2n2s2_nc_sm3,default
lm_sm_sun_r0c0n0s0b1c1s1_nc_sm3,default
lm_sm_sun_r0c0n0s0b1c1s1b2c2n2s2_nc_sm3,default
lm_sm_sun_r0c0n0s0b1c1s1b2c2s2_nc_sm3,default
lm_sm_sun_r0c0n0s0b1c1s1m2c2_nc_sm3,default
lm_sm_sun_r0c0n0s0b1c1s1m2c2m3c3_nc_sm3,default
lm_sm_sun_r0c0n0s0b1c1s1m2c2m3c3m4c4_nc_sm3,default
lm_sm_sun_r0c0n0s0b1c1s1t2c2n2s2_nc_sm3,default
lm_sm_sun_r0c0n0s0b1c1t2c2n2s2_nc_sm3,default
lm_sm_sun_r0c0n0s0m1c1_nc_sm3,default
lm_sm_sun_r0c0n0s0m1c1b2c2_nc_sm3,default
lm_sm_sun_r0c0n0s0m1c1b2c2n2_nc_sm3,default
lm_sm_sun_r0c0n0s0m1c1b2c2n2s2_nc_sm3,default
lm_sm_sun_r0c0n0s0m1c1b2c2n2s2m3c3_nc_sm3,default
lm_sm_sun_r0c0n0s0m1c1b2c2s2_nc_sm3,default
lm_sm_sun_r0c0n0s0m1c1m2c2_nc_sm3,default
lm_sm_sun_r0c0n0s0m1c1m2c2m3c3_nc_sm3,default
lm_sm_sun_r0c0n0s0m1c1m2c2m3c3m4c4_nc_sm3,default
lm_sm_sun_r0c0n0s0m1c1t2c2n2s2_nc_sm3,default
lm_sm_sun_r0c0n0s0t1c1_nc_sm3,default
lm_sm_sun_r0c0n0s0t1c1b2c2n2_nc_sm3,default
lm_sm_sun_r0c0n0s0t1c1b2c2n2m3c3_nc_sm3,default
lm_sm_sun_r0c0n0s0t1c1b2c2n2s2_nc_sm3,default
lm_sm_sun_r0c0n0s0t1c1b2c2n2s2m3c3_nc_sm3,default
lm_sm_sun_r0c0n0s0t1c1m2c2_nc_sm3,default
lm_sm_sun_r0c0n0s0t1c1m2c2m3c3_nc_sm3,default
lm_sm_sun_r0c0n0s0t1c1n1_nc_sm3,default
lm_sm_sun_r0c0n0s0t1c1n1b2c2_nc_sm3,default
lm_sm_sun_r0c0n0s0t1c1n1b2c2d2n2_nc_sm3,default
lm_sm_sun_r0c0n0s0t1c1n1b2c2n2_nc_sm3,default
lm_sm_sun_r0c0n0s0t1c1n1b2c2n2s2_nc_sm3,default
lm_sm_sun_r0c0n0s0t1c1n1m2c2_nc_sm3,default
lm_sm_sun_r0c0n0s0t1c1n1m2c2m3c3_nc_sm3,default
lm_sm_sun_r0c0n0s0t1c1n1s1_nc_sm3,default
lm_sm_sun_r0c0n0s0t1c1n1s1b2c2_nc_sm3,default
lm_sm_sun_r0c0n0s0t1c1n1s1b2c2d2n2_nc_sm3,default
lm_sm_sun_r0c0n0s0t1c1n1s1b2c2n2_nc_sm3,default
lm_sm_sun_r0c0n0s0t1c1n1s1b2c2n2s2_nc_sm3,default
lm_sm_sun_r0c0n0s0t1c1n1s1m2c2_nc_sm3,default
lm_sm_sun_r0c0n0s0t1c1n1s1m2c2m3c3_nc_sm3,default
lm_sm_sun_r0c0n0s0t1c1n1s1t2c2n2s2_nc_sm3,default
lm_sm_sun_r0c0n0s0t1c1n1t2c2n2s2_nc_sm3,default
lm_sm_sun_r0c0n0t1c1_nc_sm3,default
lm_sm_sun_r0c0n0t1c1b2c2n2s2_nc_sm3,default
lm_sm_sun_r0c0n0t1c1n1_nc_sm3,default
lm_sm_sun_r0c0n0t1c1n1s1_nc_sm3,default
lm_sm_sun_r0c0n0t1c1n1s1m2c2_nc_sm3,default
lm_sm_sun_r0c0s0_nc_sm3,default
lm_sm_sun_r0c0s0_sm3,default
lm_sm_sun_r0c0s0a1c1_nc_sm3,default
lm_sm_sun_r0c0s0b1c1_nc_sm3,default
lm_sm_sun_r0c0s0b1c1b2c2_nc_sm3,default
lm_sm_sun_r0c0s0b1c1b2c2m3c3_nc_sm3,default
lm_sm_sun_r0c0s0b1c1b2c2n2_nc_sm3,default
lm_sm_sun_r0c0s0b1c1b2c2n2m3c3_nc_sm3,default
lm_sm_sun_r0c0s0b1c1b2c2n2s2_nc_sm3,default
lm_sm_sun_r0c0s0b1c1b2c2s2_nc_sm3,default
lm_sm_sun_r0c0s0b1c1m2c2_nc_sm3,default
lm_sm_sun_r0c0s0b1c1m2c2m3c3_nc_sm3,default
lm_sm_sun_r0c0s0b1c1n1_nc_sm3,default
lm_sm_sun_r0c0s0b1c1n1m2c2_nc_sm3,default
lm_sm_sun_r0c0s0b1c1n1m2c2m3c3_nc_sm3,default
lm_sm_sun_r0c0s0b1c1n1s1_nc_sm3,default
lm_sm_sun_r0c0s0b1c1n1s1b2c2_nc_sm3,default
lm_sm_sun_r0c0s0b1c1n1s1b2c2n2_nc_sm3,default
lm_sm_sun_r0c0s0b1c1n1s1b2c2n2m3c3_nc_sm3,default
lm_sm_sun_r0c0s0b1c1n1s1b2c2n2m3c3m4c4_nc_sm3,default
lm_sm_sun_r0c0s0b1c1n1s1b2c2n2s2_nc_sm3,default
lm_sm_sun_r0c0s0b1c1n1s1b2c2n2s2m3c3_nc_sm3,default
lm_sm_sun_r0c0s0b1c1n1s1b2c2n2s2m3c3m4c4_nc_sm3,default
lm_sm_sun_r0c0s0b1c1n1s1m2c2_nc_sm3,default
lm_sm_sun_r0c0s0b1c1n1s1m2c2m3c3_nc_sm3,default
lm_sm_sun_r0c0s0b1c1n1s1t2c2_nc_sm3,default
lm_sm_sun_r0c0s0b1c1n1s1t2c2n2s2_nc_sm3,default
lm_sm_sun_r0c0s0b1c1s1_nc_sm3,default
lm_sm_sun_r0c0s0b1c1s1m2c2_nc_sm3,default
lm_sm_sun_r0c0s0b1c1s1m2c2m3c3_nc_sm3,default
lm_sm_sun_r0c0s0b1c1s1t2c2n2s2_nc_sm3,default
lm_sm_sun_r0c0s0m1c1_nc_sm3,default
lm_sm_sun_r0c0s0m1c1b2c2n2s2_nc_sm3,default
lm_sm_sun_r0c0s0m1c1m2c2_nc_sm3,default
lm_sm_sun_r0c0s0m1c1m2c2m3c3_nc_sm3,default
lm_sm_sun_r0c0s0m1c1t2c2n2s2_nc_sm3,default
lm_sm_sun_r0c0s0t1c1_nc_sm3,default
lm_sm_sun_r0c0s0t1c1b2c2n2s2_nc_sm3,default
lm_sm_sun_r0c0s0t1c1m2c2_nc_sm3,default
lm_sm_sun_r0c0s0t1c1n1_nc_sm3,default
lm_sm_sun_r0c0s0t1c1n1m2c2_nc_sm3,default
lm_sm_sun_r0c0s0t1c1n1s1_nc_sm3,default
lm_sm_sun_r0c0s0t1c1n1s1b2c2_nc_sm3,default
lm_sm_sun_r0c0s0t1c1n1s1b2c2n2_nc_sm3,default
lm_sm_sun_r0c0s0t1c1n1s1b2c2n2s2_nc_sm3,default
lm_sm_sun_r0c0s0t1c1n1s1m2c2_nc_sm3,default
lm_sm_sun_r0c0t1c1_nc_sm3,default
lm_sm_sun_r0c0t1c1m2c2_nc_sm3,default
lm_sm_sun_r0c0t1c1m2c2m3c3_nc_sm3,default
lm_sm_sun_r0c0t1c1n1_nc_sm3,default
lm_sm_sun_r0c0t1c1n1m2c2_nc_sm3,default
lm_sm_sun_r0c0t1c1n1s1_nc_sm3,default
lm_sm_sun_t0c0_nc_sm2,default
lm_sm_sun_t0c0_nc_sm3,default
lm_sm_sun_t0c0_sm2,default
lm_sm_sun_t0c0_sm3,default
lm_sm_sun_t0c0b1c1n1_nc_sm3,premulalpha
lm_sm_sun_t0c0b1c1s1_nc_sm3,premulalpha
lm_sm_sun_t0c0d0_nc_sm2,default
lm_sm_sun_t0c0d0_nc_sm3,default
lm_sm_sun_t0c0d0_sm2,default
lm_sm_sun_t0c0d0_sm3,default
lm_sm_sun_t0c0d0n0_nc_sm2,default
lm_sm_sun_t0c0d0n0_nc_sm3,default
lm_sm_sun_t0c0d0n0_sm2,default
lm_sm_sun_t0c0d0n0_sm3,default
lm_sm_sun_t0c0d0n0s0_nc_sm3,default
lm_sm_sun_t0c0d0n0s0_sm3,default
lm_sm_sun_t0c0d0s0_nc_sm3,default
lm_sm_sun_t0c0d0s0_sm3,default
lm_sm_sun_t0c0n0_nc_sm2,default
lm_sm_sun_t0c0n0_nc_sm3,default
lm_sm_sun_t0c0n0_sm2,default
lm_sm_sun_t0c0n0_sm3,default
lm_sm_sun_t0c0n0s0_nc_sm3,default
lm_sm_sun_t0c0n0s0_sm3,default
lm_sm_sun_t0c0n0s0b1c1_nc_sm3,premulalpha
lm_sm_sun_t0c0n0s0b1c1n1s1_nc_sm3,premulalpha
lm_sm_sun_t0c0n0s0b1c1n1s1b2c2n2s2_nc_sm3,premulalpha
lm_sm_sun_t0c0n0s0t1c1n1s1_nc_sm3,default
lm_sm_sun_t0c0n0s0t1c1n1s1t2c2n2s2_nc_sm3,default
lm_sm_sun_t0c0n0t1c1n1_nc_sm3,default
lm_sm_sun_t0c0s0_nc_sm3,default
lm_sm_sun_t0c0s0_sm3,default
lm_spot_a0c0_nc_sm2,default
lm_spot_a0c0_nc_sm3,default
lm_spot_a0c0_sm2,default
lm_spot_a0c0_sm3,default
lm_spot_b0c0_nc_sm2,premulalpha
lm_spot_b0c0_nc_sm3,premulalpha
lm_spot_b0c0_sm2,premulalpha
lm_spot_b0c0_sm3,premulalpha
lm_spot_b0c0a1c1_nc_sm2,premulalpha
lm_spot_b0c0b1c1_nc_sm2,premulalpha
lm_spot_b0c0b1c1_nc_sm3,premulalpha
lm_spot_b0c0b1c1b2c2_nc_sm2,premulalpha
lm_spot_b0c0b1c1n1_nc_sm3,premulalpha
lm_spot_b0c0b1c1n1s1_nc_sm3,premulalpha
lm_spot_b0c0b1c1n1s1b2c2n2s2_nc_sm3,premulalpha
lm_spot_b0c0b1c1n1s1t2c2n2s2_nc_sm3,premulalpha
lm_spot_b0c0b1c1s1_nc_sm3,premulalpha
lm_spot_b0c0b1c1t2c2_nc_sm2,premulalpha
lm_spot_b0c0d0_nc_sm2,premulalpha
lm_spot_b0c0d0_nc_sm3,premulalpha
lm_spot_b0c0d0_sm2,premulalpha
lm_spot_b0c0d0_sm3,premulalpha
lm_spot_b0c0d0b1c1_nc_sm2,premulalpha
lm_spot_b0c0d0n0_nc_sm2,premulalpha
lm_spot_b0c0d0n0_nc_sm3,premulalpha
lm_spot_b0c0d0n0_sm2,premulalpha
lm_spot_b0c0d0n0_sm3,premulalpha
lm_spot_b0c0d0n0b1c1s1_nc_sm3,premulalpha
lm_spot_b0c0d0n0s0_nc_sm3,premulalpha
lm_spot_b0c0d0n0s0_sm3,premulalpha
lm_spot_b0c0d0s0_nc_sm3,premulalpha
lm_spot_b0c0d0s0_sm3,premulalpha
lm_spot_b0c0n0_nc_sm2,premulalpha
lm_spot_b0c0n0_nc_sm3,premulalpha
lm_spot_b0c0n0_sm2,premulalpha
lm_spot_b0c0n0_sm3,premulalpha
lm_spot_b0c0n0b1c1n1s1_nc_sm3,premulalpha
lm_spot_b0c0n0s0_nc_sm3,premulalpha
lm_spot_b0c0n0s0_sm3,premulalpha
lm_spot_b0c0n0s0a1c1_nc_sm3,premulalpha
lm_spot_b0c0n0s0b1c1_nc_sm3,premulalpha
lm_spot_b0c0n0s0b1c1n1_nc_sm3,premulalpha
lm_spot_b0c0n0s0b1c1n1s1_nc_sm3,premulalpha
lm_spot_b0c0n0s0b1c1n1s1b2c2n2s2_nc_sm3,premulalpha
lm_spot_b0c0n0s0b1c1n1s1t2c2n2s2_nc_sm3,premulalpha
lm_spot_b0c0n0s0b1c1s1_nc_sm3,premulalpha
lm_spot_b0c0n0s0t1c1_nc_sm3,premulalpha
lm_spot_b0c0n0s0t1c1n1s1_nc_sm3,premulalpha
lm_spot_b0c0n0s0t1c1n1s1b2c2n2s2_nc_sm3,premulalpha
lm_spot_b0c0n0s0t1c1n1s1t2c2n2s2_nc_sm3,premulalpha
lm_spot_b0c0n0t1c1n1s1_nc_sm3,premulalpha
lm_spot_b0c0s0_nc_sm3,premulalpha
lm_spot_b0c0s0_sm3,premulalpha
lm_spot_b0c0s0b1c1s1_nc_sm3,premulalpha
lm_spot_b0c0s0t1c1n1s1_nc_sm3,premulalpha
lm_spot_b0c0t1c1_nc_sm2,premulalpha
lm_spot_b0c0t1c1b2c2_nc_sm2,premulalpha
lm_spot_b0c0t1c1t2c2_nc_sm2,premulalpha
lm_spot_r0c0_nc_sm2,default
lm_spot_r0c0_nc_sm3,default
lm_spot_r0c0_sm2,default
lm_spot_r0c0_sm3,default
lm_spot_r0c0a1c1_nc_sm2,default
lm_spot_r0c0a1c1_nc_sm3,default
lm_spot_r0c0b1c1_nc_sm2,default
lm_spot_r0c0b1c1_nc_sm3,default
lm_spot_r0c0b1c1a2c2_nc_sm2,default
lm_spot_r0c0b1c1b2c2_nc_sm2,default
lm_spot_r0c0b1c1b2c2b3c3_nc_sm2,default
lm_spot_r0c0b1c1b2c2d2_nc_sm2,default
lm_spot_r0c0b1c1b2c2d2b3c3_nc_sm2,default
lm_spot_r0c0b1c1b2c2d2m3c3_nc_sm2,default
lm_spot_r0c0b1c1b2c2m3c3_nc_sm2,default
lm_spot_r0c0b1c1b2c2m3c3m4c4_nc_sm2,default
lm_spot_r0c0b1c1d1_nc_sm2,default
lm_spot_r0c0b1c1d1b2c2_nc_sm2,default
lm_spot_r0c0b1c1d1b2c2d2_nc_sm2,default
lm_spot_r0c0b1c1d1m2c2_nc_sm2,default
lm_spot_r0c0b1c1d1m2c2m3c3_nc_sm2,default
lm_spot_r0c0b1c1d1t2c2_nc_sm2,default
lm_spot_r0c0b1c1m2c2_nc_sm2,default
lm_spot_r0c0b1c1m2c2_nc_sm3,default
lm_spot_r0c0b1c1m2c2m3c3_nc_sm2,default
lm_spot_r0c0b1c1m2c2m3c3_nc_sm3,default
lm_spot_r0c0b1c1m2c2m3c3m4c4_nc_sm2,default
lm_spot_r0c0b1c1n1_nc_sm3,default
lm_spot_r0c0b1c1n1s1_nc_sm3,default
lm_spot_r0c0b1c1n1s1b2c2_nc_sm3,default
lm_spot_r0c0b1c1n1s1m2c2_nc_sm3,default
lm_spot_r0c0b1c1s1_nc_sm3,default
lm_spot_r0c0b1c1t2c2_nc_sm2,default
lm_spot_r0c0b1c1t2c2m3c3_nc_sm2,default
lm_spot_r0c0d0_nc_sm2,default
lm_spot_r0c0d0_nc_sm3,default
lm_spot_r0c0d0_sm2,default
lm_spot_r0c0d0_sm3,default
lm_spot_r0c0d0b1c1_nc_sm2,default
lm_spot_r0c0d0b1c1b2c2_nc_sm2,default
lm_spot_r0c0d0b1c1b2c2d2_nc_sm2,default
lm_spot_r0c0d0b1c1b2c2m3c3_nc_sm2,default
lm_spot_r0c0d0b1c1d1_nc_sm2,default
lm_spot_r0c0d0b1c1d1b2c2_nc_sm2,default
lm_spot_r0c0d0b1c1d1m2c2_nc_sm2,default
lm_spot_r0c0d0b1c1d1m2c2m3c3_nc_sm2,default
lm_spot_r0c0d0b1c1m2c2_nc_sm2,default
lm_spot_r0c0d0b1c1m2c2m3c3_nc_sm2,default
lm_spot_r0c0d0b1c1m2c2m3c3m4c4_nc_sm2,default
lm_spot_r0c0d0b1c1t2c2_nc_sm2,default
lm_spot_r0c0d0m1c1_nc_sm2,default
lm_spot_r0c0d0m1c1b2c2_nc_sm2,default
lm_spot_r0c0d0m1c1m2c2_nc_sm2,default
lm_spot_r0c0d0m1c1m2c2m3c3_nc_sm2,default
lm_spot_r0c0d0m1c1t2c2_nc_sm2,default
lm_spot_r0c0d0n0_nc_sm2,default
lm_spot_r0c0d0n0_nc_sm3,default
lm_spot_r0c0d0n0_sm2,default
lm_spot_r0c0d0n0_sm3,default
lm_spot_r0c0d0n0s0_nc_sm3,default
lm_spot_r0c0d0n0s0_sm3,default
lm_spot_r0c0d0n0s0b1c1_nc_sm3,default
lm_spot_r0c0d0n0s0b1c1b2c2_nc_sm3,default
lm_spot_r0c0d0n0s0b1c1b2c2d2n2_nc_sm3,default
lm_spot_r0c0d0n0s0b1c1b2c2n2_nc_sm3,default
lm_spot_r0c0d0n0s0b1c1b2c2n2s2_nc_sm3,default
lm_spot_r0c0d0n0s0b1c1b2c2n2s2m3c3_nc_sm3,default
lm_spot_r0c0d0n0s0b1c1d1n1_nc_sm3,default
lm_spot_r0c0d0n0s0b1c1d1n1b2c2_nc_sm3,default
lm_spot_r0c0d0n0s0b1c1d1n1b2c2n2_nc_sm3,default
lm_spot_r0c0d0n0s0b1c1d1n1b2c2n2s2_nc_sm3,default
lm_spot_r0c0d0n0s0b1c1d1n1m2c2_nc_sm3,default
lm_spot_r0c0d0n0s0b1c1d1n1m2c2m3c3_nc_sm3,default
lm_spot_r0c0d0n0s0b1c1d1n1s1_nc_sm3,default
lm_spot_r0c0d0n0s0b1c1d1n1s1b2c2n2_nc_sm3,default
lm_spot_r0c0d0n0s0b1c1m2c2_nc_sm3,default
lm_spot_r0c0d0n0s0b1c1n1_nc_sm3,default
lm_spot_r0c0d0n0s0b1c1n1b2c2n2_nc_sm3,default
lm_spot_r0c0d0n0s0b1c1n1b2c2n2s2_nc_sm3,default
lm_spot_r0c0d0n0s0b1c1n1m2c2_nc_sm3,default
lm_spot_r0c0d0n0s0b1c1n1m2c2m3c3_nc_sm3,default
lm_spot_r0c0d0n0s0b1c1n1m2c2m3c3m4c4_nc_sm3,default
lm_spot_r0c0d0n0s0b1c1n1s1_nc_sm3,default
lm_spot_r0c0d0n0s0b1c1n1s1b2c2_nc_sm3,default
lm_spot_r0c0d0n0s0b1c1n1s1b2c2n2_nc_sm3,default
lm_spot_r0c0d0n0s0b1c1n1s1b2c2n2s2_nc_sm3,default
lm_spot_r0c0d0n0s0b1c1n1s1b2c2s2_nc_sm3,default
lm_spot_r0c0d0n0s0b1c1n1s1m2c2_nc_sm3,default
lm_spot_r0c0d0n0s0b1c1n1s1m2c2m3c3_nc_sm3,default
lm_spot_r0c0d0n0s0b1c1n1s1m2c2m3c3m4c4_nc_sm3,default
lm_spot_r0c0d0n0s0b1c1n1s1t2c2n2s2_nc_sm3,default
lm_spot_r0c0d0n0s0b1c1s1_nc_sm3,default
lm_spot_r0c0d0n0s0b1c1s1m2c2_nc_sm3,default
lm_spot_r0c0d0n0s0m1c1_nc_sm3,default
lm_spot_r0c0d0n0s0m1c1b2c2n2_nc_sm3,default
lm_spot_r0c0d0n0s0m1c1m2c2_nc_sm3,default
lm_spot_r0c0d0n0s0m1c1m2c2m3c3_nc_sm3,default
lm_spot_r0c0d0n0s0m1c1t2c2n2s2_nc_sm3,default
lm_spot_r0c0d0n0s0t1c1_nc_sm3,default
lm_spot_r0c0d0n0s0t1c1n1b2c2n2s2_nc_sm3,default
lm_spot_r0c0d0n0s0t1c1n1s1_nc_sm3,default
lm_spot_r0c0d0n0s0t1c1n1s1m2c2_nc_sm3,default
lm_spot_r0c0d0s0_nc_sm3,default
lm_spot_r0c0d0s0_sm3,default
lm_spot_r0c0d0t1c1_nc_sm2,default
lm_spot_r0c0d0t1c1b2c2_nc_sm2,default
lm_spot_r0c0d0t1c1m2c2_nc_sm2,default
lm_spot_r0c0m1c1_nc_sm2,default
lm_spot_r0c0m1c1_nc_sm3,default
lm_spot_r0c0m1c1b2c2_nc_sm2,default
lm_spot_r0c0m1c1b2c2m3c3_nc_sm2,default
lm_spot_r0c0m1c1m2c2_nc_sm2,default
lm_spot_r0c0m1c1m2c2_nc_sm3,default
lm_spot_r0c0m1c1m2c2m3c3_nc_sm2,default
lm_spot_r0c0m1c1m2c2m3c3_nc_sm3,default
lm_spot_r0c0m1c1m2c2m3c3m4c4_nc_sm2,default
lm_spot_r0c0m1c1t2c2_nc_sm2,default
lm_spot_r0c0n0_nc_sm2,default
lm_spot_r0c0n0_nc_sm3,default
lm_spot_r0c0n0_sm2,default
lm_spot_r0c0n0_sm3,default
lm_spot_r0c0n0b1c1_nc_sm3,default
lm_spot_r0c0n0b1c1b2c2n2_nc_sm3,default
lm_spot_r0c0n0b1c1d1n1_nc_sm3,default
lm_spot_r0c0n0b1c1d1n1m2c2_nc_sm3,default
lm_spot_r0c0n0b1c1m2c2_nc_sm3,default
lm_spot_r0c0n0b1c1n1_nc_sm3,default
lm_spot_r0c0n0b1c1n1b2c2n2_nc_sm3,default
lm_spot_r0c0n0b1c1n1b2c2n2s2_nc_sm3,default
lm_spot_r0c0n0b1c1n1m2c2_nc_sm3,default
lm_spot_r0c0n0b1c1n1m2c2m3c3_nc_sm3,default
lm_spot_r0c0n0b1c1n1s1_nc_sm3,default
lm_spot_r0c0n0b1c1n1s1b2c2n2_nc_sm3,default
lm_spot_r0c0n0b1c1n1s1b2c2n2s2_nc_sm3,default
lm_spot_r0c0n0b1c1n1s1m2c2_nc_sm3,default
lm_spot_r0c0n0b1c1s1_nc_sm3,default
lm_spot_r0c0n0m1c1_nc_sm3,default
lm_spot_r0c0n0m1c1m2c2_nc_sm3,default
lm_spot_r0c0n0s0_nc_sm3,default
lm_spot_r0c0n0s0_sm3,default
lm_spot_r0c0n0s0a1c1_nc_sm3,default
lm_spot_r0c0n0s0b1c1_nc_sm3,default
lm_spot_r0c0n0s0b1c1b2c2_nc_sm3,default
lm_spot_r0c0n0s0b1c1b2c2b3c3_nc_sm3,default
lm_spot_r0c0n0s0b1c1b2c2b3c3s3_nc_sm3,default
lm_spot_r0c0n0s0b1c1b2c2d2n2b3c3_nc_sm3,default
lm_spot_r0c0n0s0b1c1b2c2d2n2m3c3_nc_sm3,default
lm_spot_r0c0n0s0b1c1b2c2m3c3_nc_sm3,default
lm_spot_r0c0n0s0b1c1b2c2m3c3m4c4_nc_sm3,default
lm_spot_r0c0n0s0b1c1b2c2n2_nc_sm3,default
lm_spot_r0c0n0s0b1c1b2c2n2m3c3_nc_sm3,default
lm_spot_r0c0n0s0b1c1b2c2n2s2_nc_sm3,default
lm_spot_r0c0n0s0b1c1b2c2n2s2m3c3_nc_sm3,default
lm_spot_r0c0n0s0b1c1b2c2s2_nc_sm3,default
lm_spot_r0c0n0s0b1c1b2c2s2m3c3_nc_sm3,default
lm_spot_r0c0n0s0b1c1d1n1_nc_sm3,default
lm_spot_r0c0n0s0b1c1d1n1b2c2_nc_sm3,default
lm_spot_r0c0n0s0b1c1d1n1b2c2n2_nc_sm3,default
lm_spot_r0c0n0s0b1c1d1n1b2c2n2s2_nc_sm3,default
lm_spot_r0c0n0s0b1c1d1n1b2c2s2_nc_sm3,default
lm_spot_r0c0n0s0b1c1d1n1m2c2_nc_sm3,default
lm_spot_r0c0n0s0b1c1d1n1m2c2m3c3_nc_sm3,default
lm_spot_r0c0n0s0b1c1d1n1s1_nc_sm3,default
lm_spot_r0c0n0s0b1c1d1n1s1b2c2d2n2_nc_sm3,default
lm_spot_r0c0n0s0b1c1d1n1s1b2c2n2_nc_sm3,default
lm_spot_r0c0n0s0b1c1d1n1s1b2c2n2s2_nc_sm3,default
lm_spot_r0c0n0s0b1c1d1n1s1m2c2_nc_sm3,default
lm_spot_r0c0n0s0b1c1d1n1s1t2c2n2s2_nc_sm3,default
lm_spot_r0c0n0s0b1c1m2c2_nc_sm3,default
lm_spot_r0c0n0s0b1c1m2c2m3c3_nc_sm3,default
lm_spot_r0c0n0s0b1c1m2c2m3c3m4c4_nc_sm3,default
lm_spot_r0c0n0s0b1c1n1_nc_sm3,default
lm_spot_r0c0n0s0b1c1n1b2c2n2_nc_sm3,default
lm_spot_r0c0n0s0b1c1n1b2c2n2s2_nc_sm3,default
lm_spot_r0c0n0s0b1c1n1b2c2s2m3c3_nc_sm3,default
lm_spot_r0c0n0s0b1c1n1m2c2_nc_sm3,default
lm_spot_r0c0n0s0b1c1n1m2c2m3c3_nc_sm3,default
lm_spot_r0c0n0s0b1c1n1s1_nc_sm3,default
lm_spot_r0c0n0s0b1c1n1s1a2c2_nc_sm3,default
lm_spot_r0c0n0s0b1c1n1s1b2c2_nc_sm3,default
lm_spot_r0c0n0s0b1c1n1s1b2c2b3c3_nc_sm3,default
lm_spot_r0c0n0s0b1c1n1s1b2c2d2n2_nc_sm3,default
lm_spot_r0c0n0s0b1c1n1s1b2c2m3c3_nc_sm3,default
lm_spot_r0c0n0s0b1c1n1s1b2c2n2_nc_sm3,default
lm_spot_r0c0n0s0b1c1n1s1b2c2n2s2_nc_sm3,default
lm_spot_r0c0n0s0b1c1n1s1b2c2s2_nc_sm3,default
lm_spot_r0c0n0s0b1c1n1s1b2c2s2b3c3s3_nc_sm3,default
lm_spot_r0c0n0s0b1c1n1s1b2c2s2m3c3_nc_sm3,default
lm_spot_r0c0n0s0b1c1n1s1m2c2_nc_sm3,default
lm_spot_r0c0n0s0b1c1n1s1m2c2m3c3_nc_sm3,default
lm_spot_r0c0n0s0b1c1n1s1m2c2m3c3m4c4_nc_sm3,default
lm_spot_r0c0n0s0b1c1n1s1t2c2_nc_sm3,default
lm_spot_r0c0n0s0b1c1n1s1t2c2m3c3_nc_sm3,default
lm_spot_r0c0n0s0b1c1n1s1t2c2n2_nc_sm3,default
lm_spot_r0c0n0s0b1c1n1s1t2c2n2s2_nc_sm3,default
lm_spot_r0c0n0s0b1c1n1t2c2n2s2_nc_sm3,default
lm_spot_r0c0n0s0b1c1s1_nc_sm3,default
lm_spot_r0c0n0s0b1c1s1b2c2n2s2_nc_sm3,default
lm_spot_r0c0n0s0b1c1s1b2c2s2_nc_sm3,default
lm_spot_r0c0n0s0b1c1s1m2c2_nc_sm3,default
lm_spot_r0c0n0s0b1c1s1m2c2m3c3_nc_sm3,default
lm_spot_r0c0n0s0b1c1s1m2c2m3c3m4c4_nc_sm3,default
lm_spot_r0c0n0s0b1c1s1t2c2n2s2_nc_sm3,default
lm_spot_r0c0n0s0b1c1t2c2n2s2_nc_sm3,default
lm_spot_r0c0n0s0m1c1_nc_sm3,default
lm_spot_r0c0n0s0m1c1b2c2_nc_sm3,default
lm_spot_r0c0n0s0m1c1b2c2n2_nc_sm3,default
lm_spot_r0c0n0s0m1c1b2c2n2s2_nc_sm3,default
lm_spot_r0c0n0s0m1c1b2c2n2s2m3c3_nc_sm3,default
lm_spot_r0c0n0s0m1c1b2c2s2_nc_sm3,default
lm_spot_r0c0n0s0m1c1m2c2_nc_sm3,default
lm_spot_r0c0n0s0m1c1m2c2m3c3_nc_sm3,default
lm_spot_r0c0n0s0m1c1m2c2m3c3m4c4_nc_sm3,default
lm_spot_r0c0n0s0m1c1t2c2n2s2_nc_sm3,default
lm_spot_r0c0n0s0t1c1_nc_sm3,default
lm_spot_r0c0n0s0t1c1b2c2n2_nc_sm3,default
lm_spot_r0c0n0s0t1c1b2c2n2m3c3_nc_sm3,default
lm_spot_r0c0n0s0t1c1b2c2n2s2_nc_sm3,default
lm_spot_r0c0n0s0t1c1b2c2n2s2m3c3_nc_sm3,default
lm_spot_r0c0n0s0t1c1m2c2_nc_sm3,default
lm_spot_r0c0n0s0t1c1m2c2m3c3_nc_sm3,default
lm_spot_r0c0n0s0t1c1n1_nc_sm3,default
lm_spot_r0c0n0s0t1c1n1b2c2_nc_sm3,default
lm_spot_r0c0n0s0t1c1n1b2c2d2n2_nc_sm3,default
lm_spot_r0c0n0s0t1c1n1b2c2n2_nc_sm3,default
lm_spot_r0c0n0s0t1c1n1b2c2n2s2_nc_sm3,default
lm_spot_r0c0n0s0t1c1n1m2c2_nc_sm3,default
lm_spot_r0c0n0s0t1c1n1m2c2m3c3_nc_sm3,default
lm_spot_r0c0n0s0t1c1n1s1_nc_sm3,default
lm_spot_r0c0n0s0t1c1n1s1b2c2_nc_sm3,default
lm_spot_r0c0n0s0t1c1n1s1b2c2d2n2_nc_sm3,default
lm_spot_r0c0n0s0t1c1n1s1b2c2n2_nc_sm3,default
lm_spot_r0c0n0s0t1c1n1s1b2c2n2s2_nc_sm3,default
lm_spot_r0c0n0s0t1c1n1s1m2c2_nc_sm3,default
lm_spot_r0c0n0s0t1c1n1s1m2c2m3c3_nc_sm3,default
lm_spot_r0c0n0s0t1c1n1s1t2c2n2s2_nc_sm3,default
lm_spot_r0c0n0s0t1c1n1t2c2n2s2_nc_sm3,default
lm_spot_r0c0n0t1c1_nc_sm3,default
lm_spot_r0c0n0t1c1b2c2n2s2_nc_sm3,default
lm_spot_r0c0n0t1c1n1_nc_sm3,default
lm_spot_r0c0n0t1c1n1s1_nc_sm3,default
lm_spot_r0c0n0t1c1n1s1m2c2_nc_sm3,default
lm_spot_r0c0s0_nc_sm3,default
lm_spot_r0c0s0_sm3,default
lm_spot_r0c0s0a1c1_nc_sm3,default
lm_spot_r0c0s0b1c1_nc_sm3,default
lm_spot_r0c0s0b1c1b2c2_nc_sm3,default
lm_spot_r0c0s0b1c1b2c2m3c3_nc_sm3,default
lm_spot_r0c0s0b1c1b2c2n2_nc_sm3,default
lm_spot_r0c0s0b1c1b2c2n2m3c3_nc_sm3,default
lm_spot_r0c0s0b1c1b2c2n2s2_nc_sm3,default
lm_spot_r0c0s0b1c1b2c2s2_nc_sm3,default
lm_spot_r0c0s0b1c1m2c2_nc_sm3,default
lm_spot_r0c0s0b1c1m2c2m3c3_nc_sm3,default
lm_spot_r0c0s0b1c1n1_nc_sm3,default
lm_spot_r0c0s0b1c1n1m2c2_nc_sm3,default
lm_spot_r0c0s0b1c1n1m2c2m3c3_nc_sm3,default
lm_spot_r0c0s0b1c1n1s1_nc_sm3,default
lm_spot_r0c0s0b1c1n1s1b2c2_nc_sm3,default
lm_spot_r0c0s0b1c1n1s1b2c2n2_nc_sm3,default
lm_spot_r0c0s0b1c1n1s1b2c2n2m3c3_nc_sm3,default
lm_spot_r0c0s0b1c1n1s1b2c2n2m3c3m4c4_nc_sm3,default
lm_spot_r0c0s0b1c1n1s1b2c2n2s2_nc_sm3,default
lm_spot_r0c0s0b1c1n1s1b2c2n2s2m3c3_nc_sm3,default
lm_spot_r0c0s0b1c1n1s1b2c2n2s2m3c3m4c4_nc_sm3,default
lm_spot_r0c0s0b1c1n1s1m2c2_nc_sm3,default
lm_spot_r0c0s0b1c1n1s1m2c2m3c3_nc_sm3,default
lm_spot_r0c0s0b1c1n1s1t2c2_nc_sm3,default
lm_spot_r0c0s0b1c1n1s1t2c2n2s2_nc_sm3,default
lm_spot_r0c0s0b1c1s1_nc_sm3,default
lm_spot_r0c0s0b1c1s1m2c2_nc_sm3,default
lm_spot_r0c0s0b1c1s1m2c2m3c3_nc_sm3,default
lm_spot_r0c0s0b1c1s1t2c2n2s2_nc_sm3,default
lm_spot_r0c0s0m1c1_nc_sm3,default
lm_spot_r0c0s0m1c1b2c2n2s2_nc_sm3,default
lm_spot_r0c0s0m1c1m2c2_nc_sm3,default
lm_spot_r0c0s0m1c1m2c2m3c3_nc_sm3,default
lm_spot_r0c0s0m1c1t2c2n2s2_nc_sm3,default
lm_spot_r0c0s0t1c1_nc_sm3,default
lm_spot_r0c0s0t1c1b2c2n2s2_nc_sm3,default
lm_spot_r0c0s0t1c1m2c2_nc_sm3,default
lm_spot_r0c0s0t1c1n1_nc_sm3,default
lm_spot_r0c0s0t1c1n1m2c2_nc_sm3,default
lm_spot_r0c0s0t1c1n1s1_nc_sm3,default
lm_spot_r0c0s0t1c1n1s1b2c2_nc_sm3,default
lm_spot_r0c0s0t1c1n1s1b2c2n2_nc_sm3,default
lm_spot_r0c0s0t1c1n1s1b2c2n2s2_nc_sm3,default
lm_spot_r0c0s0t1c1n1s1m2c2_nc_sm3,default
lm_spot_r0c0t1c1_nc_sm2,default
lm_spot_r0c0t1c1_nc_sm3,default
lm_spot_r0c0t1c1b2c2_nc_sm2,default
lm_spot_r0c0t1c1b2c2d2_nc_sm2,default
lm_spot_r0c0t1c1b2c2m3c3_nc_sm2,default
lm_spot_r0c0t1c1m2c2_nc_sm2,default
lm_spot_r0c0t1c1m2c2_nc_sm3,default
lm_spot_r0c0t1c1m2c2m3c3_nc_sm2,default
lm_spot_r0c0t1c1m2c2m3c3_nc_sm3,default
lm_spot_r0c0t1c1n1_nc_sm3,default
lm_spot_r0c0t1c1n1m2c2_nc_sm3,default
lm_spot_r0c0t1c1n1s1_nc_sm3,default
lm_spot_r0c0t1c1t2c2_nc_sm2,default
lm_spot_t0c0_nc_sm2,default
lm_spot_t0c0_nc_sm3,default
lm_spot_t0c0_sm2,default
lm_spot_t0c0_sm3,default
lm_spot_t0c0b1c1_nc_sm2,premulalpha
lm_spot_t0c0b1c1b2c2_nc_sm2,premulalpha
lm_spot_t0c0b1c1n1_nc_sm3,premulalpha
lm_spot_t0c0b1c1s1_nc_sm3,premulalpha
lm_spot_t0c0d0_nc_sm2,default
lm_spot_t0c0d0_nc_sm3,default
lm_spot_t0c0d0_sm2,default
lm_spot_t0c0d0_sm3,default
lm_spot_t0c0d0n0_nc_sm2,default
lm_spot_t0c0d0n0_nc_sm3,default
lm_spot_t0c0d0n0_sm2,default
lm_spot_t0c0d0n0_sm3,default
lm_spot_t0c0d0n0s0_nc_sm3,default
lm_spot_t0c0d0n0s0_sm3,default
lm_spot_t0c0d0s0_nc_sm3,default
lm_spot_t0c0d0s0_sm3,default
lm_spot_t0c0n0_nc_sm2,default
lm_spot_t0c0n0_nc_sm3,default
lm_spot_t0c0n0_sm2,default
lm_spot_t0c0n0_sm3,default
lm_spot_t0c0n0s0_nc_sm3,default
lm_spot_t0c0n0s0_sm3,default
lm_spot_t0c0n0s0b1c1_nc_sm3,premulalpha
lm_spot_t0c0n0s0b1c1n1s1_nc_sm3,premulalpha
lm_spot_t0c0n0s0b1c1n1s1b2c2n2s2_nc_sm3,premulalpha
lm_spot_t0c0n0s0t1c1n1s1_nc_sm3,default
lm_spot_t0c0n0s0t1c1n1s1t2c2n2s2_nc_sm3,default
lm_spot_t0c0n0t1c1n1_nc_sm3,default
lm_spot_t0c0s0_nc_sm3,default
lm_spot_t0c0s0_sm3,default
lm_spot_t0c0t1c1_nc_sm2,default
lm_spot_t0c0t1c1t2c2_nc_sm2,default
lm_sun_a0c0_nc_sm2,default
lm_sun_a0c0_nc_sm3,default
lm_sun_a0c0_sm2,default
lm_sun_a0c0_sm3,default
lm_sun_b0c0_nc_sm2,premulalpha
lm_sun_b0c0_nc_sm3,premulalpha
lm_sun_b0c0_sm2,premulalpha
lm_sun_b0c0_sm3,premulalpha
lm_sun_b0c0a1c1_nc_sm2,premulalpha
lm_sun_b0c0b1c1_nc_sm2,premulalpha
lm_sun_b0c0b1c1_nc_sm3,premulalpha
lm_sun_b0c0b1c1b2c2_nc_sm2,premulalpha
lm_sun_b0c0b1c1n1_nc_sm3,premulalpha
lm_sun_b0c0b1c1n1s1_nc_sm3,premulalpha
lm_sun_b0c0b1c1n1s1b2c2n2s2_nc_sm3,premulalpha
lm_sun_b0c0b1c1n1s1t2c2n2s2_nc_sm3,premulalpha
lm_sun_b0c0b1c1s1_nc_sm3,premulalpha
lm_sun_b0c0b1c1t2c2_nc_sm2,premulalpha
lm_sun_b0c0d0_nc_sm2,premulalpha
lm_sun_b0c0d0_nc_sm3,premulalpha
lm_sun_b0c0d0_sm2,premulalpha
lm_sun_b0c0d0_sm3,premulalpha
lm_sun_b0c0d0b1c1_nc_sm2,premulalpha
lm_sun_b0c0d0n0_nc_sm2,premulalpha
lm_sun_b0c0d0n0_nc_sm3,premulalpha
lm_sun_b0c0d0n0_sm2,premulalpha
lm_sun_b0c0d0n0_sm3,premulalpha
lm_sun_b0c0d0n0b1c1s1_nc_sm3,premulalpha
lm_sun_b0c0d0n0s0_nc_sm3,premulalpha
lm_sun_b0c0d0n0s0_sm3,premulalpha
lm_sun_b0c0d0s0_nc_sm3,premulalpha
lm_sun_b0c0d0s0_sm3,premulalpha
lm_sun_b0c0n0_nc_sm2,premulalpha
lm_sun_b0c0n0_nc_sm3,premulalpha
lm_sun_b0c0n0_sm2,premulalpha
lm_sun_b0c0n0_sm3,premulalpha
lm_sun_b0c0n0b1c1n1s1_nc_sm3,premulalpha
lm_sun_b0c0n0s0_nc_sm3,premulalpha
lm_sun_b0c0n0s0_sm3,premulalpha
lm_sun_b0c0n0s0a1c1_nc_sm3,premulalpha
lm_sun_b0c0n0s0b1c1_nc_sm3,premulalpha
lm_sun_b0c0n0s0b1c1n1_nc_sm3,premulalpha
lm_sun_b0c0n0s0b1c1n1s1_nc_sm3,premulalpha
lm_sun_b0c0n0s0b1c1n1s1b2c2n2s2_nc_sm3,premulalpha
lm_sun_b0c0n0s0b1c1n1s1t2c2n2s2_nc_sm3,premulalpha
lm_sun_b0c0n0s0b1c1s1_nc_sm3,premulalpha
lm_sun_b0c0n0s0t1c1_nc_sm3,premulalpha
lm_sun_b0c0n0s0t1c1n1s1_nc_sm3,premulalpha
lm_sun_b0c0n0s0t1c1n1s1b2c2n2s2_nc_sm3,premulalpha
lm_sun_b0c0n0s0t1c1n1s1t2c2n2s2_nc_sm3,premulalpha
lm_sun_b0c0n0t1c1n1s1_nc_sm3,premulalpha
lm_sun_b0c0s0_nc_sm3,premulalpha
lm_sun_b0c0s0_sm3,premulalpha
lm_sun_b0c0s0b1c1s1_nc_sm3,premulalpha
lm_sun_b0c0s0t1c1n1s1_nc_sm3,premulalpha
lm_sun_b0c0t1c1_nc_sm2,premulalpha
lm_sun_b0c0t1c1b2c2_nc_sm2,premulalpha
lm_sun_b0c0t1c1t2c2_nc_sm2,premulalpha
lm_sun_r0c0_nc_sm2,default
lm_sun_r0c0_nc_sm3,default
lm_sun_r0c0_sm2,default
lm_sun_r0c0_sm3,default
lm_sun_r0c0a1c1_nc_sm2,default
lm_sun_r0c0a1c1_nc_sm3,default
lm_sun_r0c0b1c1_nc_sm2,default
lm_sun_r0c0b1c1_nc_sm3,default
lm_sun_r0c0b1c1a2c2_nc_sm2,default
lm_sun_r0c0b1c1b2c2_nc_sm2,default
lm_sun_r0c0b1c1b2c2b3c3_nc_sm2,default
lm_sun_r0c0b1c1b2c2d2_nc_sm2,default
lm_sun_r0c0b1c1b2c2d2b3c3_nc_sm2,default
lm_sun_r0c0b1c1b2c2d2m3c3_nc_sm2,default
lm_sun_r0c0b1c1b2c2m3c3_nc_sm2,default
lm_sun_r0c0b1c1b2c2m3c3m4c4_nc_sm2,default
lm_sun_r0c0b1c1d1_nc_sm2,default
lm_sun_r0c0b1c1d1b2c2_nc_sm2,default
lm_sun_r0c0b1c1d1b2c2d2_nc_sm2,default
lm_sun_r0c0b1c1d1m2c2_nc_sm2,default
lm_sun_r0c0b1c1d1m2c2m3c3_nc_sm2,default
lm_sun_r0c0b1c1d1t2c2_nc_sm2,default
lm_sun_r0c0b1c1m2c2_nc_sm2,default
lm_sun_r0c0b1c1m2c2_nc_sm3,default
lm_sun_r0c0b1c1m2c2m3c3_nc_sm2,default
lm_sun_r0c0b1c1m2c2m3c3_nc_sm3,default
lm_sun_r0c0b1c1m2c2m3c3m4c4_nc_sm2,default
lm_sun_r0c0b1c1n1_nc_sm3,default
lm_sun_r0c0b1c1n1s1_nc_sm3,default
lm_sun_r0c0b1c1n1s1b2c2_nc_sm3,default
lm_sun_r0c0b1c1n1s1m2c2_nc_sm3,default
lm_sun_r0c0b1c1s1_nc_sm3,default
lm_sun_r0c0b1c1t2c2_nc_sm2,default
lm_sun_r0c0b1c1t2c2m3c3_nc_sm2,default
lm_sun_r0c0d0_nc_sm2,default
lm_sun_r0c0d0_nc_sm3,default
lm_sun_r0c0d0_sm2,default
lm_sun_r0c0d0_sm3,default
lm_sun_r0c0d0b1c1_nc_sm2,default
lm_sun_r0c0d0b1c1b2c2_nc_sm2,default
lm_sun_r0c0d0b1c1b2c2d2_nc_sm2,default
lm_sun_r0c0d0b1c1b2c2m3c3_nc_sm2,default
lm_sun_r0c0d0b1c1d1_nc_sm2,default
lm_sun_r0c0d0b1c1d1b2c2_nc_sm2,default
lm_sun_r0c0d0b1c1d1m2c2_nc_sm2,default
lm_sun_r0c0d0b1c1d1m2c2m3c3_nc_sm2,default
lm_sun_r0c0d0b1c1m2c2_nc_sm2,default
lm_sun_r0c0d0b1c1m2c2m3c3_nc_sm2,default
lm_sun_r0c0d0b1c1m2c2m3c3m4c4_nc_sm2,default
lm_sun_r0c0d0b1c1t2c2_nc_sm2,default
lm_sun_r0c0d0m1c1_nc_sm2,default
lm_sun_r0c0d0m1c1b2c2_nc_sm2,default
lm_sun_r0c0d0m1c1m2c2_nc_sm2,default
lm_sun_r0c0d0m1c1m2c2m3c3_nc_sm2,default
lm_sun_r0c0d0m1c1t2c2_nc_sm2,default
lm_sun_r0c0d0n0_nc_sm2,default
lm_sun_r0c0d0n0_nc_sm3,default
lm_sun_r0c0d0n0_sm2,default
lm_sun_r0c0d0n0_sm3,default
lm_sun_r0c0d0n0s0_nc_sm3,default
lm_sun_r0c0d0n0s0_sm3,default
lm_sun_r0c0d0n0s0b1c1_nc_sm3,default
lm_sun_r0c0d0n0s0b1c1b2c2_nc_sm3,default
lm_sun_r0c0d0n0s0b1c1b2c2d2n2_nc_sm3,default
lm_sun_r0c0d0n0s0b1c1b2c2n2_nc_sm3,default
lm_sun_r0c0d0n0s0b1c1b2c2n2s2_nc_sm3,default
lm_sun_r0c0d0n0s0b1c1b2c2n2s2m3c3_nc_sm3,default
lm_sun_r0c0d0n0s0b1c1d1n1_nc_sm3,default
lm_sun_r0c0d0n0s0b1c1d1n1b2c2_nc_sm3,default
lm_sun_r0c0d0n0s0b1c1d1n1b2c2n2_nc_sm3,default
lm_sun_r0c0d0n0s0b1c1d1n1b2c2n2s2_nc_sm3,default
lm_sun_r0c0d0n0s0b1c1d1n1m2c2_nc_sm3,default
lm_sun_r0c0d0n0s0b1c1d1n1m2c2m3c3_nc_sm3,default
lm_sun_r0c0d0n0s0b1c1d1n1s1_nc_sm3,default
lm_sun_r0c0d0n0s0b1c1d1n1s1b2c2n2_nc_sm3,default
lm_sun_r0c0d0n0s0b1c1m2c2_nc_sm3,default
lm_sun_r0c0d0n0s0b1c1n1_nc_sm3,default
lm_sun_r0c0d0n0s0b1c1n1b2c2n2_nc_sm3,default
lm_sun_r0c0d0n0s0b1c1n1b2c2n2s2_nc_sm3,default
lm_sun_r0c0d0n0s0b1c1n1m2c2_nc_sm3,default
lm_sun_r0c0d0n0s0b1c1n1m2c2m3c3_nc_sm3,default
lm_sun_r0c0d0n0s0b1c1n1m2c2m3c3m4c4_nc_sm3,default
lm_sun_r0c0d0n0s0b1c1n1s1_nc_sm3,default
lm_sun_r0c0d0n0s0b1c1n1s1b2c2_nc_sm3,default
lm_sun_r0c0d0n0s0b1c1n1s1b2c2n2_nc_sm3,default
lm_sun_r0c0d0n0s0b1c1n1s1b2c2n2s2_nc_sm3,default
lm_sun_r0c0d0n0s0b1c1n1s1b2c2s2_nc_sm3,default
lm_sun_r0c0d0n0s0b1c1n1s1m2c2_nc_sm3,default
lm_sun_r0c0d0n0s0b1c1n1s1m2c2m3c3_nc_sm3,default
lm_sun_r0c0d0n0s0b1c1n1s1m2c2m3c3m4c4_nc_sm3,default
lm_sun_r0c0d0n0s0b1c1n1s1t2c2n2s2_nc_sm3,default
lm_sun_r0c0d0n0s0b1c1s1_nc_sm3,default
lm_sun_r0c0d0n0s0b1c1s1m2c2_nc_sm3,default
lm_sun_r0c0d0n0s0m1c1_nc_sm3,default
lm_sun_r0c0d0n0s0m1c1b2c2n2_nc_sm3,default
lm_sun_r0c0d0n0s0m1c1m2c2_nc_sm3,default
lm_sun_r0c0d0n0s0m1c1m2c2m3c3_nc_sm3,default
lm_sun_r0c0d0n0s0m1c1t2c2n2s2_nc_sm3,default
lm_sun_r0c0d0n0s0t1c1_nc_sm3,default
lm_sun_r0c0d0n0s0t1c1n1b2c2n2s2_nc_sm3,default
lm_sun_r0c0d0n0s0t1c1n1s1_nc_sm3,default
lm_sun_r0c0d0n0s0t1c1n1s1m2c2_nc_sm3,default
lm_sun_r0c0d0s0_nc_sm3,default
lm_sun_r0c0d0s0_sm3,default
lm_sun_r0c0d0t1c1_nc_sm2,default
lm_sun_r0c0d0t1c1b2c2_nc_sm2,default
lm_sun_r0c0d0t1c1m2c2_nc_sm2,default
lm_sun_r0c0m1c1_nc_sm2,default
lm_sun_r0c0m1c1_nc_sm3,default
lm_sun_r0c0m1c1b2c2_nc_sm2,default
lm_sun_r0c0m1c1b2c2m3c3_nc_sm2,default
lm_sun_r0c0m1c1m2c2_nc_sm2,default
lm_sun_r0c0m1c1m2c2_nc_sm3,default
lm_sun_r0c0m1c1m2c2m3c3_nc_sm2,default
lm_sun_r0c0m1c1m2c2m3c3_nc_sm3,default
lm_sun_r0c0m1c1m2c2m3c3m4c4_nc_sm2,default
lm_sun_r0c0m1c1t2c2_nc_sm2,default
lm_sun_r0c0n0_nc_sm2,default
lm_sun_r0c0n0_nc_sm3,default
lm_sun_r0c0n0_sm2,default
lm_sun_r0c0n0_sm3,default
lm_sun_r0c0n0b1c1_nc_sm3,default
lm_sun_r0c0n0b1c1b2c2n2_nc_sm3,default
lm_sun_r0c0n0b1c1d1n1_nc_sm3,default
lm_sun_r0c0n0b1c1d1n1m2c2_nc_sm3,default
lm_sun_r0c0n0b1c1m2c2_nc_sm3,default
lm_sun_r0c0n0b1c1n1_nc_sm3,default
lm_sun_r0c0n0b1c1n1b2c2n2_nc_sm3,default
lm_sun_r0c0n0b1c1n1b2c2n2s2_nc_sm3,default
lm_sun_r0c0n0b1c1n1m2c2_nc_sm3,default
lm_sun_r0c0n0b1c1n1m2c2m3c3_nc_sm3,default
lm_sun_r0c0n0b1c1n1s1_nc_sm3,default
lm_sun_r0c0n0b1c1n1s1b2c2n2_nc_sm3,default
lm_sun_r0c0n0b1c1n1s1b2c2n2s2_nc_sm3,default
lm_sun_r0c0n0b1c1n1s1m2c2_nc_sm3,default
lm_sun_r0c0n0b1c1s1_nc_sm3,default
lm_sun_r0c0n0m1c1_nc_sm3,default
lm_sun_r0c0n0m1c1m2c2_nc_sm3,default
lm_sun_r0c0n0s0_nc_sm3,default
lm_sun_r0c0n0s0_sm3,default
lm_sun_r0c0n0s0a1c1_nc_sm3,default
lm_sun_r0c0n0s0b1c1_nc_sm3,default
lm_sun_r0c0n0s0b1c1b2c2_nc_sm3,default
lm_sun_r0c0n0s0b1c1b2c2b3c3_nc_sm3,default
lm_sun_r0c0n0s0b1c1b2c2b3c3s3_nc_sm3,default
lm_sun_r0c0n0s0b1c1b2c2d2n2b3c3_nc_sm3,default
lm_sun_r0c0n0s0b1c1b2c2d2n2m3c3_nc_sm3,default
lm_sun_r0c0n0s0b1c1b2c2m3c3_nc_sm3,default
lm_sun_r0c0n0s0b1c1b2c2m3c3m4c4_nc_sm3,default
lm_sun_r0c0n0s0b1c1b2c2n2_nc_sm3,default
lm_sun_r0c0n0s0b1c1b2c2n2m3c3_nc_sm3,default
lm_sun_r0c0n0s0b1c1b2c2n2s2_nc_sm3,default
lm_sun_r0c0n0s0b1c1b2c2n2s2m3c3_nc_sm3,default
lm_sun_r0c0n0s0b1c1b2c2s2_nc_sm3,default
lm_sun_r0c0n0s0b1c1b2c2s2m3c3_nc_sm3,default
lm_sun_r0c0n0s0b1c1d1n1_nc_sm3,default
lm_sun_r0c0n0s0b1c1d1n1b2c2_nc_sm3,default
lm_sun_r0c0n0s0b1c1d1n1b2c2n2_nc_sm3,default
lm_sun_r0c0n0s0b1c1d1n1b2c2n2s2_nc_sm3,default
lm_sun_r0c0n0s0b1c1d1n1b2c2s2_nc_sm3,default
lm_sun_r0c0n0s0b1c1d1n1m2c2_nc_sm3,default
lm_sun_r0c0n0s0b1c1d1n1m2c2m3c3_nc_sm3,default
lm_sun_r0c0n0s0b1c1d1n1s1_nc_sm3,default
lm_sun_r0c0n0s0b1c1d1n1s1b2c2d2n2_nc_sm3,default
lm_sun_r0c0n0s0b1c1d1n1s1b2c2n2_nc_sm3,default
lm_sun_r0c0n0s0b1c1d1n1s1b2c2n2s2_nc_sm3,default
lm_sun_r0c0n0s0b1c1d1n1s1m2c2_nc_sm3,default
lm_sun_r0c0n0s0b1c1d1n1s1t2c2n2s2_nc_sm3,default
lm_sun_r0c0n0s0b1c1m2c2_nc_sm3,default
lm_sun_r0c0n0s0b1c1m2c2m3c3_nc_sm3,default
lm_sun_r0c0n0s0b1c1m2c2m3c3m4c4_nc_sm3,default
lm_sun_r0c0n0s0b1c1n1_nc_sm3,default
lm_sun_r0c0n0s0b1c1n1b2c2n2_nc_sm3,default
lm_sun_r0c0n0s0b1c1n1b2c2n2s2_nc_sm3,default
lm_sun_r0c0n0s0b1c1n1b2c2s2m3c3_nc_sm3,default
lm_sun_r0c0n0s0b1c1n1m2c2_nc_sm3,default
lm_sun_r0c0n0s0b1c1n1m2c2m3c3_nc_sm3,default
lm_sun_r0c0n0s0b1c1n1s1_nc_sm3,default
lm_sun_r0c0n0s0b1c1n1s1a2c2_nc_sm3,default
lm_sun_r0c0n0s0b1c1n1s1b2c2_nc_sm3,default
lm_sun_r0c0n0s0b1c1n1s1b2c2b3c3_nc_sm3,default
lm_sun_r0c0n0s0b1c1n1s1b2c2d2n2_nc_sm3,default
lm_sun_r0c0n0s0b1c1n1s1b2c2m3c3_nc_sm3,default
lm_sun_r0c0n0s0b1c1n1s1b2c2n2_nc_sm3,default
lm_sun_r0c0n0s0b1c1n1s1b2c2n2s2_nc_sm3,default
lm_sun_r0c0n0s0b1c1n1s1b2c2s2_nc_sm3,default
lm_sun_r0c0n0s0b1c1n1s1b2c2s2b3c3s3_nc_sm3,default
lm_sun_r0c0n0s0b1c1n1s1b2c2s2m3c3_nc_sm3,default
lm_sun_r0c0n0s0b1c1n1s1m2c2_nc_sm3,default
lm_sun_r0c0n0s0b1c1n1s1m2c2m3c3_nc_sm3,default
lm_sun_r0c0n0s0b1c1n1s1m2c2m3c3m4c4_nc_sm3,default
lm_sun_r0c0n0s0b1c1n1s1t2c2_nc_sm3,default
lm_sun_r0c0n0s0b1c1n1s1t2c2m3c3_nc_sm3,default
lm_sun_r0c0n0s0b1c1n1s1t2c2n2_nc_sm3,default
lm_sun_r0c0n0s0b1c1n1s1t2c2n2s2_nc_sm3,default
lm_sun_r0c0n0s0b1c1n1t2c2n2s2_nc_sm3,default
lm_sun_r0c0n0s0b1c1s1_nc_sm3,default
lm_sun_r0c0n0s0b1c1s1b2c2n2s2_nc_sm3,default
lm_sun_r0c0n0s0b1c1s1b2c2s2_nc_sm3,default
lm_sun_r0c0n0s0b1c1s1m2c2_nc_sm3,default
lm_sun_r0c0n0s0b1c1s1m2c2m3c3_nc_sm3,default
lm_sun_r0c0n0s0b1c1s1m2c2m3c3m4c4_nc_sm3,default
lm_sun_r0c0n0s0b1c1s1t2c2n2s2_nc_sm3,default
lm_sun_r0c0n0s0b1c1t2c2n2s2_nc_sm3,default
lm_sun_r0c0n0s0m1c1_nc_sm3,default
lm_sun_r0c0n0s0m1c1b2c2_nc_sm3,default
lm_sun_r0c0n0s0m1c1b2c2n2_nc_sm3,default
lm_sun_r0c0n0s0m1c1b2c2n2s2_nc_sm3,default
lm_sun_r0c0n0s0m1c1b2c2n2s2m3c3_nc_sm3,default
lm_sun_r0c0n0s0m1c1b2c2s2_nc_sm3,default
lm_sun_r0c0n0s0m1c1m2c2_nc_sm3,default
lm_sun_r0c0n0s0m1c1m2c2m3c3_nc_sm3,default
lm_sun_r0c0n0s0m1c1m2c2m3c3m4c4_nc_sm3,default
lm_sun_r0c0n0s0m1c1t2c2n2s2_nc_sm3,default
lm_sun_r0c0n0s0t1c1_nc_sm3,default
lm_sun_r0c0n0s0t1c1b2c2n2_nc_sm3,default
lm_sun_r0c0n0s0t1c1b2c2n2m3c3_nc_sm3,default
lm_sun_r0c0n0s0t1c1b2c2n2s2_nc_sm3,default
lm_sun_r0c0n0s0t1c1b2c2n2s2m3c3_nc_sm3,default
lm_sun_r0c0n0s0t1c1m2c2_nc_sm3,default
lm_sun_r0c0n0s0t1c1m2c2m3c3_nc_sm3,default
lm_sun_r0c0n0s0t1c1n1_nc_sm3,default
lm_sun_r0c0n0s0t1c1n1b2c2_nc_sm3,default
lm_sun_r0c0n0s0t1c1n1b2c2d2n2_nc_sm3,default
lm_sun_r0c0n0s0t1c1n1b2c2n2_nc_sm3,default
lm_sun_r0c0n0s0t1c1n1b2c2n2s2_nc_sm3,default
lm_sun_r0c0n0s0t1c1n1m2c2_nc_sm3,default
lm_sun_r0c0n0s0t1c1n1m2c2m3c3_nc_sm3,default
lm_sun_r0c0n0s0t1c1n1s1_nc_sm3,default
lm_sun_r0c0n0s0t1c1n1s1b2c2_nc_sm3,default
lm_sun_r0c0n0s0t1c1n1s1b2c2d2n2_nc_sm3,default
lm_sun_r0c0n0s0t1c1n1s1b2c2n2_nc_sm3,default
lm_sun_r0c0n0s0t1c1n1s1b2c2n2s2_nc_sm3,default
lm_sun_r0c0n0s0t1c1n1s1m2c2_nc_sm3,default
lm_sun_r0c0n0s0t1c1n1s1m2c2m3c3_nc_sm3,default
lm_sun_r0c0n0s0t1c1n1s1t2c2n2s2_nc_sm3,default
lm_sun_r0c0n0s0t1c1n1t2c2n2s2_nc_sm3,default
lm_sun_r0c0n0t1c1_nc_sm3,default
lm_sun_r0c0n0t1c1b2c2n2s2_nc_sm3,default
lm_sun_r0c0n0t1c1n1_nc_sm3,default
lm_sun_r0c0n0t1c1n1s1_nc_sm3,default
lm_sun_r0c0n0t1c1n1s1m2c2_nc_sm3,default
lm_sun_r0c0s0_nc_sm3,default
lm_sun_r0c0s0_sm3,default
lm_sun_r0c0s0a1c1_nc_sm3,default
lm_sun_r0c0s0b1c1_nc_sm3,default
lm_sun_r0c0s0b1c1b2c2_nc_sm3,default
lm_sun_r0c0s0b1c1b2c2m3c3_nc_sm3,default
lm_sun_r0c0s0b1c1b2c2n2_nc_sm3,default
lm_sun_r0c0s0b1c1b2c2n2m3c3_nc_sm3,default
lm_sun_r0c0s0b1c1b2c2n2s2_nc_sm3,default
lm_sun_r0c0s0b1c1b2c2s2_nc_sm3,default
lm_sun_r0c0s0b1c1m2c2_nc_sm3,default
lm_sun_r0c0s0b1c1m2c2m3c3_nc_sm3,default
lm_sun_r0c0s0b1c1n1_nc_sm3,default
lm_sun_r0c0s0b1c1n1m2c2_nc_sm3,default
lm_sun_r0c0s0b1c1n1m2c2m3c3_nc_sm3,default
lm_sun_r0c0s0b1c1n1s1_nc_sm3,default
lm_sun_r0c0s0b1c1n1s1b2c2_nc_sm3,default
lm_sun_r0c0s0b1c1n1s1b2c2n2_nc_sm3,default
lm_sun_r0c0s0b1c1n1s1b2c2n2m3c3_nc_sm3,default
lm_sun_r0c0s0b1c1n1s1b2c2n2m3c3m4c4_nc_sm3,default
lm_sun_r0c0s0b1c1n1s1b2c2n2s2_nc_sm3,default
lm_sun_r0c0s0b1c1n1s1b2c2n2s2m3c3_nc_sm3,default
lm_sun_r0c0s0b1c1n1s1b2c2n2s2m3c3m4c4_nc_sm3,default
lm_sun_r0c0s0b1c1n1s1m2c2_nc_sm3,default
lm_sun_r0c0s0b1c1n1s1m2c2m3c3_nc_sm3,default
lm_sun_r0c0s0b1c1n1s1t2c2_nc_sm3,default
lm_sun_r0c0s0b1c1n1s1t2c2n2s2_nc_sm3,default
lm_sun_r0c0s0b1c1s1_nc_sm3,default
lm_sun_r0c0s0b1c1s1m2c2_nc_sm3,default
lm_sun_r0c0s0b1c1s1m2c2m3c3_nc_sm3,default
lm_sun_r0c0s0b1c1s1t2c2n2s2_nc_sm3,default
lm_sun_r0c0s0m1c1_nc_sm3,default
lm_sun_r0c0s0m1c1b2c2n2s2_nc_sm3,default
lm_sun_r0c0s0m1c1m2c2_nc_sm3,default
lm_sun_r0c0s0m1c1m2c2m3c3_nc_sm3,default
lm_sun_r0c0s0m1c1t2c2n2s2_nc_sm3,default
lm_sun_r0c0s0t1c1_nc_sm3,default
lm_sun_r0c0s0t1c1b2c2n2s2_nc_sm3,default
lm_sun_r0c0s0t1c1m2c2_nc_sm3,default
lm_sun_r0c0s0t1c1n1_nc_sm3,default
lm_sun_r0c0s0t1c1n1m2c2_nc_sm3,default
lm_sun_r0c0s0t1c1n1s1_nc_sm3,default
lm_sun_r0c0s0t1c1n1s1b2c2_nc_sm3,default
lm_sun_r0c0s0t1c1n1s1b2c2n2_nc_sm3,default
lm_sun_r0c0s0t1c1n1s1b2c2n2s2_nc_sm3,default
lm_sun_r0c0s0t1c1n1s1m2c2_nc_sm3,default
lm_sun_r0c0t1c1_nc_sm2,default
lm_sun_r0c0t1c1_nc_sm3,default
lm_sun_r0c0t1c1b2c2_nc_sm2,default
lm_sun_r0c0t1c1b2c2d2_nc_sm2,default
lm_sun_r0c0t1c1b2c2m3c3_nc_sm2,default
lm_sun_r0c0t1c1m2c2_nc_sm2,default
lm_sun_r0c0t1c1m2c2_nc_sm3,default
lm_sun_r0c0t1c1m2c2m3c3_nc_sm2,default
lm_sun_r0c0t1c1m2c2m3c3_nc_sm3,default
lm_sun_r0c0t1c1n1_nc_sm3,default
lm_sun_r0c0t1c1n1m2c2_nc_sm3,default
lm_sun_r0c0t1c1n1s1_nc_sm3,default
lm_sun_r0c0t1c1t2c2_nc_sm2,default
lm_sun_t0c0_nc_sm2,default
lm_sun_t0c0_nc_sm3,default
lm_sun_t0c0_sm2,default
lm_sun_t0c0_sm3,default
lm_sun_t0c0b1c1_nc_sm2,premulalpha
lm_sun_t0c0b1c1b2c2_nc_sm2,premulalpha
lm_sun_t0c0b1c1n1_nc_sm3,premulalpha
lm_sun_t0c0b1c1s1_nc_sm3,premulalpha
lm_sun_t0c0d0_nc_sm2,default
lm_sun_t0c0d0_nc_sm3,default
lm_sun_t0c0d0_sm2,default
lm_sun_t0c0d0_sm3,default
lm_sun_t0c0d0n0_nc_sm2,default
lm_sun_t0c0d0n0_nc_sm3,default
lm_sun_t0c0d0n0_sm2,default
lm_sun_t0c0d0n0_sm3,default
lm_sun_t0c0d0n0s0_nc_sm3,default
lm_sun_t0c0d0n0s0_sm3,default
lm_sun_t0c0d0s0_nc_sm3,default
lm_sun_t0c0d0s0_sm3,default
lm_sun_t0c0n0_nc_sm2,default
lm_sun_t0c0n0_nc_sm3,default
lm_sun_t0c0n0_sm2,default
lm_sun_t0c0n0_sm3,default
lm_sun_t0c0n0s0_nc_sm3,default
lm_sun_t0c0n0s0_sm3,default
lm_sun_t0c0n0s0b1c1_nc_sm3,premulalpha
lm_sun_t0c0n0s0b1c1n1s1_nc_sm3,premulalpha
lm_sun_t0c0n0s0b1c1n1s1b2c2n2s2_nc_sm3,premulalpha
lm_sun_t0c0n0s0t1c1n1s1_nc_sm3,default
lm_sun_t0c0n0s0t1c1n1s1t2c2n2s2_nc_sm3,default
lm_sun_t0c0n0t1c1n1_nc_sm3,default
lm_sun_t0c0s0_nc_sm3,default
lm_sun_t0c0s0_sm3,default
lm_sun_t0c0t1c1_nc_sm2,default
lm_sun_t0c0t1c1t2c2_nc_sm2,default
lm_t0c0_nc_sm2,default
lm_t0c0_nc_sm3,default
lm_t0c0_sm2,default
lm_t0c0_sm3,default
lm_t0c0b1c1_nc_sm2,premulalpha
lm_t0c0b1c1b2c2_nc_sm2,premulalpha
lm_t0c0b1c1n1_nc_sm3,premulalpha
lm_t0c0b1c1s1_nc_sm3,premulalpha
lm_t0c0d0_nc_sm2,default
lm_t0c0d0_nc_sm3,default
lm_t0c0d0_sm2,default
lm_t0c0d0_sm3,default
lm_t0c0d0n0_nc_sm2,default
lm_t0c0d0n0_nc_sm3,default
lm_t0c0d0n0_sm2,default
lm_t0c0d0n0_sm3,default
lm_t0c0d0n0s0_nc_sm3,default
lm_t0c0d0n0s0_sm3,default
lm_t0c0d0s0_nc_sm3,default
lm_t0c0d0s0_sm3,default
lm_t0c0n0_nc_sm2,default
lm_t0c0n0_nc_sm3,default
lm_t0c0n0_sm2,default
lm_t0c0n0_sm3,default
lm_t0c0n0s0_nc_sm3,default
lm_t0c0n0s0_sm3,default
lm_t0c0n0s0b1c1_nc_sm3,premulalpha
lm_t0c0n0s0b1c1n1s1_nc_sm3,premulalpha
lm_t0c0n0s0b1c1n1s1b2c2n2s2_nc_sm3,premulalpha
lm_t0c0n0s0t1c1n1s1_nc_sm3,default
lm_t0c0n0s0t1c1n1s1t2c2n2s2_nc_sm3,default
lm_t0c0n0t1c1n1_nc_sm3,default
lm_t0c0s0_nc_sm3,default
lm_t0c0s0_sm3,default
lm_t0c0t1c1_nc_sm2,default
lm_t0c0t1c1t2c2_nc_sm2,default
lp_a0c0_dtex_sm2,default
lp_a0c0_dtex_sm3,default
lp_a0c0_nc_dtex_sm2,default
lp_a0c0_nc_dtex_sm3,default
lp_b0c0_dtex_sm2,premulalpha
lp_b0c0_dtex_sm3,premulalpha
lp_b0c0_nc_dtex_sm2,premulalpha
lp_b0c0_nc_dtex_sm3,premulalpha
lp_b0c0d0_dtex_sm2,premulalpha
lp_b0c0d0_dtex_sm3,premulalpha
lp_b0c0d0_nc_dtex_sm2,premulalpha
lp_b0c0d0_nc_dtex_sm3,premulalpha
lp_b0c0d0n0_dtex_sm2,premulalpha
lp_b0c0d0n0_dtex_sm3,premulalpha
lp_b0c0d0n0_nc_dtex_sm2,premulalpha
lp_b0c0d0n0_nc_dtex_sm3,premulalpha
lp_b0c0d0n0s0_dtex_sm3,premulalpha
lp_b0c0d0n0s0_nc_dtex_sm3,premulalpha
lp_b0c0d0s0_dtex_sm3,premulalpha
lp_b0c0d0s0_nc_dtex_sm3,premulalpha
lp_b0c0n0_dtex_sm2,premulalpha
lp_b0c0n0_dtex_sm3,premulalpha
lp_b0c0n0_nc_dtex_sm2,premulalpha
lp_b0c0n0_nc_dtex_sm3,premulalpha
lp_b0c0n0s0_dtex_sm3,premulalpha
lp_b0c0n0s0_nc_dtex_sm3,premulalpha
lp_b0c0s0_dtex_sm3,premulalpha
lp_b0c0s0_nc_dtex_sm3,premulalpha
lp_flag_omni_t0c0_dtex_sm2,default
lp_flag_omni_t0c0_dtex_sm3,default
lp_flag_omni_t0c0_nc_dtex_sm2,default
lp_flag_omni_t0c0_nc_dtex_sm3,default
lp_flag_omni_t0c0n0_dtex_sm2,default
lp_flag_omni_t0c0n0_dtex_sm3,default
lp_flag_omni_t0c0n0_nc_dtex_sm2,default
lp_flag_omni_t0c0n0_nc_dtex_sm3,default
lp_flag_omni_t0c0n0s0_dtex_sm3,default
lp_flag_omni_t0c0n0s0_nc_dtex_sm3,default
lp_flag_omni_t0c0s0_dtex_sm3,default
lp_flag_omni_t0c0s0_nc_dtex_sm3,default
lp_flag_spot_t0c0_dtex_sm2,default
lp_flag_spot_t0c0_dtex_sm3,default
lp_flag_spot_t0c0_nc_dtex_sm2,default
lp_flag_spot_t0c0_nc_dtex_sm3,default
lp_flag_spot_t0c0n0_dtex_sm2,default
lp_flag_spot_t0c0n0_dtex_sm3,default
lp_flag_spot_t0c0n0_nc_dtex_sm2,default
lp_flag_spot_t0c0n0_nc_dtex_sm3,default
lp_flag_spot_t0c0n0s0_dtex_sm3,default
lp_flag_spot_t0c0n0s0_nc_dtex_sm3,default
lp_flag_spot_t0c0s0_dtex_sm3,default
lp_flag_spot_t0c0s0_nc_dtex_sm3,default
lp_flag_sun_t0c0_dtex_sm2,default
lp_flag_sun_t0c0_dtex_sm3,default
lp_flag_sun_t0c0_nc_dtex_sm2,default
lp_flag_sun_t0c0_nc_dtex_sm3,default
lp_flag_sun_t0c0n0_dtex_sm2,default
lp_flag_sun_t0c0n0_dtex_sm3,default
lp_flag_sun_t0c0n0_nc_dtex_sm2,default
lp_flag_sun_t0c0n0_nc_dtex_sm3,default
lp_flag_sun_t0c0n0s0_dtex_sm3,default
lp_flag_sun_t0c0n0s0_nc_dtex_sm3,default
lp_flag_sun_t0c0s0_dtex_sm3,default
lp_flag_sun_t0c0s0_nc_dtex_sm3,default
lp_flag_t0c0_dtex_sm2,default
lp_flag_t0c0_dtex_sm3,default
lp_flag_t0c0_nc_dtex_sm2,default
lp_flag_t0c0_nc_dtex_sm3,default
lp_flag_t0c0n0_dtex_sm2,default
lp_flag_t0c0n0_dtex_sm3,default
lp_flag_t0c0n0_nc_dtex_sm2,default
lp_flag_t0c0n0_nc_dtex_sm3,default
lp_flag_t0c0n0s0_dtex_sm3,default
lp_flag_t0c0n0s0_nc_dtex_sm3,default
lp_flag_t0c0s0_dtex_sm3,default
lp_flag_t0c0s0_nc_dtex_sm3,default
lp_hsm_flag_omni_t0c0_dtex_sm2,default
lp_hsm_flag_omni_t0c0_dtex_sm3,default
lp_hsm_flag_omni_t0c0_nc_dtex_sm2,default
lp_hsm_flag_omni_t0c0_nc_dtex_sm3,default
lp_hsm_flag_omni_t0c0n0_dtex_sm2,default
lp_hsm_flag_omni_t0c0n0_dtex_sm3,default
lp_hsm_flag_omni_t0c0n0_nc_dtex_sm2,default
lp_hsm_flag_omni_t0c0n0_nc_dtex_sm3,default
lp_hsm_flag_omni_t0c0n0s0_dtex_sm3,default
lp_hsm_flag_omni_t0c0n0s0_nc_dtex_sm3,default
lp_hsm_flag_omni_t0c0s0_dtex_sm3,default
lp_hsm_flag_omni_t0c0s0_nc_dtex_sm3,default
lp_hsm_flag_spot_t0c0_dtex_sm2,default
lp_hsm_flag_spot_t0c0_dtex_sm3,default
lp_hsm_flag_spot_t0c0_nc_dtex_sm2,default
lp_hsm_flag_spot_t0c0_nc_dtex_sm3,default
lp_hsm_flag_spot_t0c0n0_dtex_sm2,default
lp_hsm_flag_spot_t0c0n0_dtex_sm3,default
lp_hsm_flag_spot_t0c0n0_nc_dtex_sm2,default
lp_hsm_flag_spot_t0c0n0_nc_dtex_sm3,default
lp_hsm_flag_spot_t0c0n0s0_dtex_sm3,default
lp_hsm_flag_spot_t0c0n0s0_nc_dtex_sm3,default
lp_hsm_flag_spot_t0c0s0_dtex_sm3,default
lp_hsm_flag_spot_t0c0s0_nc_dtex_sm3,default
lp_hsm_flag_sun_t0c0_dtex_sm2,default
lp_hsm_flag_sun_t0c0_dtex_sm3,default
lp_hsm_flag_sun_t0c0_nc_dtex_sm2,default
lp_hsm_flag_sun_t0c0_nc_dtex_sm3,default
lp_hsm_flag_sun_t0c0n0_dtex_sm2,default
lp_hsm_flag_sun_t0c0n0_dtex_sm3,default
lp_hsm_flag_sun_t0c0n0_nc_dtex_sm2,default
lp_hsm_flag_sun_t0c0n0_nc_dtex_sm3,default
lp_hsm_flag_sun_t0c0n0s0_dtex_sm3,default
lp_hsm_flag_sun_t0c0n0s0_nc_dtex_sm3,default
lp_hsm_flag_sun_t0c0s0_dtex_sm3,default
lp_hsm_flag_sun_t0c0s0_nc_dtex_sm3,default
lp_hsm_i_omni_a0c0_dtex_sm2,default
lp_hsm_i_omni_a0c0_dtex_sm3,default
lp_hsm_i_omni_a0c0_nc_dtex_sm2,default
lp_hsm_i_omni_a0c0_nc_dtex_sm3,default
lp_hsm_i_omni_b0c0_dtex_sm2,premulalpha
lp_hsm_i_omni_b0c0_dtex_sm3,premulalpha
lp_hsm_i_omni_b0c0_nc_dtex_sm2,premulalpha
lp_hsm_i_omni_b0c0_nc_dtex_sm3,premulalpha
lp_hsm_i_omni_b0c0d0_dtex_sm2,premulalpha
lp_hsm_i_omni_b0c0d0_dtex_sm3,premulalpha
lp_hsm_i_omni_b0c0d0_nc_dtex_sm2,premulalpha
lp_hsm_i_omni_b0c0d0_nc_dtex_sm3,premulalpha
lp_hsm_i_omni_b0c0d0n0_dtex_sm2,premulalpha
lp_hsm_i_omni_b0c0d0n0_dtex_sm3,premulalpha
lp_hsm_i_omni_b0c0d0n0_nc_dtex_sm2,premulalpha
lp_hsm_i_omni_b0c0d0n0_nc_dtex_sm3,premulalpha
lp_hsm_i_omni_b0c0d0n0s0_dtex_sm3,premulalpha
lp_hsm_i_omni_b0c0d0n0s0_nc_dtex_sm3,premulalpha
lp_hsm_i_omni_b0c0d0s0_dtex_sm3,premulalpha
lp_hsm_i_omni_b0c0d0s0_nc_dtex_sm3,premulalpha
lp_hsm_i_omni_b0c0n0_dtex_sm2,premulalpha
lp_hsm_i_omni_b0c0n0_dtex_sm3,premulalpha
lp_hsm_i_omni_b0c0n0_nc_dtex_sm2,premulalpha
lp_hsm_i_omni_b0c0n0_nc_dtex_sm3,premulalpha
lp_hsm_i_omni_b0c0n0s0_dtex_sm3,premulalpha
lp_hsm_i_omni_b0c0n0s0_nc_dtex_sm3,premulalpha
lp_hsm_i_omni_b0c0s0_dtex_sm3,premulalpha
lp_hsm_i_omni_b0c0s0_nc_dtex_sm3,premulalpha
lp_hsm_i_omni_r0c0_dtex_sm2,default
lp_hsm_i_omni_r0c0_dtex_sm3,default
lp_hsm_i_omni_r0c0_nc_dtex_sm2,default
lp_hsm_i_omni_r0c0_nc_dtex_sm3,default
lp_hsm_i_omni_r0c0d0_dtex_sm2,default
lp_hsm_i_omni_r0c0d0_dtex_sm3,default
lp_hsm_i_omni_r0c0d0_nc_dtex_sm2,default
lp_hsm_i_omni_r0c0d0_nc_dtex_sm3,default
lp_hsm_i_omni_r0c0d0n0_dtex_sm2,default
lp_hsm_i_omni_r0c0d0n0_dtex_sm3,default
lp_hsm_i_omni_r0c0d0n0_nc_dtex_sm2,default
lp_hsm_i_omni_r0c0d0n0_nc_dtex_sm3,default
lp_hsm_i_omni_r0c0d0n0s0_dtex_sm3,default
lp_hsm_i_omni_r0c0d0n0s0_nc_dtex_sm3,default
lp_hsm_i_omni_r0c0d0s0_dtex_sm3,default
lp_hsm_i_omni_r0c0d0s0_nc_dtex_sm3,default
lp_hsm_i_omni_r0c0n0_dtex_sm2,default
lp_hsm_i_omni_r0c0n0_dtex_sm3,default
lp_hsm_i_omni_r0c0n0_nc_dtex_sm2,default
lp_hsm_i_omni_r0c0n0_nc_dtex_sm3,default
lp_hsm_i_omni_r0c0n0s0_dtex_sm3,default
lp_hsm_i_omni_r0c0n0s0_nc_dtex_sm3,default
lp_hsm_i_omni_r0c0s0_dtex_sm3,default
lp_hsm_i_omni_r0c0s0_nc_dtex_sm3,default
lp_hsm_i_omni_t0c0_dtex_sm2,default
lp_hsm_i_omni_t0c0_dtex_sm3,default
lp_hsm_i_omni_t0c0_nc_dtex_sm2,default
lp_hsm_i_omni_t0c0_nc_dtex_sm3,default
lp_hsm_i_omni_t0c0d0_dtex_sm2,default
lp_hsm_i_omni_t0c0d0_dtex_sm3,default
lp_hsm_i_omni_t0c0d0_nc_dtex_sm2,default
lp_hsm_i_omni_t0c0d0_nc_dtex_sm3,default
lp_hsm_i_omni_t0c0d0n0_dtex_sm2,default
lp_hsm_i_omni_t0c0d0n0_dtex_sm3,default
lp_hsm_i_omni_t0c0d0n0_nc_dtex_sm2,default
lp_hsm_i_omni_t0c0d0n0_nc_dtex_sm3,default
lp_hsm_i_omni_t0c0d0n0s0_dtex_sm3,default
lp_hsm_i_omni_t0c0d0n0s0_nc_dtex_sm3,default
lp_hsm_i_omni_t0c0d0s0_dtex_sm3,default
lp_hsm_i_omni_t0c0d0s0_nc_dtex_sm3,default
lp_hsm_i_omni_t0c0n0_dtex_sm2,default
lp_hsm_i_omni_t0c0n0_dtex_sm3,default
lp_hsm_i_omni_t0c0n0_nc_dtex_sm2,default
lp_hsm_i_omni_t0c0n0_nc_dtex_sm3,default
lp_hsm_i_omni_t0c0n0s0_dtex_sm3,default
lp_hsm_i_omni_t0c0n0s0_nc_dtex_sm3,default
lp_hsm_i_omni_t0c0s0_dtex_sm3,default
lp_hsm_i_omni_t0c0s0_nc_dtex_sm3,default
lp_hsm_i_skin_omni_r0c0_dtex_sm3,default
lp_hsm_i_skin_omni_r0c0_nc_dtex_sm3,default
lp_hsm_i_skin_omni_r0c0d0_dtex_sm3,default
lp_hsm_i_skin_omni_r0c0d0_nc_dtex_sm3,default
lp_hsm_i_skin_omni_r0c0d0n0_dtex_sm3,default
lp_hsm_i_skin_omni_r0c0d0n0_nc_dtex_sm3,default
lp_hsm_i_skin_omni_r0c0d0n0s0_dtex_sm3,default
lp_hsm_i_skin_omni_r0c0d0n0s0_nc_dtex_sm3,default
lp_hsm_i_skin_omni_r0c0d0s0_dtex_sm3,default
lp_hsm_i_skin_omni_r0c0d0s0_nc_dtex_sm3,default
lp_hsm_i_skin_omni_r0c0n0_dtex_sm3,default
lp_hsm_i_skin_omni_r0c0n0_nc_dtex_sm3,default
lp_hsm_i_skin_omni_r0c0n0s0_dtex_sm3,default
lp_hsm_i_skin_omni_r0c0n0s0_nc_dtex_sm3,default
lp_hsm_i_skin_omni_r0c0s0_dtex_sm3,default
lp_hsm_i_skin_omni_r0c0s0_nc_dtex_sm3,default
lp_hsm_i_skin_spot_r0c0_dtex_sm3,default
lp_hsm_i_skin_spot_r0c0_nc_dtex_sm3,default
lp_hsm_i_skin_spot_r0c0d0_dtex_sm3,default
lp_hsm_i_skin_spot_r0c0d0_nc_dtex_sm3,default
lp_hsm_i_skin_spot_r0c0d0n0_dtex_sm3,default
lp_hsm_i_skin_spot_r0c0d0n0_nc_dtex_sm3,default
lp_hsm_i_skin_spot_r0c0d0n0s0_dtex_sm3,default
lp_hsm_i_skin_spot_r0c0d0n0s0_nc_dtex_sm3,default
lp_hsm_i_skin_spot_r0c0d0s0_dtex_sm3,default
lp_hsm_i_skin_spot_r0c0d0s0_nc_dtex_sm3,default
lp_hsm_i_skin_spot_r0c0n0_dtex_sm3,default
lp_hsm_i_skin_spot_r0c0n0_nc_dtex_sm3,default
lp_hsm_i_skin_spot_r0c0n0s0_dtex_sm3,default
lp_hsm_i_skin_spot_r0c0n0s0_nc_dtex_sm3,default
lp_hsm_i_skin_spot_r0c0s0_dtex_sm3,default
lp_hsm_i_skin_spot_r0c0s0_nc_dtex_sm3,default
lp_hsm_i_skin_sun_r0c0_dtex_sm3,default
lp_hsm_i_skin_sun_r0c0_nc_dtex_sm3,default
lp_hsm_i_skin_sun_r0c0d0_dtex_sm3,default
lp_hsm_i_skin_sun_r0c0d0_nc_dtex_sm3,default
lp_hsm_i_skin_sun_r0c0d0n0_dtex_sm3,default
lp_hsm_i_skin_sun_r0c0d0n0_nc_dtex_sm3,default
lp_hsm_i_skin_sun_r0c0d0n0s0_dtex_sm3,default
lp_hsm_i_skin_sun_r0c0d0n0s0_nc_dtex_sm3,default
lp_hsm_i_skin_sun_r0c0d0s0_dtex_sm3,default
lp_hsm_i_skin_sun_r0c0d0s0_nc_dtex_sm3,default
lp_hsm_i_skin_sun_r0c0n0_dtex_sm3,default
lp_hsm_i_skin_sun_r0c0n0_nc_dtex_sm3,default
lp_hsm_i_skin_sun_r0c0n0s0_dtex_sm3,default
lp_hsm_i_skin_sun_r0c0n0s0_nc_dtex_sm3,default
lp_hsm_i_skin_sun_r0c0s0_dtex_sm3,default
lp_hsm_i_skin_sun_r0c0s0_nc_dtex_sm3,default
lp_hsm_i_spot_a0c0_dtex_sm2,default
lp_hsm_i_spot_a0c0_dtex_sm3,default
lp_hsm_i_spot_a0c0_nc_dtex_sm2,default
lp_hsm_i_spot_a0c0_nc_dtex_sm3,default
lp_hsm_i_spot_b0c0_dtex_sm2,premulalpha
lp_hsm_i_spot_b0c0_dtex_sm3,premulalpha
lp_hsm_i_spot_b0c0_nc_dtex_sm2,premulalpha
lp_hsm_i_spot_b0c0_nc_dtex_sm3,premulalpha
lp_hsm_i_spot_b0c0d0_dtex_sm2,premulalpha
lp_hsm_i_spot_b0c0d0_dtex_sm3,premulalpha
lp_hsm_i_spot_b0c0d0_nc_dtex_sm2,premulalpha
lp_hsm_i_spot_b0c0d0_nc_dtex_sm3,premulalpha
lp_hsm_i_spot_b0c0d0n0_dtex_sm2,premulalpha
lp_hsm_i_spot_b0c0d0n0_dtex_sm3,premulalpha
lp_hsm_i_spot_b0c0d0n0_nc_dtex_sm2,premulalpha
lp_hsm_i_spot_b0c0d0n0_nc_dtex_sm3,premulalpha
lp_hsm_i_spot_b0c0d0n0s0_dtex_sm3,premulalpha
lp_hsm_i_spot_b0c0d0n0s0_nc_dtex_sm3,premulalpha
lp_hsm_i_spot_b0c0d0s0_dtex_sm3,premulalpha
lp_hsm_i_spot_b0c0d0s0_nc_dtex_sm3,premulalpha
lp_hsm_i_spot_b0c0n0_dtex_sm2,premulalpha
lp_hsm_i_spot_b0c0n0_dtex_sm3,premulalpha
lp_hsm_i_spot_b0c0n0_nc_dtex_sm2,premulalpha
lp_hsm_i_spot_b0c0n0_nc_dtex_sm3,premulalpha
lp_hsm_i_spot_b0c0n0s0_dtex_sm3,premulalpha
lp_hsm_i_spot_b0c0n0s0_nc_dtex_sm3,premulalpha
lp_hsm_i_spot_b0c0s0_dtex_sm3,premulalpha
lp_hsm_i_spot_b0c0s0_nc_dtex_sm3,premulalpha
lp_hsm_i_spot_r0c0_dtex_sm2,default
lp_hsm_i_spot_r0c0_dtex_sm3,default
lp_hsm_i_spot_r0c0_nc_dtex_sm2,default
lp_hsm_i_spot_r0c0_nc_dtex_sm3,default
lp_hsm_i_spot_r0c0d0_dtex_sm2,default
lp_hsm_i_spot_r0c0d0_dtex_sm3,default
lp_hsm_i_spot_r0c0d0_nc_dtex_sm2,default
lp_hsm_i_spot_r0c0d0_nc_dtex_sm3,default
lp_hsm_i_spot_r0c0d0n0_dtex_sm2,default
lp_hsm_i_spot_r0c0d0n0_dtex_sm3,default
lp_hsm_i_spot_r0c0d0n0_nc_dtex_sm2,default
lp_hsm_i_spot_r0c0d0n0_nc_dtex_sm3,default
lp_hsm_i_spot_r0c0d0n0s0_dtex_sm3,default
lp_hsm_i_spot_r0c0d0n0s0_nc_dtex_sm3,default
lp_hsm_i_spot_r0c0d0s0_dtex_sm3,default
lp_hsm_i_spot_r0c0d0s0_nc_dtex_sm3,default
lp_hsm_i_spot_r0c0n0_dtex_sm2,default
lp_hsm_i_spot_r0c0n0_dtex_sm3,default
lp_hsm_i_spot_r0c0n0_nc_dtex_sm2,default
lp_hsm_i_spot_r0c0n0_nc_dtex_sm3,default
lp_hsm_i_spot_r0c0n0s0_dtex_sm3,default
lp_hsm_i_spot_r0c0n0s0_nc_dtex_sm3,default
lp_hsm_i_spot_r0c0s0_dtex_sm3,default
lp_hsm_i_spot_r0c0s0_nc_dtex_sm3,default
lp_hsm_i_spot_t0c0_dtex_sm2,default
lp_hsm_i_spot_t0c0_dtex_sm3,default
lp_hsm_i_spot_t0c0_nc_dtex_sm2,default
lp_hsm_i_spot_t0c0_nc_dtex_sm3,default
lp_hsm_i_spot_t0c0d0_dtex_sm2,default
lp_hsm_i_spot_t0c0d0_dtex_sm3,default
lp_hsm_i_spot_t0c0d0_nc_dtex_sm2,default
lp_hsm_i_spot_t0c0d0_nc_dtex_sm3,default
lp_hsm_i_spot_t0c0d0n0_dtex_sm2,default
lp_hsm_i_spot_t0c0d0n0_dtex_sm3,default
lp_hsm_i_spot_t0c0d0n0_nc_dtex_sm2,default
lp_hsm_i_spot_t0c0d0n0_nc_dtex_sm3,default
lp_hsm_i_spot_t0c0d0n0s0_dtex_sm3,default
lp_hsm_i_spot_t0c0d0n0s0_nc_dtex_sm3,default
lp_hsm_i_spot_t0c0d0s0_dtex_sm3,default
lp_hsm_i_spot_t0c0d0s0_nc_dtex_sm3,default
lp_hsm_i_spot_t0c0n0_dtex_sm2,default
lp_hsm_i_spot_t0c0n0_dtex_sm3,default
lp_hsm_i_spot_t0c0n0_nc_dtex_sm2,default
lp_hsm_i_spot_t0c0n0_nc_dtex_sm3,default
lp_hsm_i_spot_t0c0n0s0_dtex_sm3,default
lp_hsm_i_spot_t0c0n0s0_nc_dtex_sm3,default
lp_hsm_i_spot_t0c0s0_dtex_sm3,default
lp_hsm_i_spot_t0c0s0_nc_dtex_sm3,default
lp_hsm_i_sun_a0c0_dtex_sm2,default
lp_hsm_i_sun_a0c0_dtex_sm3,default
lp_hsm_i_sun_a0c0_nc_dtex_sm2,default
lp_hsm_i_sun_a0c0_nc_dtex_sm3,default
lp_hsm_i_sun_b0c0_dtex_sm2,premulalpha
lp_hsm_i_sun_b0c0_dtex_sm3,premulalpha
lp_hsm_i_sun_b0c0_nc_dtex_sm2,premulalpha
lp_hsm_i_sun_b0c0_nc_dtex_sm3,premulalpha
lp_hsm_i_sun_b0c0d0_dtex_sm2,premulalpha
lp_hsm_i_sun_b0c0d0_dtex_sm3,premulalpha
lp_hsm_i_sun_b0c0d0_nc_dtex_sm2,premulalpha
lp_hsm_i_sun_b0c0d0_nc_dtex_sm3,premulalpha
lp_hsm_i_sun_b0c0d0n0_dtex_sm2,premulalpha
lp_hsm_i_sun_b0c0d0n0_dtex_sm3,premulalpha
lp_hsm_i_sun_b0c0d0n0_nc_dtex_sm2,premulalpha
lp_hsm_i_sun_b0c0d0n0_nc_dtex_sm3,premulalpha
lp_hsm_i_sun_b0c0d0n0s0_dtex_sm3,premulalpha
lp_hsm_i_sun_b0c0d0n0s0_nc_dtex_sm3,premulalpha
lp_hsm_i_sun_b0c0d0s0_dtex_sm3,premulalpha
lp_hsm_i_sun_b0c0d0s0_nc_dtex_sm3,premulalpha
lp_hsm_i_sun_b0c0n0_dtex_sm2,premulalpha
lp_hsm_i_sun_b0c0n0_dtex_sm3,premulalpha
lp_hsm_i_sun_b0c0n0_nc_dtex_sm2,premulalpha
lp_hsm_i_sun_b0c0n0_nc_dtex_sm3,premulalpha
lp_hsm_i_sun_b0c0n0s0_dtex_sm3,premulalpha
lp_hsm_i_sun_b0c0n0s0_nc_dtex_sm3,premulalpha
lp_hsm_i_sun_b0c0s0_dtex_sm3,premulalpha
lp_hsm_i_sun_b0c0s0_nc_dtex_sm3,premulalpha
lp_hsm_i_sun_r0c0_dtex_sm2,default
lp_hsm_i_sun_r0c0_dtex_sm3,default
lp_hsm_i_sun_r0c0_nc_dtex_sm2,default
lp_hsm_i_sun_r0c0_nc_dtex_sm3,default
lp_hsm_i_sun_r0c0d0_dtex_sm2,default
lp_hsm_i_sun_r0c0d0_dtex_sm3,default
lp_hsm_i_sun_r0c0d0_nc_dtex_sm2,default
lp_hsm_i_sun_r0c0d0_nc_dtex_sm3,default
lp_hsm_i_sun_r0c0d0n0_dtex_sm2,default
lp_hsm_i_sun_r0c0d0n0_dtex_sm3,default
lp_hsm_i_sun_r0c0d0n0_nc_dtex_sm2,default
lp_hsm_i_sun_r0c0d0n0_nc_dtex_sm3,default
lp_hsm_i_sun_r0c0d0n0s0_dtex_sm3,default
lp_hsm_i_sun_r0c0d0n0s0_nc_dtex_sm3,default
lp_hsm_i_sun_r0c0d0s0_dtex_sm3,default
lp_hsm_i_sun_r0c0d0s0_nc_dtex_sm3,default
lp_hsm_i_sun_r0c0n0_dtex_sm2,default
lp_hsm_i_sun_r0c0n0_dtex_sm3,default
lp_hsm_i_sun_r0c0n0_nc_dtex_sm2,default
lp_hsm_i_sun_r0c0n0_nc_dtex_sm3,default
lp_hsm_i_sun_r0c0n0s0_dtex_sm3,default
lp_hsm_i_sun_r0c0n0s0_nc_dtex_sm3,default
lp_hsm_i_sun_r0c0s0_dtex_sm3,default
lp_hsm_i_sun_r0c0s0_nc_dtex_sm3,default
lp_hsm_i_sun_t0c0_dtex_sm2,default
lp_hsm_i_sun_t0c0_dtex_sm3,default
lp_hsm_i_sun_t0c0_nc_dtex_sm2,default
lp_hsm_i_sun_t0c0_nc_dtex_sm3,default
lp_hsm_i_sun_t0c0d0_dtex_sm2,default
lp_hsm_i_sun_t0c0d0_dtex_sm3,default
lp_hsm_i_sun_t0c0d0_nc_dtex_sm2,default
lp_hsm_i_sun_t0c0d0_nc_dtex_sm3,default
lp_hsm_i_sun_t0c0d0n0_dtex_sm2,default
lp_hsm_i_sun_t0c0d0n0_dtex_sm3,default
lp_hsm_i_sun_t0c0d0n0_nc_dtex_sm2,default
lp_hsm_i_sun_t0c0d0n0_nc_dtex_sm3,default
lp_hsm_i_sun_t0c0d0n0s0_dtex_sm3,default
lp_hsm_i_sun_t0c0d0n0s0_nc_dtex_sm3,default
lp_hsm_i_sun_t0c0d0s0_dtex_sm3,default
lp_hsm_i_sun_t0c0d0s0_nc_dtex_sm3,default
lp_hsm_i_sun_t0c0n0_dtex_sm2,default
lp_hsm_i_sun_t0c0n0_dtex_sm3,default
lp_hsm_i_sun_t0c0n0_nc_dtex_sm2,default
lp_hsm_i_sun_t0c0n0_nc_dtex_sm3,default
lp_hsm_i_sun_t0c0n0s0_dtex_sm3,default
lp_hsm_i_sun_t0c0n0s0_nc_dtex_sm3,default
lp_hsm_i_sun_t0c0s0_dtex_sm3,default
lp_hsm_i_sun_t0c0s0_nc_dtex_sm3,default
lp_hsm_omni_a0c0_dtex_sm2,default
lp_hsm_omni_a0c0_dtex_sm3,default
lp_hsm_omni_a0c0_nc_dtex_sm2,default
lp_hsm_omni_a0c0_nc_dtex_sm3,default
lp_hsm_omni_b0c0_dtex_sm2,premulalpha
lp_hsm_omni_b0c0_dtex_sm3,premulalpha
lp_hsm_omni_b0c0_nc_dtex_sm2,premulalpha
lp_hsm_omni_b0c0_nc_dtex_sm3,premulalpha
lp_hsm_omni_b0c0d0_dtex_sm2,premulalpha
lp_hsm_omni_b0c0d0_dtex_sm3,premulalpha
lp_hsm_omni_b0c0d0_nc_dtex_sm2,premulalpha
lp_hsm_omni_b0c0d0_nc_dtex_sm3,premulalpha
lp_hsm_omni_b0c0d0n0_dtex_sm2,premulalpha
lp_hsm_omni_b0c0d0n0_dtex_sm3,premulalpha
lp_hsm_omni_b0c0d0n0_nc_dtex_sm2,premulalpha
lp_hsm_omni_b0c0d0n0_nc_dtex_sm3,premulalpha
lp_hsm_omni_b0c0d0n0s0_dtex_sm3,premulalpha
lp_hsm_omni_b0c0d0n0s0_nc_dtex_sm3,premulalpha
lp_hsm_omni_b0c0d0s0_dtex_sm3,premulalpha
lp_hsm_omni_b0c0d0s0_nc_dtex_sm3,premulalpha
lp_hsm_omni_b0c0n0_dtex_sm2,premulalpha
lp_hsm_omni_b0c0n0_dtex_sm3,premulalpha
lp_hsm_omni_b0c0n0_nc_dtex_sm2,premulalpha
lp_hsm_omni_b0c0n0_nc_dtex_sm3,premulalpha
lp_hsm_omni_b0c0n0s0_dtex_sm3,premulalpha
lp_hsm_omni_b0c0n0s0_nc_dtex_sm3,premulalpha
lp_hsm_omni_b0c0s0_dtex_sm3,premulalpha
lp_hsm_omni_b0c0s0_nc_dtex_sm3,premulalpha
lp_hsm_omni_r0c0_dtex_sm2,default
lp_hsm_omni_r0c0_dtex_sm3,default
lp_hsm_omni_r0c0_nc_dtex_sm2,default
lp_hsm_omni_r0c0_nc_dtex_sm3,default
lp_hsm_omni_r0c0d0_dtex_sm2,default
lp_hsm_omni_r0c0d0_dtex_sm3,default
lp_hsm_omni_r0c0d0_nc_dtex_sm2,default
lp_hsm_omni_r0c0d0_nc_dtex_sm3,default
lp_hsm_omni_r0c0d0n0_dtex_sm2,default
lp_hsm_omni_r0c0d0n0_dtex_sm3,default
lp_hsm_omni_r0c0d0n0_nc_dtex_sm2,default
lp_hsm_omni_r0c0d0n0_nc_dtex_sm3,default
lp_hsm_omni_r0c0d0n0s0_dtex_sm3,default
lp_hsm_omni_r0c0d0n0s0_nc_dtex_sm3,default
lp_hsm_omni_r0c0d0s0_dtex_sm3,default
lp_hsm_omni_r0c0d0s0_nc_dtex_sm3,default
lp_hsm_omni_r0c0n0_dtex_sm2,default
lp_hsm_omni_r0c0n0_dtex_sm3,default
lp_hsm_omni_r0c0n0_nc_dtex_sm2,default
lp_hsm_omni_r0c0n0_nc_dtex_sm3,default
lp_hsm_omni_r0c0n0s0_dtex_sm3,default
lp_hsm_omni_r0c0n0s0_nc_dtex_sm3,default
lp_hsm_omni_r0c0s0_dtex_sm3,default
lp_hsm_omni_r0c0s0_nc_dtex_sm3,default
lp_hsm_omni_t0c0_dtex_sm2,default
lp_hsm_omni_t0c0_dtex_sm3,default
lp_hsm_omni_t0c0_nc_dtex_sm2,default
lp_hsm_omni_t0c0_nc_dtex_sm3,default
lp_hsm_omni_t0c0d0_dtex_sm2,default
lp_hsm_omni_t0c0d0_dtex_sm3,default
lp_hsm_omni_t0c0d0_nc_dtex_sm2,default
lp_hsm_omni_t0c0d0_nc_dtex_sm3,default
lp_hsm_omni_t0c0d0n0_dtex_sm2,default
lp_hsm_omni_t0c0d0n0_dtex_sm3,default
lp_hsm_omni_t0c0d0n0_nc_dtex_sm2,default
lp_hsm_omni_t0c0d0n0_nc_dtex_sm3,default
lp_hsm_omni_t0c0d0n0s0_dtex_sm3,default
lp_hsm_omni_t0c0d0n0s0_nc_dtex_sm3,default
lp_hsm_omni_t0c0d0s0_dtex_sm3,default
lp_hsm_omni_t0c0d0s0_nc_dtex_sm3,default
lp_hsm_omni_t0c0n0_dtex_sm2,default
lp_hsm_omni_t0c0n0_dtex_sm3,default
lp_hsm_omni_t0c0n0_nc_dtex_sm2,default
lp_hsm_omni_t0c0n0_nc_dtex_sm3,default
lp_hsm_omni_t0c0n0s0_dtex_sm3,default
lp_hsm_omni_t0c0n0s0_nc_dtex_sm3,default
lp_hsm_omni_t0c0s0_dtex_sm3,default
lp_hsm_omni_t0c0s0_nc_dtex_sm3,default
lp_hsm_scroll_omni_b0c0_dtex_sm2,premulalpha
lp_hsm_scroll_omni_b0c0_dtex_sm3,premulalpha
lp_hsm_scroll_omni_b0c0_nc_dtex_sm2,premulalpha
lp_hsm_scroll_omni_b0c0_nc_dtex_sm3,premulalpha
lp_hsm_scroll_omni_b0c0d0_dtex_sm2,premulalpha
lp_hsm_scroll_omni_b0c0d0_dtex_sm3,premulalpha
lp_hsm_scroll_omni_b0c0d0_nc_dtex_sm2,premulalpha
lp_hsm_scroll_omni_b0c0d0_nc_dtex_sm3,premulalpha
lp_hsm_scroll_omni_b0c0d0n0_dtex_sm2,premulalpha
lp_hsm_scroll_omni_b0c0d0n0_dtex_sm3,premulalpha
lp_hsm_scroll_omni_b0c0d0n0_nc_dtex_sm2,premulalpha
lp_hsm_scroll_omni_b0c0d0n0_nc_dtex_sm3,premulalpha
lp_hsm_scroll_omni_b0c0d0n0s0_dtex_sm3,premulalpha
lp_hsm_scroll_omni_b0c0d0n0s0_nc_dtex_sm3,premulalpha
lp_hsm_scroll_omni_b0c0d0s0_dtex_sm3,premulalpha
lp_hsm_scroll_omni_b0c0d0s0_nc_dtex_sm3,premulalpha
lp_hsm_scroll_omni_b0c0n0_dtex_sm2,premulalpha
lp_hsm_scroll_omni_b0c0n0_dtex_sm3,premulalpha
lp_hsm_scroll_omni_b0c0n0_nc_dtex_sm2,premulalpha
lp_hsm_scroll_omni_b0c0n0_nc_dtex_sm3,premulalpha
lp_hsm_scroll_omni_b0c0n0s0_dtex_sm3,premulalpha
lp_hsm_scroll_omni_b0c0n0s0_nc_dtex_sm3,premulalpha
lp_hsm_scroll_omni_b0c0s0_dtex_sm3,premulalpha
lp_hsm_scroll_omni_b0c0s0_nc_dtex_sm3,premulalpha
lp_hsm_scroll_omni_r0c0_dtex_sm2,default
lp_hsm_scroll_omni_r0c0_dtex_sm3,default
lp_hsm_scroll_omni_r0c0_nc_dtex_sm2,default
lp_hsm_scroll_omni_r0c0_nc_dtex_sm3,default
lp_hsm_scroll_omni_r0c0d0_dtex_sm2,default
lp_hsm_scroll_omni_r0c0d0_dtex_sm3,default
lp_hsm_scroll_omni_r0c0d0_nc_dtex_sm2,default
lp_hsm_scroll_omni_r0c0d0_nc_dtex_sm3,default
lp_hsm_scroll_omni_r0c0d0n0_dtex_sm2,default
lp_hsm_scroll_omni_r0c0d0n0_dtex_sm3,default
lp_hsm_scroll_omni_r0c0d0n0_nc_dtex_sm2,default
lp_hsm_scroll_omni_r0c0d0n0_nc_dtex_sm3,default
lp_hsm_scroll_omni_r0c0d0n0s0_dtex_sm3,default
lp_hsm_scroll_omni_r0c0d0n0s0_nc_dtex_sm3,default
lp_hsm_scroll_omni_r0c0d0s0_dtex_sm3,default
lp_hsm_scroll_omni_r0c0d0s0_nc_dtex_sm3,default
lp_hsm_scroll_omni_r0c0n0_dtex_sm2,default
lp_hsm_scroll_omni_r0c0n0_dtex_sm3,default
lp_hsm_scroll_omni_r0c0n0_nc_dtex_sm2,default
lp_hsm_scroll_omni_r0c0n0_nc_dtex_sm3,default
lp_hsm_scroll_omni_r0c0n0s0_dtex_sm3,default
lp_hsm_scroll_omni_r0c0n0s0_nc_dtex_sm3,default
lp_hsm_scroll_omni_r0c0s0_dtex_sm3,default
lp_hsm_scroll_omni_r0c0s0_nc_dtex_sm3,default
lp_hsm_scroll_omni_t0c0_dtex_sm2,default
lp_hsm_scroll_omni_t0c0_dtex_sm3,default
lp_hsm_scroll_omni_t0c0_nc_dtex_sm2,default
lp_hsm_scroll_omni_t0c0_nc_dtex_sm3,default
lp_hsm_scroll_omni_t0c0d0_dtex_sm2,default
lp_hsm_scroll_omni_t0c0d0_dtex_sm3,default
lp_hsm_scroll_omni_t0c0d0_nc_dtex_sm2,default
lp_hsm_scroll_omni_t0c0d0_nc_dtex_sm3,default
lp_hsm_scroll_omni_t0c0d0n0_dtex_sm2,default
lp_hsm_scroll_omni_t0c0d0n0_dtex_sm3,default
lp_hsm_scroll_omni_t0c0d0n0_nc_dtex_sm2,default
lp_hsm_scroll_omni_t0c0d0n0_nc_dtex_sm3,default
lp_hsm_scroll_omni_t0c0d0n0s0_dtex_sm3,default
lp_hsm_scroll_omni_t0c0d0n0s0_nc_dtex_sm3,default
lp_hsm_scroll_omni_t0c0d0s0_dtex_sm3,default
lp_hsm_scroll_omni_t0c0d0s0_nc_dtex_sm3,default
lp_hsm_scroll_omni_t0c0n0_dtex_sm2,default
lp_hsm_scroll_omni_t0c0n0_dtex_sm3,default
lp_hsm_scroll_omni_t0c0n0_nc_dtex_sm2,default
lp_hsm_scroll_omni_t0c0n0_nc_dtex_sm3,default
lp_hsm_scroll_omni_t0c0n0s0_dtex_sm3,default
lp_hsm_scroll_omni_t0c0n0s0_nc_dtex_sm3,default
lp_hsm_scroll_omni_t0c0s0_dtex_sm3,default
lp_hsm_scroll_omni_t0c0s0_nc_dtex_sm3,default
lp_hsm_scroll_spot_b0c0_dtex_sm2,premulalpha
lp_hsm_scroll_spot_b0c0_dtex_sm3,premulalpha
lp_hsm_scroll_spot_b0c0_nc_dtex_sm2,premulalpha
lp_hsm_scroll_spot_b0c0_nc_dtex_sm3,premulalpha
lp_hsm_scroll_spot_b0c0d0_dtex_sm2,premulalpha
lp_hsm_scroll_spot_b0c0d0_dtex_sm3,premulalpha
lp_hsm_scroll_spot_b0c0d0_nc_dtex_sm2,premulalpha
lp_hsm_scroll_spot_b0c0d0_nc_dtex_sm3,premulalpha
lp_hsm_scroll_spot_b0c0d0n0_dtex_sm2,premulalpha
lp_hsm_scroll_spot_b0c0d0n0_dtex_sm3,premulalpha
lp_hsm_scroll_spot_b0c0d0n0_nc_dtex_sm2,premulalpha
lp_hsm_scroll_spot_b0c0d0n0_nc_dtex_sm3,premulalpha
lp_hsm_scroll_spot_b0c0d0n0s0_dtex_sm3,premulalpha
lp_hsm_scroll_spot_b0c0d0n0s0_nc_dtex_sm3,premulalpha
lp_hsm_scroll_spot_b0c0d0s0_dtex_sm3,premulalpha
lp_hsm_scroll_spot_b0c0d0s0_nc_dtex_sm3,premulalpha
lp_hsm_scroll_spot_b0c0n0_dtex_sm2,premulalpha
lp_hsm_scroll_spot_b0c0n0_dtex_sm3,premulalpha
lp_hsm_scroll_spot_b0c0n0_nc_dtex_sm2,premulalpha
lp_hsm_scroll_spot_b0c0n0_nc_dtex_sm3,premulalpha
lp_hsm_scroll_spot_b0c0n0s0_dtex_sm3,premulalpha
lp_hsm_scroll_spot_b0c0n0s0_nc_dtex_sm3,premulalpha
lp_hsm_scroll_spot_b0c0s0_dtex_sm3,premulalpha
lp_hsm_scroll_spot_b0c0s0_nc_dtex_sm3,premulalpha
lp_hsm_scroll_spot_r0c0_dtex_sm2,default
lp_hsm_scroll_spot_r0c0_dtex_sm3,default
lp_hsm_scroll_spot_r0c0_nc_dtex_sm2,default
lp_hsm_scroll_spot_r0c0_nc_dtex_sm3,default
lp_hsm_scroll_spot_r0c0d0_dtex_sm2,default
lp_hsm_scroll_spot_r0c0d0_dtex_sm3,default
lp_hsm_scroll_spot_r0c0d0_nc_dtex_sm2,default
lp_hsm_scroll_spot_r0c0d0_nc_dtex_sm3,default
lp_hsm_scroll_spot_r0c0d0n0_dtex_sm2,default
lp_hsm_scroll_spot_r0c0d0n0_dtex_sm3,default
lp_hsm_scroll_spot_r0c0d0n0_nc_dtex_sm2,default
lp_hsm_scroll_spot_r0c0d0n0_nc_dtex_sm3,default
lp_hsm_scroll_spot_r0c0d0n0s0_dtex_sm3,default
lp_hsm_scroll_spot_r0c0d0n0s0_nc_dtex_sm3,default
lp_hsm_scroll_spot_r0c0d0s0_dtex_sm3,default
lp_hsm_scroll_spot_r0c0d0s0_nc_dtex_sm3,default
lp_hsm_scroll_spot_r0c0n0_dtex_sm2,default
lp_hsm_scroll_spot_r0c0n0_dtex_sm3,default
lp_hsm_scroll_spot_r0c0n0_nc_dtex_sm2,default
lp_hsm_scroll_spot_r0c0n0_nc_dtex_sm3,default
lp_hsm_scroll_spot_r0c0n0s0_dtex_sm3,default
lp_hsm_scroll_spot_r0c0n0s0_nc_dtex_sm3,default
lp_hsm_scroll_spot_r0c0s0_dtex_sm3,default
lp_hsm_scroll_spot_r0c0s0_nc_dtex_sm3,default
lp_hsm_scroll_spot_t0c0_dtex_sm2,default
lp_hsm_scroll_spot_t0c0_dtex_sm3,default
lp_hsm_scroll_spot_t0c0_nc_dtex_sm2,default
lp_hsm_scroll_spot_t0c0_nc_dtex_sm3,default
lp_hsm_scroll_spot_t0c0d0_dtex_sm2,default
lp_hsm_scroll_spot_t0c0d0_dtex_sm3,default
lp_hsm_scroll_spot_t0c0d0_nc_dtex_sm2,default
lp_hsm_scroll_spot_t0c0d0_nc_dtex_sm3,default
lp_hsm_scroll_spot_t0c0d0n0_dtex_sm2,default
lp_hsm_scroll_spot_t0c0d0n0_dtex_sm3,default
lp_hsm_scroll_spot_t0c0d0n0_nc_dtex_sm2,default
lp_hsm_scroll_spot_t0c0d0n0_nc_dtex_sm3,default
lp_hsm_scroll_spot_t0c0d0n0s0_dtex_sm3,default
lp_hsm_scroll_spot_t0c0d0n0s0_nc_dtex_sm3,default
lp_hsm_scroll_spot_t0c0d0s0_dtex_sm3,default
lp_hsm_scroll_spot_t0c0d0s0_nc_dtex_sm3,default
lp_hsm_scroll_spot_t0c0n0_dtex_sm2,default
lp_hsm_scroll_spot_t0c0n0_dtex_sm3,default
lp_hsm_scroll_spot_t0c0n0_nc_dtex_sm2,default
lp_hsm_scroll_spot_t0c0n0_nc_dtex_sm3,default
lp_hsm_scroll_spot_t0c0n0s0_dtex_sm3,default
lp_hsm_scroll_spot_t0c0n0s0_nc_dtex_sm3,default
lp_hsm_scroll_spot_t0c0s0_dtex_sm3,default
lp_hsm_scroll_spot_t0c0s0_nc_dtex_sm3,default
lp_hsm_scroll_sun_b0c0_dtex_sm2,premulalpha
lp_hsm_scroll_sun_b0c0_dtex_sm3,premulalpha
lp_hsm_scroll_sun_b0c0_nc_dtex_sm2,premulalpha
lp_hsm_scroll_sun_b0c0_nc_dtex_sm3,premulalpha
lp_hsm_scroll_sun_b0c0d0_dtex_sm2,premulalpha
lp_hsm_scroll_sun_b0c0d0_dtex_sm3,premulalpha
lp_hsm_scroll_sun_b0c0d0_nc_dtex_sm2,premulalpha
lp_hsm_scroll_sun_b0c0d0_nc_dtex_sm3,premulalpha
lp_hsm_scroll_sun_b0c0d0n0_dtex_sm2,premulalpha
lp_hsm_scroll_sun_b0c0d0n0_dtex_sm3,premulalpha
lp_hsm_scroll_sun_b0c0d0n0_nc_dtex_sm2,premulalpha
lp_hsm_scroll_sun_b0c0d0n0_nc_dtex_sm3,premulalpha
lp_hsm_scroll_sun_b0c0d0n0s0_dtex_sm3,premulalpha
lp_hsm_scroll_sun_b0c0d0n0s0_nc_dtex_sm3,premulalpha
lp_hsm_scroll_sun_b0c0d0s0_dtex_sm3,premulalpha
lp_hsm_scroll_sun_b0c0d0s0_nc_dtex_sm3,premulalpha
lp_hsm_scroll_sun_b0c0n0_dtex_sm2,premulalpha
lp_hsm_scroll_sun_b0c0n0_dtex_sm3,premulalpha
lp_hsm_scroll_sun_b0c0n0_nc_dtex_sm2,premulalpha
lp_hsm_scroll_sun_b0c0n0_nc_dtex_sm3,premulalpha
lp_hsm_scroll_sun_b0c0n0s0_dtex_sm3,premulalpha
lp_hsm_scroll_sun_b0c0n0s0_nc_dtex_sm3,premulalpha
lp_hsm_scroll_sun_b0c0s0_dtex_sm3,premulalpha
lp_hsm_scroll_sun_b0c0s0_nc_dtex_sm3,premulalpha
lp_hsm_scroll_sun_r0c0_dtex_sm2,default
lp_hsm_scroll_sun_r0c0_dtex_sm3,default
lp_hsm_scroll_sun_r0c0_nc_dtex_sm2,default
lp_hsm_scroll_sun_r0c0_nc_dtex_sm3,default
lp_hsm_scroll_sun_r0c0d0_dtex_sm2,default
lp_hsm_scroll_sun_r0c0d0_dtex_sm3,default
lp_hsm_scroll_sun_r0c0d0_nc_dtex_sm2,default
lp_hsm_scroll_sun_r0c0d0_nc_dtex_sm3,default
lp_hsm_scroll_sun_r0c0d0n0_dtex_sm2,default
lp_hsm_scroll_sun_r0c0d0n0_dtex_sm3,default
lp_hsm_scroll_sun_r0c0d0n0_nc_dtex_sm2,default
lp_hsm_scroll_sun_r0c0d0n0_nc_dtex_sm3,default
lp_hsm_scroll_sun_r0c0d0n0s0_dtex_sm3,default
lp_hsm_scroll_sun_r0c0d0n0s0_nc_dtex_sm3,default
lp_hsm_scroll_sun_r0c0d0s0_dtex_sm3,default
lp_hsm_scroll_sun_r0c0d0s0_nc_dtex_sm3,default
lp_hsm_scroll_sun_r0c0n0_dtex_sm2,default
lp_hsm_scroll_sun_r0c0n0_dtex_sm3,default
lp_hsm_scroll_sun_r0c0n0_nc_dtex_sm2,default
lp_hsm_scroll_sun_r0c0n0_nc_dtex_sm3,default
lp_hsm_scroll_sun_r0c0n0s0_dtex_sm3,default
lp_hsm_scroll_sun_r0c0n0s0_nc_dtex_sm3,default
lp_hsm_scroll_sun_r0c0s0_dtex_sm3,default
lp_hsm_scroll_sun_r0c0s0_nc_dtex_sm3,default
lp_hsm_scroll_sun_t0c0_dtex_sm2,default
lp_hsm_scroll_sun_t0c0_dtex_sm3,default
lp_hsm_scroll_sun_t0c0_nc_dtex_sm2,default
lp_hsm_scroll_sun_t0c0_nc_dtex_sm3,default
lp_hsm_scroll_sun_t0c0d0_dtex_sm2,default
lp_hsm_scroll_sun_t0c0d0_dtex_sm3,default
lp_hsm_scroll_sun_t0c0d0_nc_dtex_sm2,default
lp_hsm_scroll_sun_t0c0d0_nc_dtex_sm3,default
lp_hsm_scroll_sun_t0c0d0n0_dtex_sm2,default
lp_hsm_scroll_sun_t0c0d0n0_dtex_sm3,default
lp_hsm_scroll_sun_t0c0d0n0_nc_dtex_sm2,default
lp_hsm_scroll_sun_t0c0d0n0_nc_dtex_sm3,default
lp_hsm_scroll_sun_t0c0d0n0s0_dtex_sm3,default
lp_hsm_scroll_sun_t0c0d0n0s0_nc_dtex_sm3,default
lp_hsm_scroll_sun_t0c0d0s0_dtex_sm3,default
lp_hsm_scroll_sun_t0c0d0s0_nc_dtex_sm3,default
lp_hsm_scroll_sun_t0c0n0_dtex_sm2,default
lp_hsm_scroll_sun_t0c0n0_dtex_sm3,default
lp_hsm_scroll_sun_t0c0n0_nc_dtex_sm2,default
lp_hsm_scroll_sun_t0c0n0_nc_dtex_sm3,default
lp_hsm_scroll_sun_t0c0n0s0_dtex_sm3,default
lp_hsm_scroll_sun_t0c0n0s0_nc_dtex_sm3,default
lp_hsm_scroll_sun_t0c0s0_dtex_sm3,default
lp_hsm_scroll_sun_t0c0s0_nc_dtex_sm3,default
lp_hsm_skin_omni_r0c0_dtex_sm3,default
lp_hsm_skin_omni_r0c0_nc_dtex_sm3,default
lp_hsm_skin_omni_r0c0d0_dtex_sm3,default
lp_hsm_skin_omni_r0c0d0_nc_dtex_sm3,default
lp_hsm_skin_omni_r0c0d0n0_dtex_sm3,default
lp_hsm_skin_omni_r0c0d0n0_nc_dtex_sm3,default
lp_hsm_skin_omni_r0c0d0n0s0_dtex_sm3,default
lp_hsm_skin_omni_r0c0d0n0s0_nc_dtex_sm3,default
lp_hsm_skin_omni_r0c0d0s0_dtex_sm3,default
lp_hsm_skin_omni_r0c0d0s0_nc_dtex_sm3,default
lp_hsm_skin_omni_r0c0n0_dtex_sm3,default
lp_hsm_skin_omni_r0c0n0_nc_dtex_sm3,default
lp_hsm_skin_omni_r0c0n0s0_dtex_sm3,default
lp_hsm_skin_omni_r0c0n0s0_nc_dtex_sm3,default
lp_hsm_skin_omni_r0c0s0_dtex_sm3,default
lp_hsm_skin_omni_r0c0s0_nc_dtex_sm3,default
lp_hsm_skin_spot_r0c0_dtex_sm3,default
lp_hsm_skin_spot_r0c0_nc_dtex_sm3,default
lp_hsm_skin_spot_r0c0d0_dtex_sm3,default
lp_hsm_skin_spot_r0c0d0_nc_dtex_sm3,default
lp_hsm_skin_spot_r0c0d0n0_dtex_sm3,default
lp_hsm_skin_spot_r0c0d0n0_nc_dtex_sm3,default
lp_hsm_skin_spot_r0c0d0n0s0_dtex_sm3,default
lp_hsm_skin_spot_r0c0d0n0s0_nc_dtex_sm3,default
lp_hsm_skin_spot_r0c0d0s0_dtex_sm3,default
lp_hsm_skin_spot_r0c0d0s0_nc_dtex_sm3,default
lp_hsm_skin_spot_r0c0n0_dtex_sm3,default
lp_hsm_skin_spot_r0c0n0_nc_dtex_sm3,default
lp_hsm_skin_spot_r0c0n0s0_dtex_sm3,default
lp_hsm_skin_spot_r0c0n0s0_nc_dtex_sm3,default
lp_hsm_skin_spot_r0c0s0_dtex_sm3,default
lp_hsm_skin_spot_r0c0s0_nc_dtex_sm3,default
lp_hsm_skin_sun_r0c0_dtex_sm3,default
lp_hsm_skin_sun_r0c0_nc_dtex_sm3,default
lp_hsm_skin_sun_r0c0d0_dtex_sm3,default
lp_hsm_skin_sun_r0c0d0_nc_dtex_sm3,default
lp_hsm_skin_sun_r0c0d0n0_dtex_sm3,default
lp_hsm_skin_sun_r0c0d0n0_nc_dtex_sm3,default
lp_hsm_skin_sun_r0c0d0n0s0_dtex_sm3,default
lp_hsm_skin_sun_r0c0d0n0s0_nc_dtex_sm3,default
lp_hsm_skin_sun_r0c0d0s0_dtex_sm3,default
lp_hsm_skin_sun_r0c0d0s0_nc_dtex_sm3,default
lp_hsm_skin_sun_r0c0n0_dtex_sm3,default
lp_hsm_skin_sun_r0c0n0_nc_dtex_sm3,default
lp_hsm_skin_sun_r0c0n0s0_dtex_sm3,default
lp_hsm_skin_sun_r0c0n0s0_nc_dtex_sm3,default
lp_hsm_skin_sun_r0c0s0_dtex_sm3,default
lp_hsm_skin_sun_r0c0s0_nc_dtex_sm3,default
lp_hsm_spot_a0c0_dtex_sm2,default
lp_hsm_spot_a0c0_dtex_sm3,default
lp_hsm_spot_a0c0_nc_dtex_sm2,default
lp_hsm_spot_a0c0_nc_dtex_sm3,default
lp_hsm_spot_b0c0_dtex_sm2,premulalpha
lp_hsm_spot_b0c0_dtex_sm3,premulalpha
lp_hsm_spot_b0c0_nc_dtex_sm2,premulalpha
lp_hsm_spot_b0c0_nc_dtex_sm3,premulalpha
lp_hsm_spot_b0c0d0_dtex_sm2,premulalpha
lp_hsm_spot_b0c0d0_dtex_sm3,premulalpha
lp_hsm_spot_b0c0d0_nc_dtex_sm2,premulalpha
lp_hsm_spot_b0c0d0_nc_dtex_sm3,premulalpha
lp_hsm_spot_b0c0d0n0_dtex_sm2,premulalpha
lp_hsm_spot_b0c0d0n0_dtex_sm3,premulalpha
lp_hsm_spot_b0c0d0n0_nc_dtex_sm2,premulalpha
lp_hsm_spot_b0c0d0n0_nc_dtex_sm3,premulalpha
lp_hsm_spot_b0c0d0n0s0_dtex_sm3,premulalpha
lp_hsm_spot_b0c0d0n0s0_nc_dtex_sm3,premulalpha
lp_hsm_spot_b0c0d0s0_dtex_sm3,premulalpha
lp_hsm_spot_b0c0d0s0_nc_dtex_sm3,premulalpha
lp_hsm_spot_b0c0n0_dtex_sm2,premulalpha
lp_hsm_spot_b0c0n0_dtex_sm3,premulalpha
lp_hsm_spot_b0c0n0_nc_dtex_sm2,premulalpha
lp_hsm_spot_b0c0n0_nc_dtex_sm3,premulalpha
lp_hsm_spot_b0c0n0s0_dtex_sm3,premulalpha
lp_hsm_spot_b0c0n0s0_nc_dtex_sm3,premulalpha
lp_hsm_spot_b0c0s0_dtex_sm3,premulalpha
lp_hsm_spot_b0c0s0_nc_dtex_sm3,premulalpha
lp_hsm_spot_r0c0_dtex_sm2,default
lp_hsm_spot_r0c0_dtex_sm3,default
lp_hsm_spot_r0c0_nc_dtex_sm2,default
lp_hsm_spot_r0c0_nc_dtex_sm3,default
lp_hsm_spot_r0c0d0_dtex_sm2,default
lp_hsm_spot_r0c0d0_dtex_sm3,default
lp_hsm_spot_r0c0d0_nc_dtex_sm2,default
lp_hsm_spot_r0c0d0_nc_dtex_sm3,default
lp_hsm_spot_r0c0d0n0_dtex_sm2,default
lp_hsm_spot_r0c0d0n0_dtex_sm3,default
lp_hsm_spot_r0c0d0n0_nc_dtex_sm2,default
lp_hsm_spot_r0c0d0n0_nc_dtex_sm3,default
lp_hsm_spot_r0c0d0n0s0_dtex_sm3,default
lp_hsm_spot_r0c0d0n0s0_nc_dtex_sm3,default
lp_hsm_spot_r0c0d0s0_dtex_sm3,default
lp_hsm_spot_r0c0d0s0_nc_dtex_sm3,default
lp_hsm_spot_r0c0n0_dtex_sm2,default
lp_hsm_spot_r0c0n0_dtex_sm3,default
lp_hsm_spot_r0c0n0_nc_dtex_sm2,default
lp_hsm_spot_r0c0n0_nc_dtex_sm3,default
lp_hsm_spot_r0c0n0s0_dtex_sm3,default
lp_hsm_spot_r0c0n0s0_nc_dtex_sm3,default
lp_hsm_spot_r0c0s0_dtex_sm3,default
lp_hsm_spot_r0c0s0_nc_dtex_sm3,default
lp_hsm_spot_t0c0_dtex_sm2,default
lp_hsm_spot_t0c0_dtex_sm3,default
lp_hsm_spot_t0c0_nc_dtex_sm2,default
lp_hsm_spot_t0c0_nc_dtex_sm3,default
lp_hsm_spot_t0c0d0_dtex_sm2,default
lp_hsm_spot_t0c0d0_dtex_sm3,default
lp_hsm_spot_t0c0d0_nc_dtex_sm2,default
lp_hsm_spot_t0c0d0_nc_dtex_sm3,default
lp_hsm_spot_t0c0d0n0_dtex_sm2,default
lp_hsm_spot_t0c0d0n0_dtex_sm3,default
lp_hsm_spot_t0c0d0n0_nc_dtex_sm2,default
lp_hsm_spot_t0c0d0n0_nc_dtex_sm3,default
lp_hsm_spot_t0c0d0n0s0_dtex_sm3,default
lp_hsm_spot_t0c0d0n0s0_nc_dtex_sm3,default
lp_hsm_spot_t0c0d0s0_dtex_sm3,default
lp_hsm_spot_t0c0d0s0_nc_dtex_sm3,default
lp_hsm_spot_t0c0n0_dtex_sm2,default
lp_hsm_spot_t0c0n0_dtex_sm3,default
lp_hsm_spot_t0c0n0_nc_dtex_sm2,default
lp_hsm_spot_t0c0n0_nc_dtex_sm3,default
lp_hsm_spot_t0c0n0s0_dtex_sm3,default
lp_hsm_spot_t0c0n0s0_nc_dtex_sm3,default
lp_hsm_spot_t0c0s0_dtex_sm3,default
lp_hsm_spot_t0c0s0_nc_dtex_sm3,default
lp_hsm_sun_a0c0_dtex_sm2,default
lp_hsm_sun_a0c0_dtex_sm3,default
lp_hsm_sun_a0c0_nc_dtex_sm2,default
lp_hsm_sun_a0c0_nc_dtex_sm3,default
lp_hsm_sun_b0c0_dtex_sm2,premulalpha
lp_hsm_sun_b0c0_dtex_sm3,premulalpha
lp_hsm_sun_b0c0_nc_dtex_sm2,premulalpha
lp_hsm_sun_b0c0_nc_dtex_sm3,premulalpha
lp_hsm_sun_b0c0d0_dtex_sm2,premulalpha
lp_hsm_sun_b0c0d0_dtex_sm3,premulalpha
lp_hsm_sun_b0c0d0_nc_dtex_sm2,premulalpha
lp_hsm_sun_b0c0d0_nc_dtex_sm3,premulalpha
lp_hsm_sun_b0c0d0n0_dtex_sm2,premulalpha
lp_hsm_sun_b0c0d0n0_dtex_sm3,premulalpha
lp_hsm_sun_b0c0d0n0_nc_dtex_sm2,premulalpha
lp_hsm_sun_b0c0d0n0_nc_dtex_sm3,premulalpha
lp_hsm_sun_b0c0d0n0s0_dtex_sm3,premulalpha
lp_hsm_sun_b0c0d0n0s0_nc_dtex_sm3,premulalpha
lp_hsm_sun_b0c0d0s0_dtex_sm3,premulalpha
lp_hsm_sun_b0c0d0s0_nc_dtex_sm3,premulalpha
lp_hsm_sun_b0c0n0_dtex_sm2,premulalpha
lp_hsm_sun_b0c0n0_dtex_sm3,premulalpha
lp_hsm_sun_b0c0n0_nc_dtex_sm2,premulalpha
lp_hsm_sun_b0c0n0_nc_dtex_sm3,premulalpha
lp_hsm_sun_b0c0n0s0_dtex_sm3,premulalpha
lp_hsm_sun_b0c0n0s0_nc_dtex_sm3,premulalpha
lp_hsm_sun_b0c0s0_dtex_sm3,premulalpha
lp_hsm_sun_b0c0s0_nc_dtex_sm3,premulalpha
lp_hsm_sun_r0c0_dtex_sm2,default
lp_hsm_sun_r0c0_dtex_sm3,default
lp_hsm_sun_r0c0_nc_dtex_sm2,default
lp_hsm_sun_r0c0_nc_dtex_sm3,default
lp_hsm_sun_r0c0d0_dtex_sm2,default
lp_hsm_sun_r0c0d0_dtex_sm3,default
lp_hsm_sun_r0c0d0_nc_dtex_sm2,default
lp_hsm_sun_r0c0d0_nc_dtex_sm3,default
lp_hsm_sun_r0c0d0n0_dtex_sm2,default
lp_hsm_sun_r0c0d0n0_dtex_sm3,default
lp_hsm_sun_r0c0d0n0_nc_dtex_sm2,default
lp_hsm_sun_r0c0d0n0_nc_dtex_sm3,default
lp_hsm_sun_r0c0d0n0s0_dtex_sm3,default
lp_hsm_sun_r0c0d0n0s0_nc_dtex_sm3,default
lp_hsm_sun_r0c0d0s0_dtex_sm3,default
lp_hsm_sun_r0c0d0s0_nc_dtex_sm3,default
lp_hsm_sun_r0c0n0_dtex_sm2,default
lp_hsm_sun_r0c0n0_dtex_sm3,default
lp_hsm_sun_r0c0n0_nc_dtex_sm2,default
lp_hsm_sun_r0c0n0_nc_dtex_sm3,default
lp_hsm_sun_r0c0n0s0_dtex_sm3,default
lp_hsm_sun_r0c0n0s0_nc_dtex_sm3,default
lp_hsm_sun_r0c0s0_dtex_sm3,default
lp_hsm_sun_r0c0s0_nc_dtex_sm3,default
lp_hsm_sun_t0c0_dtex_sm2,default
lp_hsm_sun_t0c0_dtex_sm3,default
lp_hsm_sun_t0c0_nc_dtex_sm2,default
lp_hsm_sun_t0c0_nc_dtex_sm3,default
lp_hsm_sun_t0c0d0_dtex_sm2,default
lp_hsm_sun_t0c0d0_dtex_sm3,default
lp_hsm_sun_t0c0d0_nc_dtex_sm2,default
lp_hsm_sun_t0c0d0_nc_dtex_sm3,default
lp_hsm_sun_t0c0d0n0_dtex_sm2,default
lp_hsm_sun_t0c0d0n0_dtex_sm3,default
lp_hsm_sun_t0c0d0n0_nc_dtex_sm2,default
lp_hsm_sun_t0c0d0n0_nc_dtex_sm3,default
lp_hsm_sun_t0c0d0n0s0_dtex_sm3,default
lp_hsm_sun_t0c0d0n0s0_nc_dtex_sm3,default
lp_hsm_sun_t0c0d0s0_dtex_sm3,default
lp_hsm_sun_t0c0d0s0_nc_dtex_sm3,default
lp_hsm_sun_t0c0n0_dtex_sm2,default
lp_hsm_sun_t0c0n0_dtex_sm3,default
lp_hsm_sun_t0c0n0_nc_dtex_sm2,default
lp_hsm_sun_t0c0n0_nc_dtex_sm3,default
lp_hsm_sun_t0c0n0s0_dtex_sm3,default
lp_hsm_sun_t0c0n0s0_nc_dtex_sm3,default
lp_hsm_sun_t0c0s0_dtex_sm3,default
lp_hsm_sun_t0c0s0_nc_dtex_sm3,default
lp_i_a0c0_dtex_sm2,default
lp_i_a0c0_dtex_sm3,default
lp_i_a0c0_nc_dtex_sm2,default
lp_i_a0c0_nc_dtex_sm3,default
lp_i_b0c0_dtex_sm2,premulalpha
lp_i_b0c0_dtex_sm3,premulalpha
lp_i_b0c0_nc_dtex_sm2,premulalpha
lp_i_b0c0_nc_dtex_sm3,premulalpha
lp_i_b0c0d0_dtex_sm2,premulalpha
lp_i_b0c0d0_dtex_sm3,premulalpha
lp_i_b0c0d0_nc_dtex_sm2,premulalpha
lp_i_b0c0d0_nc_dtex_sm3,premulalpha
lp_i_b0c0d0n0_dtex_sm2,premulalpha
lp_i_b0c0d0n0_dtex_sm3,premulalpha
lp_i_b0c0d0n0_nc_dtex_sm2,premulalpha
lp_i_b0c0d0n0_nc_dtex_sm3,premulalpha
lp_i_b0c0d0n0s0_dtex_sm3,premulalpha
lp_i_b0c0d0n0s0_nc_dtex_sm3,premulalpha
lp_i_b0c0d0s0_dtex_sm3,premulalpha
lp_i_b0c0d0s0_nc_dtex_sm3,premulalpha
lp_i_b0c0n0_dtex_sm2,premulalpha
lp_i_b0c0n0_dtex_sm3,premulalpha
lp_i_b0c0n0_nc_dtex_sm2,premulalpha
lp_i_b0c0n0_nc_dtex_sm3,premulalpha
lp_i_b0c0n0s0_dtex_sm3,premulalpha
lp_i_b0c0n0s0_nc_dtex_sm3,premulalpha
lp_i_b0c0s0_dtex_sm3,premulalpha
lp_i_b0c0s0_nc_dtex_sm3,premulalpha
lp_i_omni_a0c0_dtex_sm2,default
lp_i_omni_a0c0_dtex_sm3,default
lp_i_omni_a0c0_nc_dtex_sm2,default
lp_i_omni_a0c0_nc_dtex_sm3,default
lp_i_omni_b0c0_dtex_sm2,premulalpha
lp_i_omni_b0c0_dtex_sm3,premulalpha
lp_i_omni_b0c0_nc_dtex_sm2,premulalpha
lp_i_omni_b0c0_nc_dtex_sm3,premulalpha
lp_i_omni_b0c0d0_dtex_sm2,premulalpha
lp_i_omni_b0c0d0_dtex_sm3,premulalpha
lp_i_omni_b0c0d0_nc_dtex_sm2,premulalpha
lp_i_omni_b0c0d0_nc_dtex_sm3,premulalpha
lp_i_omni_b0c0d0n0_dtex_sm2,premulalpha
lp_i_omni_b0c0d0n0_dtex_sm3,premulalpha
lp_i_omni_b0c0d0n0_nc_dtex_sm2,premulalpha
lp_i_omni_b0c0d0n0_nc_dtex_sm3,premulalpha
lp_i_omni_b0c0d0n0s0_dtex_sm3,premulalpha
lp_i_omni_b0c0d0n0s0_nc_dtex_sm3,premulalpha
lp_i_omni_b0c0d0s0_dtex_sm3,premulalpha
lp_i_omni_b0c0d0s0_nc_dtex_sm3,premulalpha
lp_i_omni_b0c0n0_dtex_sm2,premulalpha
lp_i_omni_b0c0n0_dtex_sm3,premulalpha
lp_i_omni_b0c0n0_nc_dtex_sm2,premulalpha
lp_i_omni_b0c0n0_nc_dtex_sm3,premulalpha
lp_i_omni_b0c0n0s0_dtex_sm3,premulalpha
lp_i_omni_b0c0n0s0_nc_dtex_sm3,premulalpha
lp_i_omni_b0c0s0_dtex_sm3,premulalpha
lp_i_omni_b0c0s0_nc_dtex_sm3,premulalpha
lp_i_omni_r0c0_dtex_sm2,default
lp_i_omni_r0c0_dtex_sm3,default
lp_i_omni_r0c0_nc_dtex_sm2,default
lp_i_omni_r0c0_nc_dtex_sm3,default
lp_i_omni_r0c0d0_dtex_sm2,default
lp_i_omni_r0c0d0_dtex_sm3,default
lp_i_omni_r0c0d0_nc_dtex_sm2,default
lp_i_omni_r0c0d0_nc_dtex_sm3,default
lp_i_omni_r0c0d0n0_dtex_sm2,default
lp_i_omni_r0c0d0n0_dtex_sm3,default
lp_i_omni_r0c0d0n0_nc_dtex_sm2,default
lp_i_omni_r0c0d0n0_nc_dtex_sm3,default
lp_i_omni_r0c0d0n0s0_dtex_sm3,default
lp_i_omni_r0c0d0n0s0_nc_dtex_sm3,default
lp_i_omni_r0c0d0s0_dtex_sm3,default
lp_i_omni_r0c0d0s0_nc_dtex_sm3,default
lp_i_omni_r0c0n0_dtex_sm2,default
lp_i_omni_r0c0n0_dtex_sm3,default
lp_i_omni_r0c0n0_nc_dtex_sm2,default
lp_i_omni_r0c0n0_nc_dtex_sm3,default
lp_i_omni_r0c0n0s0_dtex_sm3,default
lp_i_omni_r0c0n0s0_nc_dtex_sm3,default
lp_i_omni_r0c0s0_dtex_sm3,default
lp_i_omni_r0c0s0_nc_dtex_sm3,default
lp_i_omni_t0c0_dtex_sm2,default
lp_i_omni_t0c0_dtex_sm3,default
lp_i_omni_t0c0_nc_dtex_sm2,default
lp_i_omni_t0c0_nc_dtex_sm3,default
lp_i_omni_t0c0d0_dtex_sm2,default
lp_i_omni_t0c0d0_dtex_sm3,default
lp_i_omni_t0c0d0_nc_dtex_sm2,default
lp_i_omni_t0c0d0_nc_dtex_sm3,default
lp_i_omni_t0c0d0n0_dtex_sm2,default
lp_i_omni_t0c0d0n0_dtex_sm3,default
lp_i_omni_t0c0d0n0_nc_dtex_sm2,default
lp_i_omni_t0c0d0n0_nc_dtex_sm3,default
lp_i_omni_t0c0d0n0s0_dtex_sm3,default
lp_i_omni_t0c0d0n0s0_nc_dtex_sm3,default
lp_i_omni_t0c0d0s0_dtex_sm3,default
lp_i_omni_t0c0d0s0_nc_dtex_sm3,default
lp_i_omni_t0c0n0_dtex_sm2,default
lp_i_omni_t0c0n0_dtex_sm3,default
lp_i_omni_t0c0n0_nc_dtex_sm2,default
lp_i_omni_t0c0n0_nc_dtex_sm3,default
lp_i_omni_t0c0n0s0_dtex_sm3,default
lp_i_omni_t0c0n0s0_nc_dtex_sm3,default
lp_i_omni_t0c0s0_dtex_sm3,default
lp_i_omni_t0c0s0_nc_dtex_sm3,default
lp_i_r0c0_dtex_sm2,default
lp_i_r0c0_dtex_sm3,default
lp_i_r0c0_nc_dtex_sm2,default
lp_i_r0c0_nc_dtex_sm3,default
lp_i_r0c0d0_dtex_sm2,default
lp_i_r0c0d0_dtex_sm3,default
lp_i_r0c0d0_nc_dtex_sm2,default
lp_i_r0c0d0_nc_dtex_sm3,default
lp_i_r0c0d0n0_dtex_sm2,default
lp_i_r0c0d0n0_dtex_sm3,default
lp_i_r0c0d0n0_nc_dtex_sm2,default
lp_i_r0c0d0n0_nc_dtex_sm3,default
lp_i_r0c0d0n0s0_dtex_sm3,default
lp_i_r0c0d0n0s0_nc_dtex_sm3,default
lp_i_r0c0d0s0_dtex_sm3,default
lp_i_r0c0d0s0_nc_dtex_sm3,default
lp_i_r0c0n0_dtex_sm2,default
lp_i_r0c0n0_dtex_sm3,default
lp_i_r0c0n0_nc_dtex_sm2,default
lp_i_r0c0n0_nc_dtex_sm3,default
lp_i_r0c0n0s0_dtex_sm3,default
lp_i_r0c0n0s0_nc_dtex_sm3,default
lp_i_r0c0s0_dtex_sm3,default
lp_i_r0c0s0_nc_dtex_sm3,default
lp_i_skin_omni_r0c0_dtex_sm3,default
lp_i_skin_omni_r0c0_nc_dtex_sm3,default
lp_i_skin_omni_r0c0d0_dtex_sm3,default
lp_i_skin_omni_r0c0d0_nc_dtex_sm3,default
lp_i_skin_omni_r0c0d0n0_dtex_sm3,default
lp_i_skin_omni_r0c0d0n0_nc_dtex_sm3,default
lp_i_skin_omni_r0c0d0n0s0_dtex_sm3,default
lp_i_skin_omni_r0c0d0n0s0_nc_dtex_sm3,default
lp_i_skin_omni_r0c0d0s0_dtex_sm3,default
lp_i_skin_omni_r0c0d0s0_nc_dtex_sm3,default
lp_i_skin_omni_r0c0n0_dtex_sm3,default
lp_i_skin_omni_r0c0n0_nc_dtex_sm3,default
lp_i_skin_omni_r0c0n0s0_dtex_sm3,default
lp_i_skin_omni_r0c0n0s0_nc_dtex_sm3,default
lp_i_skin_omni_r0c0s0_dtex_sm3,default
lp_i_skin_omni_r0c0s0_nc_dtex_sm3,default
lp_i_skin_r0c0_dtex_sm3,default
lp_i_skin_r0c0_nc_dtex_sm3,default
lp_i_skin_r0c0d0_dtex_sm3,default
lp_i_skin_r0c0d0_nc_dtex_sm3,default
lp_i_skin_r0c0d0n0_dtex_sm3,default
lp_i_skin_r0c0d0n0_nc_dtex_sm3,default
lp_i_skin_r0c0d0n0s0_dtex_sm3,default
lp_i_skin_r0c0d0n0s0_nc_dtex_sm3,default
lp_i_skin_r0c0d0s0_dtex_sm3,default
lp_i_skin_r0c0d0s0_nc_dtex_sm3,default
lp_i_skin_r0c0n0_dtex_sm3,default
lp_i_skin_r0c0n0_nc_dtex_sm3,default
lp_i_skin_r0c0n0s0_dtex_sm3,default
lp_i_skin_r0c0n0s0_nc_dtex_sm3,default
lp_i_skin_r0c0s0_dtex_sm3,default
lp_i_skin_r0c0s0_nc_dtex_sm3,default
lp_i_skin_spot_r0c0_dtex_sm3,default
lp_i_skin_spot_r0c0_nc_dtex_sm3,default
lp_i_skin_spot_r0c0d0_dtex_sm3,default
lp_i_skin_spot_r0c0d0_nc_dtex_sm3,default
lp_i_skin_spot_r0c0d0n0_dtex_sm3,default
lp_i_skin_spot_r0c0d0n0_nc_dtex_sm3,default
lp_i_skin_spot_r0c0d0n0s0_dtex_sm3,default
lp_i_skin_spot_r0c0d0n0s0_nc_dtex_sm3,default
lp_i_skin_spot_r0c0d0s0_dtex_sm3,default
lp_i_skin_spot_r0c0d0s0_nc_dtex_sm3,default
lp_i_skin_spot_r0c0n0_dtex_sm3,default
lp_i_skin_spot_r0c0n0_nc_dtex_sm3,default
lp_i_skin_spot_r0c0n0s0_dtex_sm3,default
lp_i_skin_spot_r0c0n0s0_nc_dtex_sm3,default
lp_i_skin_spot_r0c0s0_dtex_sm3,default
lp_i_skin_spot_r0c0s0_nc_dtex_sm3,default
lp_i_skin_sun_r0c0_dtex_sm3,default
lp_i_skin_sun_r0c0_nc_dtex_sm3,default
lp_i_skin_sun_r0c0d0_dtex_sm3,default
lp_i_skin_sun_r0c0d0_nc_dtex_sm3,default
lp_i_skin_sun_r0c0d0n0_dtex_sm3,default
lp_i_skin_sun_r0c0d0n0_nc_dtex_sm3,default
lp_i_skin_sun_r0c0d0n0s0_dtex_sm3,default
lp_i_skin_sun_r0c0d0n0s0_nc_dtex_sm3,default
lp_i_skin_sun_r0c0d0s0_dtex_sm3,default
lp_i_skin_sun_r0c0d0s0_nc_dtex_sm3,default
lp_i_skin_sun_r0c0n0_dtex_sm3,default
lp_i_skin_sun_r0c0n0_nc_dtex_sm3,default
lp_i_skin_sun_r0c0n0s0_dtex_sm3,default
lp_i_skin_sun_r0c0n0s0_nc_dtex_sm3,default
lp_i_skin_sun_r0c0s0_dtex_sm3,default
lp_i_skin_sun_r0c0s0_nc_dtex_sm3,default
lp_i_spot_a0c0_dtex_sm2,default
lp_i_spot_a0c0_dtex_sm3,default
lp_i_spot_a0c0_nc_dtex_sm2,default
lp_i_spot_a0c0_nc_dtex_sm3,default
lp_i_spot_b0c0_dtex_sm2,premulalpha
lp_i_spot_b0c0_dtex_sm3,premulalpha
lp_i_spot_b0c0_nc_dtex_sm2,premulalpha
lp_i_spot_b0c0_nc_dtex_sm3,premulalpha
lp_i_spot_b0c0d0_dtex_sm2,premulalpha
lp_i_spot_b0c0d0_dtex_sm3,premulalpha
lp_i_spot_b0c0d0_nc_dtex_sm2,premulalpha
lp_i_spot_b0c0d0_nc_dtex_sm3,premulalpha
lp_i_spot_b0c0d0n0_dtex_sm2,premulalpha
lp_i_spot_b0c0d0n0_dtex_sm3,premulalpha
lp_i_spot_b0c0d0n0_nc_dtex_sm2,premulalpha
lp_i_spot_b0c0d0n0_nc_dtex_sm3,premulalpha
lp_i_spot_b0c0d0n0s0_dtex_sm3,premulalpha
lp_i_spot_b0c0d0n0s0_nc_dtex_sm3,premulalpha
lp_i_spot_b0c0d0s0_dtex_sm3,premulalpha
lp_i_spot_b0c0d0s0_nc_dtex_sm3,premulalpha
lp_i_spot_b0c0n0_dtex_sm2,premulalpha
lp_i_spot_b0c0n0_dtex_sm3,premulalpha
lp_i_spot_b0c0n0_nc_dtex_sm2,premulalpha
lp_i_spot_b0c0n0_nc_dtex_sm3,premulalpha
lp_i_spot_b0c0n0s0_dtex_sm3,premulalpha
lp_i_spot_b0c0n0s0_nc_dtex_sm3,premulalpha
lp_i_spot_b0c0s0_dtex_sm3,premulalpha
lp_i_spot_b0c0s0_nc_dtex_sm3,premulalpha
lp_i_spot_r0c0_dtex_sm2,default
lp_i_spot_r0c0_dtex_sm3,default
lp_i_spot_r0c0_nc_dtex_sm2,default
lp_i_spot_r0c0_nc_dtex_sm3,default
lp_i_spot_r0c0d0_dtex_sm2,default
lp_i_spot_r0c0d0_dtex_sm3,default
lp_i_spot_r0c0d0_nc_dtex_sm2,default
lp_i_spot_r0c0d0_nc_dtex_sm3,default
lp_i_spot_r0c0d0n0_dtex_sm2,default
lp_i_spot_r0c0d0n0_dtex_sm3,default
lp_i_spot_r0c0d0n0_nc_dtex_sm2,default
lp_i_spot_r0c0d0n0_nc_dtex_sm3,default
lp_i_spot_r0c0d0n0s0_dtex_sm3,default
lp_i_spot_r0c0d0n0s0_nc_dtex_sm3,default
lp_i_spot_r0c0d0s0_dtex_sm3,default
lp_i_spot_r0c0d0s0_nc_dtex_sm3,default
lp_i_spot_r0c0n0_dtex_sm2,default
lp_i_spot_r0c0n0_dtex_sm3,default
lp_i_spot_r0c0n0_nc_dtex_sm2,default
lp_i_spot_r0c0n0_nc_dtex_sm3,default
lp_i_spot_r0c0n0s0_dtex_sm3,default
lp_i_spot_r0c0n0s0_nc_dtex_sm3,default
lp_i_spot_r0c0s0_dtex_sm3,default
lp_i_spot_r0c0s0_nc_dtex_sm3,default
lp_i_spot_t0c0_dtex_sm2,default
lp_i_spot_t0c0_dtex_sm3,default
lp_i_spot_t0c0_nc_dtex_sm2,default
lp_i_spot_t0c0_nc_dtex_sm3,default
lp_i_spot_t0c0d0_dtex_sm2,default
lp_i_spot_t0c0d0_dtex_sm3,default
lp_i_spot_t0c0d0_nc_dtex_sm2,default
lp_i_spot_t0c0d0_nc_dtex_sm3,default
lp_i_spot_t0c0d0n0_dtex_sm2,default
lp_i_spot_t0c0d0n0_dtex_sm3,default
lp_i_spot_t0c0d0n0_nc_dtex_sm2,default
lp_i_spot_t0c0d0n0_nc_dtex_sm3,default
lp_i_spot_t0c0d0n0s0_dtex_sm3,default
lp_i_spot_t0c0d0n0s0_nc_dtex_sm3,default
lp_i_spot_t0c0d0s0_dtex_sm3,default
lp_i_spot_t0c0d0s0_nc_dtex_sm3,default
lp_i_spot_t0c0n0_dtex_sm2,default
lp_i_spot_t0c0n0_dtex_sm3,default
lp_i_spot_t0c0n0_nc_dtex_sm2,default
lp_i_spot_t0c0n0_nc_dtex_sm3,default
lp_i_spot_t0c0n0s0_dtex_sm3,default
lp_i_spot_t0c0n0s0_nc_dtex_sm3,default
lp_i_spot_t0c0s0_dtex_sm3,default
lp_i_spot_t0c0s0_nc_dtex_sm3,default
lp_i_sun_a0c0_dtex_sm2,default
lp_i_sun_a0c0_dtex_sm3,default
lp_i_sun_a0c0_nc_dtex_sm2,default
lp_i_sun_a0c0_nc_dtex_sm3,default
lp_i_sun_b0c0_dtex_sm2,premulalpha
lp_i_sun_b0c0_dtex_sm3,premulalpha
lp_i_sun_b0c0_nc_dtex_sm2,premulalpha
lp_i_sun_b0c0_nc_dtex_sm3,premulalpha
lp_i_sun_b0c0d0_dtex_sm2,premulalpha
lp_i_sun_b0c0d0_dtex_sm3,premulalpha
lp_i_sun_b0c0d0_nc_dtex_sm2,premulalpha
lp_i_sun_b0c0d0_nc_dtex_sm3,premulalpha
lp_i_sun_b0c0d0n0_dtex_sm2,premulalpha
lp_i_sun_b0c0d0n0_dtex_sm3,premulalpha
lp_i_sun_b0c0d0n0_nc_dtex_sm2,premulalpha
lp_i_sun_b0c0d0n0_nc_dtex_sm3,premulalpha
lp_i_sun_b0c0d0n0s0_dtex_sm3,premulalpha
lp_i_sun_b0c0d0n0s0_nc_dtex_sm3,premulalpha
lp_i_sun_b0c0d0s0_dtex_sm3,premulalpha
lp_i_sun_b0c0d0s0_nc_dtex_sm3,premulalpha
lp_i_sun_b0c0n0_dtex_sm2,premulalpha
lp_i_sun_b0c0n0_dtex_sm3,premulalpha
lp_i_sun_b0c0n0_nc_dtex_sm2,premulalpha
lp_i_sun_b0c0n0_nc_dtex_sm3,premulalpha
lp_i_sun_b0c0n0s0_dtex_sm3,premulalpha
lp_i_sun_b0c0n0s0_nc_dtex_sm3,premulalpha
lp_i_sun_b0c0s0_dtex_sm3,premulalpha
lp_i_sun_b0c0s0_nc_dtex_sm3,premulalpha
lp_i_sun_r0c0_dtex_sm2,default
lp_i_sun_r0c0_dtex_sm3,default
lp_i_sun_r0c0_nc_dtex_sm2,default
lp_i_sun_r0c0_nc_dtex_sm3,default
lp_i_sun_r0c0d0_dtex_sm2,default
lp_i_sun_r0c0d0_dtex_sm3,default
lp_i_sun_r0c0d0_nc_dtex_sm2,default
lp_i_sun_r0c0d0_nc_dtex_sm3,default
lp_i_sun_r0c0d0n0_dtex_sm2,default
lp_i_sun_r0c0d0n0_dtex_sm3,default
lp_i_sun_r0c0d0n0_nc_dtex_sm2,default
lp_i_sun_r0c0d0n0_nc_dtex_sm3,default
lp_i_sun_r0c0d0n0s0_dtex_sm3,default
lp_i_sun_r0c0d0n0s0_nc_dtex_sm3,default
lp_i_sun_r0c0d0s0_dtex_sm3,default
lp_i_sun_r0c0d0s0_nc_dtex_sm3,default
lp_i_sun_r0c0n0_dtex_sm2,default
lp_i_sun_r0c0n0_dtex_sm3,default
lp_i_sun_r0c0n0_nc_dtex_sm2,default
lp_i_sun_r0c0n0_nc_dtex_sm3,default
lp_i_sun_r0c0n0s0_dtex_sm3,default
lp_i_sun_r0c0n0s0_nc_dtex_sm3,default
lp_i_sun_r0c0s0_dtex_sm3,default
lp_i_sun_r0c0s0_nc_dtex_sm3,default
lp_i_sun_t0c0_dtex_sm2,default
lp_i_sun_t0c0_dtex_sm3,default
lp_i_sun_t0c0_nc_dtex_sm2,default
lp_i_sun_t0c0_nc_dtex_sm3,default
lp_i_sun_t0c0d0_dtex_sm2,default
lp_i_sun_t0c0d0_dtex_sm3,default
lp_i_sun_t0c0d0_nc_dtex_sm2,default
lp_i_sun_t0c0d0_nc_dtex_sm3,default
lp_i_sun_t0c0d0n0_dtex_sm2,default
lp_i_sun_t0c0d0n0_dtex_sm3,default
lp_i_sun_t0c0d0n0_nc_dtex_sm2,default
lp_i_sun_t0c0d0n0_nc_dtex_sm3,default
lp_i_sun_t0c0d0n0s0_dtex_sm3,default
lp_i_sun_t0c0d0n0s0_nc_dtex_sm3,default
lp_i_sun_t0c0d0s0_dtex_sm3,default
lp_i_sun_t0c0d0s0_nc_dtex_sm3,default
lp_i_sun_t0c0n0_dtex_sm2,default
lp_i_sun_t0c0n0_dtex_sm3,default
lp_i_sun_t0c0n0_nc_dtex_sm2,default
lp_i_sun_t0c0n0_nc_dtex_sm3,default
lp_i_sun_t0c0n0s0_dtex_sm3,default
lp_i_sun_t0c0n0s0_nc_dtex_sm3,default
lp_i_sun_t0c0s0_dtex_sm3,default
lp_i_sun_t0c0s0_nc_dtex_sm3,default
lp_i_t0c0_dtex_sm2,default
lp_i_t0c0_dtex_sm3,default
lp_i_t0c0_nc_dtex_sm2,default
lp_i_t0c0_nc_dtex_sm3,default
lp_i_t0c0d0_dtex_sm2,default
lp_i_t0c0d0_dtex_sm3,default
lp_i_t0c0d0_nc_dtex_sm2,default
lp_i_t0c0d0_nc_dtex_sm3,default
lp_i_t0c0d0n0_dtex_sm2,default
lp_i_t0c0d0n0_dtex_sm3,default
lp_i_t0c0d0n0_nc_dtex_sm2,default
lp_i_t0c0d0n0_nc_dtex_sm3,default
lp_i_t0c0d0n0s0_dtex_sm3,default
lp_i_t0c0d0n0s0_nc_dtex_sm3,default
lp_i_t0c0d0s0_dtex_sm3,default
lp_i_t0c0d0s0_nc_dtex_sm3,default
lp_i_t0c0n0_dtex_sm2,default
lp_i_t0c0n0_dtex_sm3,default
lp_i_t0c0n0_nc_dtex_sm2,default
lp_i_t0c0n0_nc_dtex_sm3,default
lp_i_t0c0n0s0_dtex_sm3,default
lp_i_t0c0n0s0_nc_dtex_sm3,default
lp_i_t0c0s0_dtex_sm3,default
lp_i_t0c0s0_nc_dtex_sm3,default
lp_omni_a0c0_dtex_sm2,default
lp_omni_a0c0_dtex_sm3,default
lp_omni_a0c0_nc_dtex_sm2,default
lp_omni_a0c0_nc_dtex_sm3,default
lp_omni_b0c0_dtex_sm2,premulalpha
lp_omni_b0c0_dtex_sm3,premulalpha
lp_omni_b0c0_nc_dtex_sm2,premulalpha
lp_omni_b0c0_nc_dtex_sm3,premulalpha
lp_omni_b0c0d0_dtex_sm2,premulalpha
lp_omni_b0c0d0_dtex_sm3,premulalpha
lp_omni_b0c0d0_nc_dtex_sm2,premulalpha
lp_omni_b0c0d0_nc_dtex_sm3,premulalpha
lp_omni_b0c0d0n0_dtex_sm2,premulalpha
lp_omni_b0c0d0n0_dtex_sm3,premulalpha
lp_omni_b0c0d0n0_nc_dtex_sm2,premulalpha
lp_omni_b0c0d0n0_nc_dtex_sm3,premulalpha
lp_omni_b0c0d0n0s0_dtex_sm3,premulalpha
lp_omni_b0c0d0n0s0_nc_dtex_sm3,premulalpha
lp_omni_b0c0d0s0_dtex_sm3,premulalpha
lp_omni_b0c0d0s0_nc_dtex_sm3,premulalpha
lp_omni_b0c0n0_dtex_sm2,premulalpha
lp_omni_b0c0n0_dtex_sm3,premulalpha
lp_omni_b0c0n0_nc_dtex_sm2,premulalpha
lp_omni_b0c0n0_nc_dtex_sm3,premulalpha
lp_omni_b0c0n0s0_dtex_sm3,premulalpha
lp_omni_b0c0n0s0_nc_dtex_sm3,premulalpha
lp_omni_b0c0s0_dtex_sm3,premulalpha
lp_omni_b0c0s0_nc_dtex_sm3,premulalpha
lp_omni_r0c0_dtex_sm2,default
lp_omni_r0c0_dtex_sm3,default
lp_omni_r0c0_nc_dtex_sm2,default
lp_omni_r0c0_nc_dtex_sm3,default
lp_omni_r0c0d0_dtex_sm2,default
lp_omni_r0c0d0_dtex_sm3,default
lp_omni_r0c0d0_nc_dtex_sm2,default
lp_omni_r0c0d0_nc_dtex_sm3,default
lp_omni_r0c0d0n0_dtex_sm2,default
lp_omni_r0c0d0n0_dtex_sm3,default
lp_omni_r0c0d0n0_nc_dtex_sm2,default
lp_omni_r0c0d0n0_nc_dtex_sm3,default
lp_omni_r0c0d0n0s0_dtex_sm3,default
lp_omni_r0c0d0n0s0_nc_dtex_sm3,default
lp_omni_r0c0d0s0_dtex_sm3,default
lp_omni_r0c0d0s0_nc_dtex_sm3,default
lp_omni_r0c0n0_dtex_sm2,default
lp_omni_r0c0n0_dtex_sm3,default
lp_omni_r0c0n0_nc_dtex_sm2,default
lp_omni_r0c0n0_nc_dtex_sm3,default
lp_omni_r0c0n0s0_dtex_sm3,default
lp_omni_r0c0n0s0_nc_dtex_sm3,default
lp_omni_r0c0s0_dtex_sm3,default
lp_omni_r0c0s0_nc_dtex_sm3,default
lp_omni_t0c0_dtex_sm2,default
lp_omni_t0c0_dtex_sm3,default
lp_omni_t0c0_nc_dtex_sm2,default
lp_omni_t0c0_nc_dtex_sm3,default
lp_omni_t0c0d0_dtex_sm2,default
lp_omni_t0c0d0_dtex_sm3,default
lp_omni_t0c0d0_nc_dtex_sm2,default
lp_omni_t0c0d0_nc_dtex_sm3,default
lp_omni_t0c0d0n0_dtex_sm2,default
lp_omni_t0c0d0n0_dtex_sm3,default
lp_omni_t0c0d0n0_nc_dtex_sm2,default
lp_omni_t0c0d0n0_nc_dtex_sm3,default
lp_omni_t0c0d0n0s0_dtex_sm3,default
lp_omni_t0c0d0n0s0_nc_dtex_sm3,default
lp_omni_t0c0d0s0_dtex_sm3,default
lp_omni_t0c0d0s0_nc_dtex_sm3,default
lp_omni_t0c0n0_dtex_sm2,default
lp_omni_t0c0n0_dtex_sm3,default
lp_omni_t0c0n0_nc_dtex_sm2,default
lp_omni_t0c0n0_nc_dtex_sm3,default
lp_omni_t0c0n0s0_dtex_sm3,default
lp_omni_t0c0n0s0_nc_dtex_sm3,default
lp_omni_t0c0s0_dtex_sm3,default
lp_omni_t0c0s0_nc_dtex_sm3,default
lp_r0c0_dtex_sm2,default
lp_r0c0_dtex_sm3,default
lp_r0c0_nc_dtex_sm2,default
lp_r0c0_nc_dtex_sm3,default
lp_r0c0d0_dtex_sm2,default
lp_r0c0d0_dtex_sm3,default
lp_r0c0d0_nc_dtex_sm2,default
lp_r0c0d0_nc_dtex_sm3,default
lp_r0c0d0n0_dtex_sm2,default
lp_r0c0d0n0_dtex_sm3,default
lp_r0c0d0n0_nc_dtex_sm2,default
lp_r0c0d0n0_nc_dtex_sm3,default
lp_r0c0d0n0s0_dtex_sm3,default
lp_r0c0d0n0s0_nc_dtex_sm3,default
lp_r0c0d0s0_dtex_sm3,default
lp_r0c0d0s0_nc_dtex_sm3,default
lp_r0c0n0_dtex_sm2,default
lp_r0c0n0_dtex_sm3,default
lp_r0c0n0_nc_dtex_sm2,default
lp_r0c0n0_nc_dtex_sm3,default
lp_r0c0n0s0_dtex_sm3,default
lp_r0c0n0s0_nc_dtex_sm3,default
lp_r0c0s0_dtex_sm3,default
lp_r0c0s0_nc_dtex_sm3,default
lp_scroll_b0c0_dtex_sm2,premulalpha
lp_scroll_b0c0_dtex_sm3,premulalpha
lp_scroll_b0c0_nc_dtex_sm2,premulalpha
lp_scroll_b0c0_nc_dtex_sm3,premulalpha
lp_scroll_b0c0d0_dtex_sm2,premulalpha
lp_scroll_b0c0d0_dtex_sm3,premulalpha
lp_scroll_b0c0d0_nc_dtex_sm2,premulalpha
lp_scroll_b0c0d0_nc_dtex_sm3,premulalpha
lp_scroll_b0c0d0n0_dtex_sm2,premulalpha
lp_scroll_b0c0d0n0_dtex_sm3,premulalpha
lp_scroll_b0c0d0n0_nc_dtex_sm2,premulalpha
lp_scroll_b0c0d0n0_nc_dtex_sm3,premulalpha
lp_scroll_b0c0d0n0s0_dtex_sm3,premulalpha
lp_scroll_b0c0d0n0s0_nc_dtex_sm3,premulalpha
lp_scroll_b0c0d0s0_dtex_sm3,premulalpha
lp_scroll_b0c0d0s0_nc_dtex_sm3,premulalpha
lp_scroll_b0c0n0_dtex_sm2,premulalpha
lp_scroll_b0c0n0_dtex_sm3,premulalpha
lp_scroll_b0c0n0_nc_dtex_sm2,premulalpha
lp_scroll_b0c0n0_nc_dtex_sm3,premulalpha
lp_scroll_b0c0n0s0_dtex_sm3,premulalpha
lp_scroll_b0c0n0s0_nc_dtex_sm3,premulalpha
lp_scroll_b0c0s0_dtex_sm3,premulalpha
lp_scroll_b0c0s0_nc_dtex_sm3,premulalpha
lp_scroll_omni_b0c0_dtex_sm2,premulalpha
lp_scroll_omni_b0c0_dtex_sm3,premulalpha
lp_scroll_omni_b0c0_nc_dtex_sm2,premulalpha
lp_scroll_omni_b0c0_nc_dtex_sm3,premulalpha
lp_scroll_omni_b0c0d0_dtex_sm2,premulalpha
lp_scroll_omni_b0c0d0_dtex_sm3,premulalpha
lp_scroll_omni_b0c0d0_nc_dtex_sm2,premulalpha
lp_scroll_omni_b0c0d0_nc_dtex_sm3,premulalpha
lp_scroll_omni_b0c0d0n0_dtex_sm2,premulalpha
lp_scroll_omni_b0c0d0n0_dtex_sm3,premulalpha
lp_scroll_omni_b0c0d0n0_nc_dtex_sm2,premulalpha
lp_scroll_omni_b0c0d0n0_nc_dtex_sm3,premulalpha
lp_scroll_omni_b0c0d0n0s0_dtex_sm3,premulalpha
lp_scroll_omni_b0c0d0n0s0_nc_dtex_sm3,premulalpha
lp_scroll_omni_b0c0d0s0_dtex_sm3,premulalpha
lp_scroll_omni_b0c0d0s0_nc_dtex_sm3,premulalpha
lp_scroll_omni_b0c0n0_dtex_sm2,premulalpha
lp_scroll_omni_b0c0n0_dtex_sm3,premulalpha
lp_scroll_omni_b0c0n0_nc_dtex_sm2,premulalpha
lp_scroll_omni_b0c0n0_nc_dtex_sm3,premulalpha
lp_scroll_omni_b0c0n0s0_dtex_sm3,premulalpha
lp_scroll_omni_b0c0n0s0_nc_dtex_sm3,premulalpha
lp_scroll_omni_b0c0s0_dtex_sm3,premulalpha
lp_scroll_omni_b0c0s0_nc_dtex_sm3,premulalpha
lp_scroll_omni_r0c0_dtex_sm2,default
lp_scroll_omni_r0c0_dtex_sm3,default
lp_scroll_omni_r0c0_nc_dtex_sm2,default
lp_scroll_omni_r0c0_nc_dtex_sm3,default
lp_scroll_omni_r0c0d0_dtex_sm2,default
lp_scroll_omni_r0c0d0_dtex_sm3,default
lp_scroll_omni_r0c0d0_nc_dtex_sm2,default
lp_scroll_omni_r0c0d0_nc_dtex_sm3,default
lp_scroll_omni_r0c0d0n0_dtex_sm2,default
lp_scroll_omni_r0c0d0n0_dtex_sm3,default
lp_scroll_omni_r0c0d0n0_nc_dtex_sm2,default
lp_scroll_omni_r0c0d0n0_nc_dtex_sm3,default
lp_scroll_omni_r0c0d0n0s0_dtex_sm3,default
lp_scroll_omni_r0c0d0n0s0_nc_dtex_sm3,default
lp_scroll_omni_r0c0d0s0_dtex_sm3,default
lp_scroll_omni_r0c0d0s0_nc_dtex_sm3,default
lp_scroll_omni_r0c0n0_dtex_sm2,default
lp_scroll_omni_r0c0n0_dtex_sm3,default
lp_scroll_omni_r0c0n0_nc_dtex_sm2,default
lp_scroll_omni_r0c0n0_nc_dtex_sm3,default
lp_scroll_omni_r0c0n0s0_dtex_sm3,default
lp_scroll_omni_r0c0n0s0_nc_dtex_sm3,default
lp_scroll_omni_r0c0s0_dtex_sm3,default
lp_scroll_omni_r0c0s0_nc_dtex_sm3,default
lp_scroll_omni_t0c0_dtex_sm2,default
lp_scroll_omni_t0c0_dtex_sm3,default
lp_scroll_omni_t0c0_nc_dtex_sm2,default
lp_scroll_omni_t0c0_nc_dtex_sm3,default
lp_scroll_omni_t0c0d0_dtex_sm2,default
lp_scroll_omni_t0c0d0_dtex_sm3,default
lp_scroll_omni_t0c0d0_nc_dtex_sm2,default
lp_scroll_omni_t0c0d0_nc_dtex_sm3,default
lp_scroll_omni_t0c0d0n0_dtex_sm2,default
lp_scroll_omni_t0c0d0n0_dtex_sm3,default
lp_scroll_omni_t0c0d0n0_nc_dtex_sm2,default
lp_scroll_omni_t0c0d0n0_nc_dtex_sm3,default
lp_scroll_omni_t0c0d0n0s0_dtex_sm3,default
lp_scroll_omni_t0c0d0n0s0_nc_dtex_sm3,default
lp_scroll_omni_t0c0d0s0_dtex_sm3,default
lp_scroll_omni_t0c0d0s0_nc_dtex_sm3,default
lp_scroll_omni_t0c0n0_dtex_sm2,default
lp_scroll_omni_t0c0n0_dtex_sm3,default
lp_scroll_omni_t0c0n0_nc_dtex_sm2,default
lp_scroll_omni_t0c0n0_nc_dtex_sm3,default
lp_scroll_omni_t0c0n0s0_dtex_sm3,default
lp_scroll_omni_t0c0n0s0_nc_dtex_sm3,default
lp_scroll_omni_t0c0s0_dtex_sm3,default
lp_scroll_omni_t0c0s0_nc_dtex_sm3,default
lp_scroll_r0c0_dtex_sm2,default
lp_scroll_r0c0_dtex_sm3,default
lp_scroll_r0c0_nc_dtex_sm2,default
lp_scroll_r0c0_nc_dtex_sm3,default
lp_scroll_r0c0d0_dtex_sm2,default
lp_scroll_r0c0d0_dtex_sm3,default
lp_scroll_r0c0d0_nc_dtex_sm2,default
lp_scroll_r0c0d0_nc_dtex_sm3,default
lp_scroll_r0c0d0n0_dtex_sm2,default
lp_scroll_r0c0d0n0_dtex_sm3,default
lp_scroll_r0c0d0n0_nc_dtex_sm2,default
lp_scroll_r0c0d0n0_nc_dtex_sm3,default
lp_scroll_r0c0d0n0s0_dtex_sm3,default
lp_scroll_r0c0d0n0s0_nc_dtex_sm3,default
lp_scroll_r0c0d0s0_dtex_sm3,default
lp_scroll_r0c0d0s0_nc_dtex_sm3,default
lp_scroll_r0c0n0_dtex_sm2,default
lp_scroll_r0c0n0_dtex_sm3,default
lp_scroll_r0c0n0_nc_dtex_sm2,default
lp_scroll_r0c0n0_nc_dtex_sm3,default
lp_scroll_r0c0n0s0_dtex_sm3,default
lp_scroll_r0c0n0s0_nc_dtex_sm3,default
lp_scroll_r0c0s0_dtex_sm3,default
lp_scroll_r0c0s0_nc_dtex_sm3,default
lp_scroll_spot_b0c0_dtex_sm2,premulalpha
lp_scroll_spot_b0c0_dtex_sm3,premulalpha
lp_scroll_spot_b0c0_nc_dtex_sm2,premulalpha
lp_scroll_spot_b0c0_nc_dtex_sm3,premulalpha
lp_scroll_spot_b0c0d0_dtex_sm2,premulalpha
lp_scroll_spot_b0c0d0_dtex_sm3,premulalpha
lp_scroll_spot_b0c0d0_nc_dtex_sm2,premulalpha
lp_scroll_spot_b0c0d0_nc_dtex_sm3,premulalpha
lp_scroll_spot_b0c0d0n0_dtex_sm2,premulalpha
lp_scroll_spot_b0c0d0n0_dtex_sm3,premulalpha
lp_scroll_spot_b0c0d0n0_nc_dtex_sm2,premulalpha
lp_scroll_spot_b0c0d0n0_nc_dtex_sm3,premulalpha
lp_scroll_spot_b0c0d0n0s0_dtex_sm3,premulalpha
lp_scroll_spot_b0c0d0n0s0_nc_dtex_sm3,premulalpha
lp_scroll_spot_b0c0d0s0_dtex_sm3,premulalpha
lp_scroll_spot_b0c0d0s0_nc_dtex_sm3,premulalpha
lp_scroll_spot_b0c0n0_dtex_sm2,premulalpha
lp_scroll_spot_b0c0n0_dtex_sm3,premulalpha
lp_scroll_spot_b0c0n0_nc_dtex_sm2,premulalpha
lp_scroll_spot_b0c0n0_nc_dtex_sm3,premulalpha
lp_scroll_spot_b0c0n0s0_dtex_sm3,premulalpha
lp_scroll_spot_b0c0n0s0_nc_dtex_sm3,premulalpha
lp_scroll_spot_b0c0s0_dtex_sm3,premulalpha
lp_scroll_spot_b0c0s0_nc_dtex_sm3,premulalpha
lp_scroll_spot_r0c0_dtex_sm2,default
lp_scroll_spot_r0c0_dtex_sm3,default
lp_scroll_spot_r0c0_nc_dtex_sm2,default
lp_scroll_spot_r0c0_nc_dtex_sm3,default
lp_scroll_spot_r0c0d0_dtex_sm2,default
lp_scroll_spot_r0c0d0_dtex_sm3,default
lp_scroll_spot_r0c0d0_nc_dtex_sm2,default
lp_scroll_spot_r0c0d0_nc_dtex_sm3,default
lp_scroll_spot_r0c0d0n0_dtex_sm2,default
lp_scroll_spot_r0c0d0n0_dtex_sm3,default
lp_scroll_spot_r0c0d0n0_nc_dtex_sm2,default
lp_scroll_spot_r0c0d0n0_nc_dtex_sm3,default
lp_scroll_spot_r0c0d0n0s0_dtex_sm3,default
lp_scroll_spot_r0c0d0n0s0_nc_dtex_sm3,default
lp_scroll_spot_r0c0d0s0_dtex_sm3,default
lp_scroll_spot_r0c0d0s0_nc_dtex_sm3,default
lp_scroll_spot_r0c0n0_dtex_sm2,default
lp_scroll_spot_r0c0n0_dtex_sm3,default
lp_scroll_spot_r0c0n0_nc_dtex_sm2,default
lp_scroll_spot_r0c0n0_nc_dtex_sm3,default
lp_scroll_spot_r0c0n0s0_dtex_sm3,default
lp_scroll_spot_r0c0n0s0_nc_dtex_sm3,default
lp_scroll_spot_r0c0s0_dtex_sm3,default
lp_scroll_spot_r0c0s0_nc_dtex_sm3,default
lp_scroll_spot_t0c0_dtex_sm2,default
lp_scroll_spot_t0c0_dtex_sm3,default
lp_scroll_spot_t0c0_nc_dtex_sm2,default
lp_scroll_spot_t0c0_nc_dtex_sm3,default
lp_scroll_spot_t0c0d0_dtex_sm2,default
lp_scroll_spot_t0c0d0_dtex_sm3,default
lp_scroll_spot_t0c0d0_nc_dtex_sm2,default
lp_scroll_spot_t0c0d0_nc_dtex_sm3,default
lp_scroll_spot_t0c0d0n0_dtex_sm2,default
lp_scroll_spot_t0c0d0n0_dtex_sm3,default
lp_scroll_spot_t0c0d0n0_nc_dtex_sm2,default
lp_scroll_spot_t0c0d0n0_nc_dtex_sm3,default
lp_scroll_spot_t0c0d0n0s0_dtex_sm3,default
lp_scroll_spot_t0c0d0n0s0_nc_dtex_sm3,default
lp_scroll_spot_t0c0d0s0_dtex_sm3,default
lp_scroll_spot_t0c0d0s0_nc_dtex_sm3,default
lp_scroll_spot_t0c0n0_dtex_sm2,default
lp_scroll_spot_t0c0n0_dtex_sm3,default
lp_scroll_spot_t0c0n0_nc_dtex_sm2,default
lp_scroll_spot_t0c0n0_nc_dtex_sm3,default
lp_scroll_spot_t0c0n0s0_dtex_sm3,default
lp_scroll_spot_t0c0n0s0_nc_dtex_sm3,default
lp_scroll_spot_t0c0s0_dtex_sm3,default
lp_scroll_spot_t0c0s0_nc_dtex_sm3,default
lp_scroll_sun_b0c0_dtex_sm2,premulalpha
lp_scroll_sun_b0c0_dtex_sm3,premulalpha
lp_scroll_sun_b0c0_nc_dtex_sm2,premulalpha
lp_scroll_sun_b0c0_nc_dtex_sm3,premulalpha
lp_scroll_sun_b0c0d0_dtex_sm2,premulalpha
lp_scroll_sun_b0c0d0_dtex_sm3,premulalpha
lp_scroll_sun_b0c0d0_nc_dtex_sm2,premulalpha
lp_scroll_sun_b0c0d0_nc_dtex_sm3,premulalpha
lp_scroll_sun_b0c0d0n0_dtex_sm2,premulalpha
lp_scroll_sun_b0c0d0n0_dtex_sm3,premulalpha
lp_scroll_sun_b0c0d0n0_nc_dtex_sm2,premulalpha
lp_scroll_sun_b0c0d0n0_nc_dtex_sm3,premulalpha
lp_scroll_sun_b0c0d0n0s0_dtex_sm3,premulalpha
lp_scroll_sun_b0c0d0n0s0_nc_dtex_sm3,premulalpha
lp_scroll_sun_b0c0d0s0_dtex_sm3,premulalpha
lp_scroll_sun_b0c0d0s0_nc_dtex_sm3,premulalpha
lp_scroll_sun_b0c0n0_dtex_sm2,premulalpha
lp_scroll_sun_b0c0n0_dtex_sm3,premulalpha
lp_scroll_sun_b0c0n0_nc_dtex_sm2,premulalpha
lp_scroll_sun_b0c0n0_nc_dtex_sm3,premulalpha
lp_scroll_sun_b0c0n0s0_dtex_sm3,premulalpha
lp_scroll_sun_b0c0n0s0_nc_dtex_sm3,premulalpha
lp_scroll_sun_b0c0s0_dtex_sm3,premulalpha
lp_scroll_sun_b0c0s0_nc_dtex_sm3,premulalpha
lp_scroll_sun_r0c0_dtex_sm2,default
lp_scroll_sun_r0c0_dtex_sm3,default
lp_scroll_sun_r0c0_nc_dtex_sm2,default
lp_scroll_sun_r0c0_nc_dtex_sm3,default
lp_scroll_sun_r0c0d0_dtex_sm2,default
lp_scroll_sun_r0c0d0_dtex_sm3,default
lp_scroll_sun_r0c0d0_nc_dtex_sm2,default
lp_scroll_sun_r0c0d0_nc_dtex_sm3,default
lp_scroll_sun_r0c0d0n0_dtex_sm2,default
lp_scroll_sun_r0c0d0n0_dtex_sm3,default
lp_scroll_sun_r0c0d0n0_nc_dtex_sm2,default
lp_scroll_sun_r0c0d0n0_nc_dtex_sm3,default
lp_scroll_sun_r0c0d0n0s0_dtex_sm3,default
lp_scroll_sun_r0c0d0n0s0_nc_dtex_sm3,default
lp_scroll_sun_r0c0d0s0_dtex_sm3,default
lp_scroll_sun_r0c0d0s0_nc_dtex_sm3,default
lp_scroll_sun_r0c0n0_dtex_sm2,default
lp_scroll_sun_r0c0n0_dtex_sm3,default
lp_scroll_sun_r0c0n0_nc_dtex_sm2,default
lp_scroll_sun_r0c0n0_nc_dtex_sm3,default
lp_scroll_sun_r0c0n0s0_dtex_sm3,default
lp_scroll_sun_r0c0n0s0_nc_dtex_sm3,default
lp_scroll_sun_r0c0s0_dtex_sm3,default
lp_scroll_sun_r0c0s0_nc_dtex_sm3,default
lp_scroll_sun_t0c0_dtex_sm2,default
lp_scroll_sun_t0c0_dtex_sm3,default
lp_scroll_sun_t0c0_nc_dtex_sm2,default
lp_scroll_sun_t0c0_nc_dtex_sm3,default
lp_scroll_sun_t0c0d0_dtex_sm2,default
lp_scroll_sun_t0c0d0_dtex_sm3,default
lp_scroll_sun_t0c0d0_nc_dtex_sm2,default
lp_scroll_sun_t0c0d0_nc_dtex_sm3,default
lp_scroll_sun_t0c0d0n0_dtex_sm2,default
lp_scroll_sun_t0c0d0n0_dtex_sm3,default
lp_scroll_sun_t0c0d0n0_nc_dtex_sm2,default
lp_scroll_sun_t0c0d0n0_nc_dtex_sm3,default
lp_scroll_sun_t0c0d0n0s0_dtex_sm3,default
lp_scroll_sun_t0c0d0n0s0_nc_dtex_sm3,default
lp_scroll_sun_t0c0d0s0_dtex_sm3,default
lp_scroll_sun_t0c0d0s0_nc_dtex_sm3,default
lp_scroll_sun_t0c0n0_dtex_sm2,default
lp_scroll_sun_t0c0n0_dtex_sm3,default
lp_scroll_sun_t0c0n0_nc_dtex_sm2,default
lp_scroll_sun_t0c0n0_nc_dtex_sm3,default
lp_scroll_sun_t0c0n0s0_dtex_sm3,default
lp_scroll_sun_t0c0n0s0_nc_dtex_sm3,default
lp_scroll_sun_t0c0s0_dtex_sm3,default
lp_scroll_sun_t0c0s0_nc_dtex_sm3,default
lp_scroll_t0c0_dtex_sm2,default
lp_scroll_t0c0_dtex_sm3,default
lp_scroll_t0c0_nc_dtex_sm2,default
lp_scroll_t0c0_nc_dtex_sm3,default
lp_scroll_t0c0d0_dtex_sm2,default
lp_scroll_t0c0d0_dtex_sm3,default
lp_scroll_t0c0d0_nc_dtex_sm2,default
lp_scroll_t0c0d0_nc_dtex_sm3,default
lp_scroll_t0c0d0n0_dtex_sm2,default
lp_scroll_t0c0d0n0_dtex_sm3,default
lp_scroll_t0c0d0n0_nc_dtex_sm2,default
lp_scroll_t0c0d0n0_nc_dtex_sm3,default
lp_scroll_t0c0d0n0s0_dtex_sm3,default
lp_scroll_t0c0d0n0s0_nc_dtex_sm3,default
lp_scroll_t0c0d0s0_dtex_sm3,default
lp_scroll_t0c0d0s0_nc_dtex_sm3,default
lp_scroll_t0c0n0_dtex_sm2,default
lp_scroll_t0c0n0_dtex_sm3,default
lp_scroll_t0c0n0_nc_dtex_sm2,default
lp_scroll_t0c0n0_nc_dtex_sm3,default
lp_scroll_t0c0n0s0_dtex_sm3,default
lp_scroll_t0c0n0s0_nc_dtex_sm3,default
lp_scroll_t0c0s0_dtex_sm3,default
lp_scroll_t0c0s0_nc_dtex_sm3,default
lp_skin_omni_r0c0_dtex_sm3,default
lp_skin_omni_r0c0_nc_dtex_sm3,default
lp_skin_omni_r0c0d0_dtex_sm3,default
lp_skin_omni_r0c0d0_nc_dtex_sm3,default
lp_skin_omni_r0c0d0n0_dtex_sm3,default
lp_skin_omni_r0c0d0n0_nc_dtex_sm3,default
lp_skin_omni_r0c0d0n0s0_dtex_sm3,default
lp_skin_omni_r0c0d0n0s0_nc_dtex_sm3,default
lp_skin_omni_r0c0d0s0_dtex_sm3,default
lp_skin_omni_r0c0d0s0_nc_dtex_sm3,default
lp_skin_omni_r0c0n0_dtex_sm3,default
lp_skin_omni_r0c0n0_nc_dtex_sm3,default
lp_skin_omni_r0c0n0s0_dtex_sm3,default
lp_skin_omni_r0c0n0s0_nc_dtex_sm3,default
lp_skin_omni_r0c0s0_dtex_sm3,default
lp_skin_omni_r0c0s0_nc_dtex_sm3,default
lp_skin_r0c0_dtex_sm3,default
lp_skin_r0c0_nc_dtex_sm3,default
lp_skin_r0c0d0_dtex_sm3,default
lp_skin_r0c0d0_nc_dtex_sm3,default
lp_skin_r0c0d0n0_dtex_sm3,default
lp_skin_r0c0d0n0_nc_dtex_sm3,default
lp_skin_r0c0d0n0s0_dtex_sm3,default
lp_skin_r0c0d0n0s0_nc_dtex_sm3,default
lp_skin_r0c0d0s0_dtex_sm3,default
lp_skin_r0c0d0s0_nc_dtex_sm3,default
lp_skin_r0c0n0_dtex_sm3,default
lp_skin_r0c0n0_nc_dtex_sm3,default
lp_skin_r0c0n0s0_dtex_sm3,default
lp_skin_r0c0n0s0_nc_dtex_sm3,default
lp_skin_r0c0s0_dtex_sm3,default
lp_skin_r0c0s0_nc_dtex_sm3,default
lp_skin_spot_r0c0_dtex_sm3,default
lp_skin_spot_r0c0_nc_dtex_sm3,default
lp_skin_spot_r0c0d0_dtex_sm3,default
lp_skin_spot_r0c0d0_nc_dtex_sm3,default
lp_skin_spot_r0c0d0n0_dtex_sm3,default
lp_skin_spot_r0c0d0n0_nc_dtex_sm3,default
lp_skin_spot_r0c0d0n0s0_dtex_sm3,default
lp_skin_spot_r0c0d0n0s0_nc_dtex_sm3,default
lp_skin_spot_r0c0d0s0_dtex_sm3,default
lp_skin_spot_r0c0d0s0_nc_dtex_sm3,default
lp_skin_spot_r0c0n0_dtex_sm3,default
lp_skin_spot_r0c0n0_nc_dtex_sm3,default
lp_skin_spot_r0c0n0s0_dtex_sm3,default
lp_skin_spot_r0c0n0s0_nc_dtex_sm3,default
lp_skin_spot_r0c0s0_dtex_sm3,default
lp_skin_spot_r0c0s0_nc_dtex_sm3,default
lp_skin_sun_r0c0_dtex_sm3,default
lp_skin_sun_r0c0_nc_dtex_sm3,default
lp_skin_sun_r0c0d0_dtex_sm3,default
lp_skin_sun_r0c0d0_nc_dtex_sm3,default
lp_skin_sun_r0c0d0n0_dtex_sm3,default
lp_skin_sun_r0c0d0n0_nc_dtex_sm3,default
lp_skin_sun_r0c0d0n0s0_dtex_sm3,default
lp_skin_sun_r0c0d0n0s0_nc_dtex_sm3,default
lp_skin_sun_r0c0d0s0_dtex_sm3,default
lp_skin_sun_r0c0d0s0_nc_dtex_sm3,default
lp_skin_sun_r0c0n0_dtex_sm3,default
lp_skin_sun_r0c0n0_nc_dtex_sm3,default
lp_skin_sun_r0c0n0s0_dtex_sm3,default
lp_skin_sun_r0c0n0s0_nc_dtex_sm3,default
lp_skin_sun_r0c0s0_dtex_sm3,default
lp_skin_sun_r0c0s0_nc_dtex_sm3,default
lp_sm_flag_omni_t0c0_dtex_sm3,default
lp_sm_flag_omni_t0c0_nc_dtex_sm3,default
lp_sm_flag_omni_t0c0n0_dtex_sm3,default
lp_sm_flag_omni_t0c0n0_nc_dtex_sm3,default
lp_sm_flag_omni_t0c0n0s0_dtex_sm3,default
lp_sm_flag_omni_t0c0n0s0_nc_dtex_sm3,default
lp_sm_flag_omni_t0c0s0_dtex_sm3,default
lp_sm_flag_omni_t0c0s0_nc_dtex_sm3,default
lp_sm_flag_spot_t0c0_dtex_sm3,default
lp_sm_flag_spot_t0c0_nc_dtex_sm3,default
lp_sm_flag_spot_t0c0n0_dtex_sm3,default
lp_sm_flag_spot_t0c0n0_nc_dtex_sm3,default
lp_sm_flag_spot_t0c0n0s0_dtex_sm3,default
lp_sm_flag_spot_t0c0n0s0_nc_dtex_sm3,default
lp_sm_flag_spot_t0c0s0_dtex_sm3,default
lp_sm_flag_spot_t0c0s0_nc_dtex_sm3,default
lp_sm_flag_sun_t0c0_dtex_sm2,default
lp_sm_flag_sun_t0c0_dtex_sm3,default
lp_sm_flag_sun_t0c0_nc_dtex_sm2,default
lp_sm_flag_sun_t0c0_nc_dtex_sm3,default
lp_sm_flag_sun_t0c0n0_dtex_sm2,default
lp_sm_flag_sun_t0c0n0_dtex_sm3,default
lp_sm_flag_sun_t0c0n0_nc_dtex_sm2,default
lp_sm_flag_sun_t0c0n0_nc_dtex_sm3,default
lp_sm_flag_sun_t0c0n0s0_dtex_sm3,default
lp_sm_flag_sun_t0c0n0s0_nc_dtex_sm3,default
lp_sm_flag_sun_t0c0s0_dtex_sm3,default
lp_sm_flag_sun_t0c0s0_nc_dtex_sm3,default
lp_sm_i_omni_a0c0_dtex_sm3,default
lp_sm_i_omni_a0c0_nc_dtex_sm3,default
lp_sm_i_omni_b0c0_dtex_sm3,premulalpha
lp_sm_i_omni_b0c0_nc_dtex_sm3,premulalpha
lp_sm_i_omni_b0c0d0_dtex_sm3,premulalpha
lp_sm_i_omni_b0c0d0_nc_dtex_sm3,premulalpha
lp_sm_i_omni_b0c0d0n0_dtex_sm3,premulalpha
lp_sm_i_omni_b0c0d0n0_nc_dtex_sm3,premulalpha
lp_sm_i_omni_b0c0d0n0s0_dtex_sm3,premulalpha
lp_sm_i_omni_b0c0d0n0s0_nc_dtex_sm3,premulalpha
lp_sm_i_omni_b0c0d0s0_dtex_sm3,premulalpha
lp_sm_i_omni_b0c0d0s0_nc_dtex_sm3,premulalpha
lp_sm_i_omni_b0c0n0_dtex_sm3,premulalpha
lp_sm_i_omni_b0c0n0_nc_dtex_sm3,premulalpha
lp_sm_i_omni_b0c0n0s0_dtex_sm3,premulalpha
lp_sm_i_omni_b0c0n0s0_nc_dtex_sm3,premulalpha
lp_sm_i_omni_b0c0s0_dtex_sm3,premulalpha
lp_sm_i_omni_b0c0s0_nc_dtex_sm3,premulalpha
lp_sm_i_omni_r0c0_dtex_sm3,default
lp_sm_i_omni_r0c0_nc_dtex_sm3,default
lp_sm_i_omni_r0c0d0_dtex_sm3,default
lp_sm_i_omni_r0c0d0_nc_dtex_sm3,default
lp_sm_i_omni_r0c0d0n0_dtex_sm3,default
lp_sm_i_omni_r0c0d0n0_nc_dtex_sm3,default
lp_sm_i_omni_r0c0d0n0s0_dtex_sm3,default
lp_sm_i_omni_r0c0d0n0s0_nc_dtex_sm3,default
lp_sm_i_omni_r0c0d0s0_dtex_sm3,default
lp_sm_i_omni_r0c0d0s0_nc_dtex_sm3,default
lp_sm_i_omni_r0c0n0_dtex_sm3,default
lp_sm_i_omni_r0c0n0_nc_dtex_sm3,default
lp_sm_i_omni_r0c0n0s0_dtex_sm3,default
lp_sm_i_omni_r0c0n0s0_nc_dtex_sm3,default
lp_sm_i_omni_r0c0s0_dtex_sm3,default
lp_sm_i_omni_r0c0s0_nc_dtex_sm3,default
lp_sm_i_omni_t0c0_dtex_sm3,default
lp_sm_i_omni_t0c0_nc_dtex_sm3,default
lp_sm_i_omni_t0c0d0_dtex_sm3,default
lp_sm_i_omni_t0c0d0_nc_dtex_sm3,default
lp_sm_i_omni_t0c0d0n0_dtex_sm3,default
lp_sm_i_omni_t0c0d0n0_nc_dtex_sm3,default
lp_sm_i_omni_t0c0d0n0s0_dtex_sm3,default
lp_sm_i_omni_t0c0d0n0s0_nc_dtex_sm3,default
lp_sm_i_omni_t0c0d0s0_dtex_sm3,default
lp_sm_i_omni_t0c0d0s0_nc_dtex_sm3,default
lp_sm_i_omni_t0c0n0_dtex_sm3,default
lp_sm_i_omni_t0c0n0_nc_dtex_sm3,default
lp_sm_i_omni_t0c0n0s0_dtex_sm3,default
lp_sm_i_omni_t0c0n0s0_nc_dtex_sm3,default
lp_sm_i_omni_t0c0s0_dtex_sm3,default
lp_sm_i_omni_t0c0s0_nc_dtex_sm3,default
lp_sm_i_skin_omni_r0c0_dtex_sm3,default
lp_sm_i_skin_omni_r0c0_nc_dtex_sm3,default
lp_sm_i_skin_omni_r0c0d0_dtex_sm3,default
lp_sm_i_skin_omni_r0c0d0_nc_dtex_sm3,default
lp_sm_i_skin_omni_r0c0d0n0_dtex_sm3,default
lp_sm_i_skin_omni_r0c0d0n0_nc_dtex_sm3,default
lp_sm_i_skin_omni_r0c0d0n0s0_dtex_sm3,default
lp_sm_i_skin_omni_r0c0d0n0s0_nc_dtex_sm3,default
lp_sm_i_skin_omni_r0c0d0s0_dtex_sm3,default
lp_sm_i_skin_omni_r0c0d0s0_nc_dtex_sm3,default
lp_sm_i_skin_omni_r0c0n0_dtex_sm3,default
lp_sm_i_skin_omni_r0c0n0_nc_dtex_sm3,default
lp_sm_i_skin_omni_r0c0n0s0_dtex_sm3,default
lp_sm_i_skin_omni_r0c0n0s0_nc_dtex_sm3,default
lp_sm_i_skin_omni_r0c0s0_dtex_sm3,default
lp_sm_i_skin_omni_r0c0s0_nc_dtex_sm3,default
lp_sm_i_skin_spot_r0c0_dtex_sm3,default
lp_sm_i_skin_spot_r0c0_nc_dtex_sm3,default
lp_sm_i_skin_spot_r0c0d0_dtex_sm3,default
lp_sm_i_skin_spot_r0c0d0_nc_dtex_sm3,default
lp_sm_i_skin_spot_r0c0d0n0_dtex_sm3,default
lp_sm_i_skin_spot_r0c0d0n0_nc_dtex_sm3,default
lp_sm_i_skin_spot_r0c0d0n0s0_dtex_sm3,default
lp_sm_i_skin_spot_r0c0d0n0s0_nc_dtex_sm3,default
lp_sm_i_skin_spot_r0c0d0s0_dtex_sm3,default
lp_sm_i_skin_spot_r0c0d0s0_nc_dtex_sm3,default
lp_sm_i_skin_spot_r0c0n0_dtex_sm3,default
lp_sm_i_skin_spot_r0c0n0_nc_dtex_sm3,default
lp_sm_i_skin_spot_r0c0n0s0_dtex_sm3,default
lp_sm_i_skin_spot_r0c0n0s0_nc_dtex_sm3,default
lp_sm_i_skin_spot_r0c0s0_dtex_sm3,default
lp_sm_i_skin_spot_r0c0s0_nc_dtex_sm3,default
lp_sm_i_skin_sun_r0c0_dtex_sm3,default
lp_sm_i_skin_sun_r0c0_nc_dtex_sm3,default
lp_sm_i_skin_sun_r0c0d0_dtex_sm3,default
lp_sm_i_skin_sun_r0c0d0_nc_dtex_sm3,default
lp_sm_i_skin_sun_r0c0d0n0_dtex_sm3,default
lp_sm_i_skin_sun_r0c0d0n0_nc_dtex_sm3,default
lp_sm_i_skin_sun_r0c0d0n0s0_dtex_sm3,default
lp_sm_i_skin_sun_r0c0d0n0s0_nc_dtex_sm3,default
lp_sm_i_skin_sun_r0c0d0s0_dtex_sm3,default
lp_sm_i_skin_sun_r0c0d0s0_nc_dtex_sm3,default
lp_sm_i_skin_sun_r0c0n0_dtex_sm3,default
lp_sm_i_skin_sun_r0c0n0_nc_dtex_sm3,default
lp_sm_i_skin_sun_r0c0n0s0_dtex_sm3,default
lp_sm_i_skin_sun_r0c0n0s0_nc_dtex_sm3,default
lp_sm_i_skin_sun_r0c0s0_dtex_sm3,default
lp_sm_i_skin_sun_r0c0s0_nc_dtex_sm3,default
lp_sm_i_spot_a0c0_dtex_sm3,default
lp_sm_i_spot_a0c0_nc_dtex_sm3,default
lp_sm_i_spot_b0c0_dtex_sm3,premulalpha
lp_sm_i_spot_b0c0_nc_dtex_sm3,premulalpha
lp_sm_i_spot_b0c0d0_dtex_sm3,premulalpha
lp_sm_i_spot_b0c0d0_nc_dtex_sm3,premulalpha
lp_sm_i_spot_b0c0d0n0_dtex_sm3,premulalpha
lp_sm_i_spot_b0c0d0n0_nc_dtex_sm3,premulalpha
lp_sm_i_spot_b0c0d0n0s0_dtex_sm3,premulalpha
lp_sm_i_spot_b0c0d0n0s0_nc_dtex_sm3,premulalpha
lp_sm_i_spot_b0c0d0s0_dtex_sm3,premulalpha
lp_sm_i_spot_b0c0d0s0_nc_dtex_sm3,premulalpha
lp_sm_i_spot_b0c0n0_dtex_sm3,premulalpha
lp_sm_i_spot_b0c0n0_nc_dtex_sm3,premulalpha
lp_sm_i_spot_b0c0n0s0_dtex_sm3,premulalpha
lp_sm_i_spot_b0c0n0s0_nc_dtex_sm3,premulalpha
lp_sm_i_spot_b0c0s0_dtex_sm3,premulalpha
lp_sm_i_spot_b0c0s0_nc_dtex_sm3,premulalpha
lp_sm_i_spot_r0c0_dtex_sm3,default
lp_sm_i_spot_r0c0_nc_dtex_sm3,default
lp_sm_i_spot_r0c0d0_dtex_sm3,default
lp_sm_i_spot_r0c0d0_nc_dtex_sm3,default
lp_sm_i_spot_r0c0d0n0_dtex_sm3,default
lp_sm_i_spot_r0c0d0n0_nc_dtex_sm3,default
lp_sm_i_spot_r0c0d0n0s0_dtex_sm3,default
lp_sm_i_spot_r0c0d0n0s0_nc_dtex_sm3,default
lp_sm_i_spot_r0c0d0s0_dtex_sm3,default
lp_sm_i_spot_r0c0d0s0_nc_dtex_sm3,default
lp_sm_i_spot_r0c0n0_dtex_sm3,default
lp_sm_i_spot_r0c0n0_nc_dtex_sm3,default
lp_sm_i_spot_r0c0n0s0_dtex_sm3,default
lp_sm_i_spot_r0c0n0s0_nc_dtex_sm3,default
lp_sm_i_spot_r0c0s0_dtex_sm3,default
lp_sm_i_spot_r0c0s0_nc_dtex_sm3,default
lp_sm_i_spot_t0c0_dtex_sm3,default
lp_sm_i_spot_t0c0_nc_dtex_sm3,default
lp_sm_i_spot_t0c0d0_dtex_sm3,default
lp_sm_i_spot_t0c0d0_nc_dtex_sm3,default
lp_sm_i_spot_t0c0d0n0_dtex_sm3,default
lp_sm_i_spot_t0c0d0n0_nc_dtex_sm3,default
lp_sm_i_spot_t0c0d0n0s0_dtex_sm3,default
lp_sm_i_spot_t0c0d0n0s0_nc_dtex_sm3,default
lp_sm_i_spot_t0c0d0s0_dtex_sm3,default
lp_sm_i_spot_t0c0d0s0_nc_dtex_sm3,default
lp_sm_i_spot_t0c0n0_dtex_sm3,default
lp_sm_i_spot_t0c0n0_nc_dtex_sm3,default
lp_sm_i_spot_t0c0n0s0_dtex_sm3,default
lp_sm_i_spot_t0c0n0s0_nc_dtex_sm3,default
lp_sm_i_spot_t0c0s0_dtex_sm3,default
lp_sm_i_spot_t0c0s0_nc_dtex_sm3,default
lp_sm_i_sun_a0c0_dtex_sm2,default
lp_sm_i_sun_a0c0_dtex_sm3,default
lp_sm_i_sun_a0c0_nc_dtex_sm2,default
lp_sm_i_sun_a0c0_nc_dtex_sm3,default
lp_sm_i_sun_b0c0_dtex_sm2,premulalpha
lp_sm_i_sun_b0c0_dtex_sm3,premulalpha
lp_sm_i_sun_b0c0_nc_dtex_sm2,premulalpha
lp_sm_i_sun_b0c0_nc_dtex_sm3,premulalpha
lp_sm_i_sun_b0c0d0_dtex_sm2,premulalpha
lp_sm_i_sun_b0c0d0_dtex_sm3,premulalpha
lp_sm_i_sun_b0c0d0_nc_dtex_sm2,premulalpha
lp_sm_i_sun_b0c0d0_nc_dtex_sm3,premulalpha
lp_sm_i_sun_b0c0d0n0_dtex_sm2,premulalpha
lp_sm_i_sun_b0c0d0n0_dtex_sm3,premulalpha
lp_sm_i_sun_b0c0d0n0_nc_dtex_sm2,premulalpha
lp_sm_i_sun_b0c0d0n0_nc_dtex_sm3,premulalpha
lp_sm_i_sun_b0c0d0n0s0_dtex_sm3,premulalpha
lp_sm_i_sun_b0c0d0n0s0_nc_dtex_sm3,premulalpha
lp_sm_i_sun_b0c0d0s0_dtex_sm3,premulalpha
lp_sm_i_sun_b0c0d0s0_nc_dtex_sm3,premulalpha
lp_sm_i_sun_b0c0n0_dtex_sm2,premulalpha
lp_sm_i_sun_b0c0n0_dtex_sm3,premulalpha
lp_sm_i_sun_b0c0n0_nc_dtex_sm2,premulalpha
lp_sm_i_sun_b0c0n0_nc_dtex_sm3,premulalpha
lp_sm_i_sun_b0c0n0s0_dtex_sm3,premulalpha
lp_sm_i_sun_b0c0n0s0_nc_dtex_sm3,premulalpha
lp_sm_i_sun_b0c0s0_dtex_sm3,premulalpha
lp_sm_i_sun_b0c0s0_nc_dtex_sm3,premulalpha
lp_sm_i_sun_r0c0_dtex_sm2,default
lp_sm_i_sun_r0c0_dtex_sm3,default
lp_sm_i_sun_r0c0_nc_dtex_sm2,default
lp_sm_i_sun_r0c0_nc_dtex_sm3,default
lp_sm_i_sun_r0c0d0_dtex_sm2,default
lp_sm_i_sun_r0c0d0_dtex_sm3,default
lp_sm_i_sun_r0c0d0_nc_dtex_sm2,default
lp_sm_i_sun_r0c0d0_nc_dtex_sm3,default
lp_sm_i_sun_r0c0d0n0_dtex_sm2,default
lp_sm_i_sun_r0c0d0n0_dtex_sm3,default
lp_sm_i_sun_r0c0d0n0_nc_dtex_sm2,default
lp_sm_i_sun_r0c0d0n0_nc_dtex_sm3,default
lp_sm_i_sun_r0c0d0n0s0_dtex_sm3,default
lp_sm_i_sun_r0c0d0n0s0_nc_dtex_sm3,default
lp_sm_i_sun_r0c0d0s0_dtex_sm3,default
lp_sm_i_sun_r0c0d0s0_nc_dtex_sm3,default
lp_sm_i_sun_r0c0n0_dtex_sm2,default
lp_sm_i_sun_r0c0n0_dtex_sm3,default
lp_sm_i_sun_r0c0n0_nc_dtex_sm2,default
lp_sm_i_sun_r0c0n0_nc_dtex_sm3,default
lp_sm_i_sun_r0c0n0s0_dtex_sm3,default
lp_sm_i_sun_r0c0n0s0_nc_dtex_sm3,default
lp_sm_i_sun_r0c0s0_dtex_sm3,default
lp_sm_i_sun_r0c0s0_nc_dtex_sm3,default
lp_sm_i_sun_t0c0_dtex_sm2,default
lp_sm_i_sun_t0c0_dtex_sm3,default
lp_sm_i_sun_t0c0_nc_dtex_sm2,default
lp_sm_i_sun_t0c0_nc_dtex_sm3,default
lp_sm_i_sun_t0c0d0_dtex_sm2,default
lp_sm_i_sun_t0c0d0_dtex_sm3,default
lp_sm_i_sun_t0c0d0_nc_dtex_sm2,default
lp_sm_i_sun_t0c0d0_nc_dtex_sm3,default
lp_sm_i_sun_t0c0d0n0_dtex_sm2,default
lp_sm_i_sun_t0c0d0n0_dtex_sm3,default
lp_sm_i_sun_t0c0d0n0_nc_dtex_sm2,default
lp_sm_i_sun_t0c0d0n0_nc_dtex_sm3,default
lp_sm_i_sun_t0c0d0n0s0_dtex_sm3,default
lp_sm_i_sun_t0c0d0n0s0_nc_dtex_sm3,default
lp_sm_i_sun_t0c0d0s0_dtex_sm3,default
lp_sm_i_sun_t0c0d0s0_nc_dtex_sm3,default
lp_sm_i_sun_t0c0n0_dtex_sm2,default
lp_sm_i_sun_t0c0n0_dtex_sm3,default
lp_sm_i_sun_t0c0n0_nc_dtex_sm2,default
lp_sm_i_sun_t0c0n0_nc_dtex_sm3,default
lp_sm_i_sun_t0c0n0s0_dtex_sm3,default
lp_sm_i_sun_t0c0n0s0_nc_dtex_sm3,default
lp_sm_i_sun_t0c0s0_dtex_sm3,default
lp_sm_i_sun_t0c0s0_nc_dtex_sm3,default
lp_sm_omni_a0c0_dtex_sm3,default
lp_sm_omni_a0c0_nc_dtex_sm3,default
lp_sm_omni_b0c0_dtex_sm3,premulalpha
lp_sm_omni_b0c0_nc_dtex_sm3,premulalpha
lp_sm_omni_b0c0d0_dtex_sm3,premulalpha
lp_sm_omni_b0c0d0_nc_dtex_sm3,premulalpha
lp_sm_omni_b0c0d0n0_dtex_sm3,premulalpha
lp_sm_omni_b0c0d0n0_nc_dtex_sm3,premulalpha
lp_sm_omni_b0c0d0n0s0_dtex_sm3,premulalpha
lp_sm_omni_b0c0d0n0s0_nc_dtex_sm3,premulalpha
lp_sm_omni_b0c0d0s0_dtex_sm3,premulalpha
lp_sm_omni_b0c0d0s0_nc_dtex_sm3,premulalpha
lp_sm_omni_b0c0n0_dtex_sm3,premulalpha
lp_sm_omni_b0c0n0_nc_dtex_sm3,premulalpha
lp_sm_omni_b0c0n0s0_dtex_sm3,premulalpha
lp_sm_omni_b0c0n0s0_nc_dtex_sm3,premulalpha
lp_sm_omni_b0c0s0_dtex_sm3,premulalpha
lp_sm_omni_b0c0s0_nc_dtex_sm3,premulalpha
lp_sm_omni_r0c0_dtex_sm3,default
lp_sm_omni_r0c0_nc_dtex_sm3,default
lp_sm_omni_r0c0d0_dtex_sm3,default
lp_sm_omni_r0c0d0_nc_dtex_sm3,default
lp_sm_omni_r0c0d0n0_dtex_sm3,default
lp_sm_omni_r0c0d0n0_nc_dtex_sm3,default
lp_sm_omni_r0c0d0n0s0_dtex_sm3,default
lp_sm_omni_r0c0d0n0s0_nc_dtex_sm3,default
lp_sm_omni_r0c0d0s0_dtex_sm3,default
lp_sm_omni_r0c0d0s0_nc_dtex_sm3,default
lp_sm_omni_r0c0n0_dtex_sm3,default
lp_sm_omni_r0c0n0_nc_dtex_sm3,default
lp_sm_omni_r0c0n0s0_dtex_sm3,default
lp_sm_omni_r0c0n0s0_nc_dtex_sm3,default
lp_sm_omni_r0c0s0_dtex_sm3,default
lp_sm_omni_r0c0s0_nc_dtex_sm3,default
lp_sm_omni_t0c0_dtex_sm3,default
lp_sm_omni_t0c0_nc_dtex_sm3,default
lp_sm_omni_t0c0d0_dtex_sm3,default
lp_sm_omni_t0c0d0_nc_dtex_sm3,default
lp_sm_omni_t0c0d0n0_dtex_sm3,default
lp_sm_omni_t0c0d0n0_nc_dtex_sm3,default
lp_sm_omni_t0c0d0n0s0_dtex_sm3,default
lp_sm_omni_t0c0d0n0s0_nc_dtex_sm3,default
lp_sm_omni_t0c0d0s0_dtex_sm3,default
lp_sm_omni_t0c0d0s0_nc_dtex_sm3,default
lp_sm_omni_t0c0n0_dtex_sm3,default
lp_sm_omni_t0c0n0_nc_dtex_sm3,default
lp_sm_omni_t0c0n0s0_dtex_sm3,default
lp_sm_omni_t0c0n0s0_nc_dtex_sm3,default
lp_sm_omni_t0c0s0_dtex_sm3,default
lp_sm_omni_t0c0s0_nc_dtex_sm3,default
lp_sm_scroll_omni_b0c0_dtex_sm3,premulalpha
lp_sm_scroll_omni_b0c0_nc_dtex_sm3,premulalpha
lp_sm_scroll_omni_b0c0d0_dtex_sm3,premulalpha
lp_sm_scroll_omni_b0c0d0_nc_dtex_sm3,premulalpha
lp_sm_scroll_omni_b0c0d0n0_dtex_sm3,premulalpha
lp_sm_scroll_omni_b0c0d0n0_nc_dtex_sm3,premulalpha
lp_sm_scroll_omni_b0c0d0n0s0_dtex_sm3,premulalpha
lp_sm_scroll_omni_b0c0d0n0s0_nc_dtex_sm3,premulalpha
lp_sm_scroll_omni_b0c0d0s0_dtex_sm3,premulalpha
lp_sm_scroll_omni_b0c0d0s0_nc_dtex_sm3,premulalpha
lp_sm_scroll_omni_b0c0n0_dtex_sm3,premulalpha
lp_sm_scroll_omni_b0c0n0_nc_dtex_sm3,premulalpha
lp_sm_scroll_omni_b0c0n0s0_dtex_sm3,premulalpha
lp_sm_scroll_omni_b0c0n0s0_nc_dtex_sm3,premulalpha
lp_sm_scroll_omni_b0c0s0_dtex_sm3,premulalpha
lp_sm_scroll_omni_b0c0s0_nc_dtex_sm3,premulalpha
lp_sm_scroll_omni_r0c0_dtex_sm3,default
lp_sm_scroll_omni_r0c0_nc_dtex_sm3,default
lp_sm_scroll_omni_r0c0d0_dtex_sm3,default
lp_sm_scroll_omni_r0c0d0_nc_dtex_sm3,default
lp_sm_scroll_omni_r0c0d0n0_dtex_sm3,default
lp_sm_scroll_omni_r0c0d0n0_nc_dtex_sm3,default
lp_sm_scroll_omni_r0c0d0n0s0_dtex_sm3,default
lp_sm_scroll_omni_r0c0d0n0s0_nc_dtex_sm3,default
lp_sm_scroll_omni_r0c0d0s0_dtex_sm3,default
lp_sm_scroll_omni_r0c0d0s0_nc_dtex_sm3,default
lp_sm_scroll_omni_r0c0n0_dtex_sm3,default
lp_sm_scroll_omni_r0c0n0_nc_dtex_sm3,default
lp_sm_scroll_omni_r0c0n0s0_dtex_sm3,default
lp_sm_scroll_omni_r0c0n0s0_nc_dtex_sm3,default
lp_sm_scroll_omni_r0c0s0_dtex_sm3,default
lp_sm_scroll_omni_r0c0s0_nc_dtex_sm3,default
lp_sm_scroll_omni_t0c0_dtex_sm3,default
lp_sm_scroll_omni_t0c0_nc_dtex_sm3,default
lp_sm_scroll_omni_t0c0d0_dtex_sm3,default
lp_sm_scroll_omni_t0c0d0_nc_dtex_sm3,default
lp_sm_scroll_omni_t0c0d0n0_dtex_sm3,default
lp_sm_scroll_omni_t0c0d0n0_nc_dtex_sm3,default
lp_sm_scroll_omni_t0c0d0n0s0_dtex_sm3,default
lp_sm_scroll_omni_t0c0d0n0s0_nc_dtex_sm3,default
lp_sm_scroll_omni_t0c0d0s0_dtex_sm3,default
lp_sm_scroll_omni_t0c0d0s0_nc_dtex_sm3,default
lp_sm_scroll_omni_t0c0n0_dtex_sm3,default
lp_sm_scroll_omni_t0c0n0_nc_dtex_sm3,default
lp_sm_scroll_omni_t0c0n0s0_dtex_sm3,default
lp_sm_scroll_omni_t0c0n0s0_nc_dtex_sm3,default
lp_sm_scroll_omni_t0c0s0_dtex_sm3,default
lp_sm_scroll_omni_t0c0s0_nc_dtex_sm3,default
lp_sm_scroll_spot_b0c0_dtex_sm3,premulalpha
lp_sm_scroll_spot_b0c0_nc_dtex_sm3,premulalpha
lp_sm_scroll_spot_b0c0d0_dtex_sm3,premulalpha
lp_sm_scroll_spot_b0c0d0_nc_dtex_sm3,premulalpha
lp_sm_scroll_spot_b0c0d0n0_dtex_sm3,premulalpha
lp_sm_scroll_spot_b0c0d0n0_nc_dtex_sm3,premulalpha
lp_sm_scroll_spot_b0c0d0n0s0_dtex_sm3,premulalpha
lp_sm_scroll_spot_b0c0d0n0s0_nc_dtex_sm3,premulalpha
lp_sm_scroll_spot_b0c0d0s0_dtex_sm3,premulalpha
lp_sm_scroll_spot_b0c0d0s0_nc_dtex_sm3,premulalpha
lp_sm_scroll_spot_b0c0n0_dtex_sm3,premulalpha
lp_sm_scroll_spot_b0c0n0_nc_dtex_sm3,premulalpha
lp_sm_scroll_spot_b0c0n0s0_dtex_sm3,premulalpha
lp_sm_scroll_spot_b0c0n0s0_nc_dtex_sm3,premulalpha
lp_sm_scroll_spot_b0c0s0_dtex_sm3,premulalpha
lp_sm_scroll_spot_b0c0s0_nc_dtex_sm3,premulalpha
lp_sm_scroll_spot_r0c0_dtex_sm3,default
lp_sm_scroll_spot_r0c0_nc_dtex_sm3,default
lp_sm_scroll_spot_r0c0d0_dtex_sm3,default
lp_sm_scroll_spot_r0c0d0_nc_dtex_sm3,default
lp_sm_scroll_spot_r0c0d0n0_dtex_sm3,default
lp_sm_scroll_spot_r0c0d0n0_nc_dtex_sm3,default
lp_sm_scroll_spot_r0c0d0n0s0_dtex_sm3,default
lp_sm_scroll_spot_r0c0d0n0s0_nc_dtex_sm3,default
lp_sm_scroll_spot_r0c0d0s0_dtex_sm3,default
lp_sm_scroll_spot_r0c0d0s0_nc_dtex_sm3,default
lp_sm_scroll_spot_r0c0n0_dtex_sm3,default
lp_sm_scroll_spot_r0c0n0_nc_dtex_sm3,default
lp_sm_scroll_spot_r0c0n0s0_dtex_sm3,default
lp_sm_scroll_spot_r0c0n0s0_nc_dtex_sm3,default
lp_sm_scroll_spot_r0c0s0_dtex_sm3,default
lp_sm_scroll_spot_r0c0s0_nc_dtex_sm3,default
lp_sm_scroll_spot_t0c0_dtex_sm3,default
lp_sm_scroll_spot_t0c0_nc_dtex_sm3,default
lp_sm_scroll_spot_t0c0d0_dtex_sm3,default
lp_sm_scroll_spot_t0c0d0_nc_dtex_sm3,default
lp_sm_scroll_spot_t0c0d0n0_dtex_sm3,default
lp_sm_scroll_spot_t0c0d0n0_nc_dtex_sm3,default
lp_sm_scroll_spot_t0c0d0n0s0_dtex_sm3,default
lp_sm_scroll_spot_t0c0d0n0s0_nc_dtex_sm3,default
lp_sm_scroll_spot_t0c0d0s0_dtex_sm3,default
lp_sm_scroll_spot_t0c0d0s0_nc_dtex_sm3,default
lp_sm_scroll_spot_t0c0n0_dtex_sm3,default
lp_sm_scroll_spot_t0c0n0_nc_dtex_sm3,default
lp_sm_scroll_spot_t0c0n0s0_dtex_sm3,default
lp_sm_scroll_spot_t0c0n0s0_nc_dtex_sm3,default
lp_sm_scroll_spot_t0c0s0_dtex_sm3,default
lp_sm_scroll_spot_t0c0s0_nc_dtex_sm3,default
lp_sm_scroll_sun_b0c0_dtex_sm2,premulalpha
lp_sm_scroll_sun_b0c0_dtex_sm3,premulalpha
lp_sm_scroll_sun_b0c0_nc_dtex_sm2,premulalpha
lp_sm_scroll_sun_b0c0_nc_dtex_sm3,premulalpha
lp_sm_scroll_sun_b0c0d0_dtex_sm2,premulalpha
lp_sm_scroll_sun_b0c0d0_dtex_sm3,premulalpha
lp_sm_scroll_sun_b0c0d0_nc_dtex_sm2,premulalpha
lp_sm_scroll_sun_b0c0d0_nc_dtex_sm3,premulalpha
lp_sm_scroll_sun_b0c0d0n0_dtex_sm2,premulalpha
lp_sm_scroll_sun_b0c0d0n0_dtex_sm3,premulalpha
lp_sm_scroll_sun_b0c0d0n0_nc_dtex_sm2,premulalpha
lp_sm_scroll_sun_b0c0d0n0_nc_dtex_sm3,premulalpha
lp_sm_scroll_sun_b0c0d0n0s0_dtex_sm3,premulalpha
lp_sm_scroll_sun_b0c0d0n0s0_nc_dtex_sm3,premulalpha
lp_sm_scroll_sun_b0c0d0s0_dtex_sm3,premulalpha
lp_sm_scroll_sun_b0c0d0s0_nc_dtex_sm3,premulalpha
lp_sm_scroll_sun_b0c0n0_dtex_sm2,premulalpha
lp_sm_scroll_sun_b0c0n0_dtex_sm3,premulalpha
lp_sm_scroll_sun_b0c0n0_nc_dtex_sm2,premulalpha
lp_sm_scroll_sun_b0c0n0_nc_dtex_sm3,premulalpha
lp_sm_scroll_sun_b0c0n0s0_dtex_sm3,premulalpha
lp_sm_scroll_sun_b0c0n0s0_nc_dtex_sm3,premulalpha
lp_sm_scroll_sun_b0c0s0_dtex_sm3,premulalpha
lp_sm_scroll_sun_b0c0s0_nc_dtex_sm3,premulalpha
lp_sm_scroll_sun_r0c0_dtex_sm2,default
lp_sm_scroll_sun_r0c0_dtex_sm3,default
lp_sm_scroll_sun_r0c0_nc_dtex_sm2,default
lp_sm_scroll_sun_r0c0_nc_dtex_sm3,default
lp_sm_scroll_sun_r0c0d0_dtex_sm2,default
lp_sm_scroll_sun_r0c0d0_dtex_sm3,default
lp_sm_scroll_sun_r0c0d0_nc_dtex_sm2,default
lp_sm_scroll_sun_r0c0d0_nc_dtex_sm3,default
lp_sm_scroll_sun_r0c0d0n0_dtex_sm2,default
lp_sm_scroll_sun_r0c0d0n0_dtex_sm3,default
lp_sm_scroll_sun_r0c0d0n0_nc_dtex_sm2,default
lp_sm_scroll_sun_r0c0d0n0_nc_dtex_sm3,default
lp_sm_scroll_sun_r0c0d0n0s0_dtex_sm3,default
lp_sm_scroll_sun_r0c0d0n0s0_nc_dtex_sm3,default
lp_sm_scroll_sun_r0c0d0s0_dtex_sm3,default
lp_sm_scroll_sun_r0c0d0s0_nc_dtex_sm3,default
lp_sm_scroll_sun_r0c0n0_dtex_sm2,default
lp_sm_scroll_sun_r0c0n0_dtex_sm3,default
lp_sm_scroll_sun_r0c0n0_nc_dtex_sm2,default
lp_sm_scroll_sun_r0c0n0_nc_dtex_sm3,default
lp_sm_scroll_sun_r0c0n0s0_dtex_sm3,default
lp_sm_scroll_sun_r0c0n0s0_nc_dtex_sm3,default
lp_sm_scroll_sun_r0c0s0_dtex_sm3,default
lp_sm_scroll_sun_r0c0s0_nc_dtex_sm3,default
lp_sm_scroll_sun_t0c0_dtex_sm2,default
lp_sm_scroll_sun_t0c0_dtex_sm3,default
lp_sm_scroll_sun_t0c0_nc_dtex_sm2,default
lp_sm_scroll_sun_t0c0_nc_dtex_sm3,default
lp_sm_scroll_sun_t0c0d0_dtex_sm2,default
lp_sm_scroll_sun_t0c0d0_dtex_sm3,default
lp_sm_scroll_sun_t0c0d0_nc_dtex_sm2,default
lp_sm_scroll_sun_t0c0d0_nc_dtex_sm3,default
lp_sm_scroll_sun_t0c0d0n0_dtex_sm2,default
lp_sm_scroll_sun_t0c0d0n0_dtex_sm3,default
lp_sm_scroll_sun_t0c0d0n0_nc_dtex_sm2,default
lp_sm_scroll_sun_t0c0d0n0_nc_dtex_sm3,default
lp_sm_scroll_sun_t0c0d0n0s0_dtex_sm3,default
lp_sm_scroll_sun_t0c0d0n0s0_nc_dtex_sm3,default
lp_sm_scroll_sun_t0c0d0s0_dtex_sm3,default
lp_sm_scroll_sun_t0c0d0s0_nc_dtex_sm3,default
lp_sm_scroll_sun_t0c0n0_dtex_sm2,default
lp_sm_scroll_sun_t0c0n0_dtex_sm3,default
lp_sm_scroll_sun_t0c0n0_nc_dtex_sm2,default
lp_sm_scroll_sun_t0c0n0_nc_dtex_sm3,default
lp_sm_scroll_sun_t0c0n0s0_dtex_sm3,default
lp_sm_scroll_sun_t0c0n0s0_nc_dtex_sm3,default
lp_sm_scroll_sun_t0c0s0_dtex_sm3,default
lp_sm_scroll_sun_t0c0s0_nc_dtex_sm3,default
lp_sm_skin_omni_r0c0_dtex_sm3,default
lp_sm_skin_omni_r0c0_nc_dtex_sm3,default
lp_sm_skin_omni_r0c0d0_dtex_sm3,default
lp_sm_skin_omni_r0c0d0_nc_dtex_sm3,default
lp_sm_skin_omni_r0c0d0n0_dtex_sm3,default
lp_sm_skin_omni_r0c0d0n0_nc_dtex_sm3,default
lp_sm_skin_omni_r0c0d0n0s0_dtex_sm3,default
lp_sm_skin_omni_r0c0d0n0s0_nc_dtex_sm3,default
lp_sm_skin_omni_r0c0d0s0_dtex_sm3,default
lp_sm_skin_omni_r0c0d0s0_nc_dtex_sm3,default
lp_sm_skin_omni_r0c0n0_dtex_sm3,default
lp_sm_skin_omni_r0c0n0_nc_dtex_sm3,default
lp_sm_skin_omni_r0c0n0s0_dtex_sm3,default
lp_sm_skin_omni_r0c0n0s0_nc_dtex_sm3,default
lp_sm_skin_omni_r0c0s0_dtex_sm3,default
lp_sm_skin_omni_r0c0s0_nc_dtex_sm3,default
lp_sm_skin_spot_r0c0_dtex_sm3,default
lp_sm_skin_spot_r0c0_nc_dtex_sm3,default
lp_sm_skin_spot_r0c0d0_dtex_sm3,default
lp_sm_skin_spot_r0c0d0_nc_dtex_sm3,default
lp_sm_skin_spot_r0c0d0n0_dtex_sm3,default
lp_sm_skin_spot_r0c0d0n0_nc_dtex_sm3,default
lp_sm_skin_spot_r0c0d0n0s0_dtex_sm3,default
lp_sm_skin_spot_r0c0d0n0s0_nc_dtex_sm3,default
lp_sm_skin_spot_r0c0d0s0_dtex_sm3,default
lp_sm_skin_spot_r0c0d0s0_nc_dtex_sm3,default
lp_sm_skin_spot_r0c0n0_dtex_sm3,default
lp_sm_skin_spot_r0c0n0_nc_dtex_sm3,default
lp_sm_skin_spot_r0c0n0s0_dtex_sm3,default
lp_sm_skin_spot_r0c0n0s0_nc_dtex_sm3,default
lp_sm_skin_spot_r0c0s0_dtex_sm3,default
lp_sm_skin_spot_r0c0s0_nc_dtex_sm3,default
lp_sm_skin_sun_r0c0_dtex_sm3,default
lp_sm_skin_sun_r0c0_nc_dtex_sm3,default
lp_sm_skin_sun_r0c0d0_dtex_sm3,default
lp_sm_skin_sun_r0c0d0_nc_dtex_sm3,default
lp_sm_skin_sun_r0c0d0n0_dtex_sm3,default
lp_sm_skin_sun_r0c0d0n0_nc_dtex_sm3,default
lp_sm_skin_sun_r0c0d0n0s0_dtex_sm3,default
lp_sm_skin_sun_r0c0d0n0s0_nc_dtex_sm3,default
lp_sm_skin_sun_r0c0d0s0_dtex_sm3,default
lp_sm_skin_sun_r0c0d0s0_nc_dtex_sm3,default
lp_sm_skin_sun_r0c0n0_dtex_sm3,default
lp_sm_skin_sun_r0c0n0_nc_dtex_sm3,default
lp_sm_skin_sun_r0c0n0s0_dtex_sm3,default
lp_sm_skin_sun_r0c0n0s0_nc_dtex_sm3,default
lp_sm_skin_sun_r0c0s0_dtex_sm3,default
lp_sm_skin_sun_r0c0s0_nc_dtex_sm3,default
lp_sm_spot_a0c0_dtex_sm3,default
lp_sm_spot_a0c0_nc_dtex_sm3,default
lp_sm_spot_b0c0_dtex_sm3,premulalpha
lp_sm_spot_b0c0_nc_dtex_sm3,premulalpha
lp_sm_spot_b0c0d0_dtex_sm3,premulalpha
lp_sm_spot_b0c0d0_nc_dtex_sm3,premulalpha
lp_sm_spot_b0c0d0n0_dtex_sm3,premulalpha
lp_sm_spot_b0c0d0n0_nc_dtex_sm3,premulalpha
lp_sm_spot_b0c0d0n0s0_dtex_sm3,premulalpha
lp_sm_spot_b0c0d0n0s0_nc_dtex_sm3,premulalpha
lp_sm_spot_b0c0d0s0_dtex_sm3,premulalpha
lp_sm_spot_b0c0d0s0_nc_dtex_sm3,premulalpha
lp_sm_spot_b0c0n0_dtex_sm3,premulalpha
lp_sm_spot_b0c0n0_nc_dtex_sm3,premulalpha
lp_sm_spot_b0c0n0s0_dtex_sm3,premulalpha
lp_sm_spot_b0c0n0s0_nc_dtex_sm3,premulalpha
lp_sm_spot_b0c0s0_dtex_sm3,premulalpha
lp_sm_spot_b0c0s0_nc_dtex_sm3,premulalpha
lp_sm_spot_r0c0_dtex_sm3,default
lp_sm_spot_r0c0_nc_dtex_sm3,default
lp_sm_spot_r0c0d0_dtex_sm3,default
lp_sm_spot_r0c0d0_nc_dtex_sm3,default
lp_sm_spot_r0c0d0n0_dtex_sm3,default
lp_sm_spot_r0c0d0n0_nc_dtex_sm3,default
lp_sm_spot_r0c0d0n0s0_dtex_sm3,default
lp_sm_spot_r0c0d0n0s0_nc_dtex_sm3,default
lp_sm_spot_r0c0d0s0_dtex_sm3,default
lp_sm_spot_r0c0d0s0_nc_dtex_sm3,default
lp_sm_spot_r0c0n0_dtex_sm3,default
lp_sm_spot_r0c0n0_nc_dtex_sm3,default
lp_sm_spot_r0c0n0s0_dtex_sm3,default
lp_sm_spot_r0c0n0s0_nc_dtex_sm3,default
lp_sm_spot_r0c0s0_dtex_sm3,default
lp_sm_spot_r0c0s0_nc_dtex_sm3,default
lp_sm_spot_t0c0_dtex_sm3,default
lp_sm_spot_t0c0_nc_dtex_sm3,default
lp_sm_spot_t0c0d0_dtex_sm3,default
lp_sm_spot_t0c0d0_nc_dtex_sm3,default
lp_sm_spot_t0c0d0n0_dtex_sm3,default
lp_sm_spot_t0c0d0n0_nc_dtex_sm3,default
lp_sm_spot_t0c0d0n0s0_dtex_sm3,default
lp_sm_spot_t0c0d0n0s0_nc_dtex_sm3,default
lp_sm_spot_t0c0d0s0_dtex_sm3,default
lp_sm_spot_t0c0d0s0_nc_dtex_sm3,default
lp_sm_spot_t0c0n0_dtex_sm3,default
lp_sm_spot_t0c0n0_nc_dtex_sm3,default
lp_sm_spot_t0c0n0s0_dtex_sm3,default
lp_sm_spot_t0c0n0s0_nc_dtex_sm3,default
lp_sm_spot_t0c0s0_dtex_sm3,default
lp_sm_spot_t0c0s0_nc_dtex_sm3,default
lp_sm_sun_a0c0_dtex_sm2,default
lp_sm_sun_a0c0_dtex_sm3,default
lp_sm_sun_a0c0_nc_dtex_sm2,default
lp_sm_sun_a0c0_nc_dtex_sm3,default
lp_sm_sun_b0c0_dtex_sm2,premulalpha
lp_sm_sun_b0c0_dtex_sm3,premulalpha
lp_sm_sun_b0c0_nc_dtex_sm2,premulalpha
lp_sm_sun_b0c0_nc_dtex_sm3,premulalpha
lp_sm_sun_b0c0d0_dtex_sm2,premulalpha
lp_sm_sun_b0c0d0_dtex_sm3,premulalpha
lp_sm_sun_b0c0d0_nc_dtex_sm2,premulalpha
lp_sm_sun_b0c0d0_nc_dtex_sm3,premulalpha
lp_sm_sun_b0c0d0n0_dtex_sm2,premulalpha
lp_sm_sun_b0c0d0n0_dtex_sm3,premulalpha
lp_sm_sun_b0c0d0n0_nc_dtex_sm2,premulalpha
lp_sm_sun_b0c0d0n0_nc_dtex_sm3,premulalpha
lp_sm_sun_b0c0d0n0s0_dtex_sm3,premulalpha
lp_sm_sun_b0c0d0n0s0_nc_dtex_sm3,premulalpha
lp_sm_sun_b0c0d0s0_dtex_sm3,premulalpha
lp_sm_sun_b0c0d0s0_nc_dtex_sm3,premulalpha
lp_sm_sun_b0c0n0_dtex_sm2,premulalpha
lp_sm_sun_b0c0n0_dtex_sm3,premulalpha
lp_sm_sun_b0c0n0_nc_dtex_sm2,premulalpha
lp_sm_sun_b0c0n0_nc_dtex_sm3,premulalpha
lp_sm_sun_b0c0n0s0_dtex_sm3,premulalpha
lp_sm_sun_b0c0n0s0_nc_dtex_sm3,premulalpha
lp_sm_sun_b0c0s0_dtex_sm3,premulalpha
lp_sm_sun_b0c0s0_nc_dtex_sm3,premulalpha
lp_sm_sun_r0c0_dtex_sm2,default
lp_sm_sun_r0c0_dtex_sm3,default
lp_sm_sun_r0c0_nc_dtex_sm2,default
lp_sm_sun_r0c0_nc_dtex_sm3,default
lp_sm_sun_r0c0d0_dtex_sm2,default
lp_sm_sun_r0c0d0_dtex_sm3,default
lp_sm_sun_r0c0d0_nc_dtex_sm2,default
lp_sm_sun_r0c0d0_nc_dtex_sm3,default
lp_sm_sun_r0c0d0n0_dtex_sm2,default
lp_sm_sun_r0c0d0n0_dtex_sm3,default
lp_sm_sun_r0c0d0n0_nc_dtex_sm2,default
lp_sm_sun_r0c0d0n0_nc_dtex_sm3,default
lp_sm_sun_r0c0d0n0s0_dtex_sm3,default
lp_sm_sun_r0c0d0n0s0_nc_dtex_sm3,default
lp_sm_sun_r0c0d0s0_dtex_sm3,default
lp_sm_sun_r0c0d0s0_nc_dtex_sm3,default
lp_sm_sun_r0c0n0_dtex_sm2,default
lp_sm_sun_r0c0n0_dtex_sm3,default
lp_sm_sun_r0c0n0_nc_dtex_sm2,default
lp_sm_sun_r0c0n0_nc_dtex_sm3,default
lp_sm_sun_r0c0n0s0_dtex_sm3,default
lp_sm_sun_r0c0n0s0_nc_dtex_sm3,default
lp_sm_sun_r0c0s0_dtex_sm3,default
lp_sm_sun_r0c0s0_nc_dtex_sm3,default
lp_sm_sun_t0c0_dtex_sm2,default
lp_sm_sun_t0c0_dtex_sm3,default
lp_sm_sun_t0c0_nc_dtex_sm2,default
lp_sm_sun_t0c0_nc_dtex_sm3,default
lp_sm_sun_t0c0d0_dtex_sm2,default
lp_sm_sun_t0c0d0_dtex_sm3,default
lp_sm_sun_t0c0d0_nc_dtex_sm2,default
lp_sm_sun_t0c0d0_nc_dtex_sm3,default
lp_sm_sun_t0c0d0n0_dtex_sm2,default
lp_sm_sun_t0c0d0n0_dtex_sm3,default
lp_sm_sun_t0c0d0n0_nc_dtex_sm2,default
lp_sm_sun_t0c0d0n0_nc_dtex_sm3,default
lp_sm_sun_t0c0d0n0s0_dtex_sm3,default
lp_sm_sun_t0c0d0n0s0_nc_dtex_sm3,default
lp_sm_sun_t0c0d0s0_dtex_sm3,default
lp_sm_sun_t0c0d0s0_nc_dtex_sm3,default
lp_sm_sun_t0c0n0_dtex_sm2,default
lp_sm_sun_t0c0n0_dtex_sm3,default
lp_sm_sun_t0c0n0_nc_dtex_sm2,default
lp_sm_sun_t0c0n0_nc_dtex_sm3,default
lp_sm_sun_t0c0n0s0_dtex_sm3,default
lp_sm_sun_t0c0n0s0_nc_dtex_sm3,default
lp_sm_sun_t0c0s0_dtex_sm3,default
lp_sm_sun_t0c0s0_nc_dtex_sm3,default
lp_spot_a0c0_dtex_sm2,default
lp_spot_a0c0_dtex_sm3,default
lp_spot_a0c0_nc_dtex_sm2,default
lp_spot_a0c0_nc_dtex_sm3,default
lp_spot_b0c0_dtex_sm2,premulalpha
lp_spot_b0c0_dtex_sm3,premulalpha
lp_spot_b0c0_nc_dtex_sm2,premulalpha
lp_spot_b0c0_nc_dtex_sm3,premulalpha
lp_spot_b0c0d0_dtex_sm2,premulalpha
lp_spot_b0c0d0_dtex_sm3,premulalpha
lp_spot_b0c0d0_nc_dtex_sm2,premulalpha
lp_spot_b0c0d0_nc_dtex_sm3,premulalpha
lp_spot_b0c0d0n0_dtex_sm2,premulalpha
lp_spot_b0c0d0n0_dtex_sm3,premulalpha
lp_spot_b0c0d0n0_nc_dtex_sm2,premulalpha
lp_spot_b0c0d0n0_nc_dtex_sm3,premulalpha
lp_spot_b0c0d0n0s0_dtex_sm3,premulalpha
lp_spot_b0c0d0n0s0_nc_dtex_sm3,premulalpha
lp_spot_b0c0d0s0_dtex_sm3,premulalpha
lp_spot_b0c0d0s0_nc_dtex_sm3,premulalpha
lp_spot_b0c0n0_dtex_sm2,premulalpha
lp_spot_b0c0n0_dtex_sm3,premulalpha
lp_spot_b0c0n0_nc_dtex_sm2,premulalpha
lp_spot_b0c0n0_nc_dtex_sm3,premulalpha
lp_spot_b0c0n0s0_dtex_sm3,premulalpha
lp_spot_b0c0n0s0_nc_dtex_sm3,premulalpha
lp_spot_b0c0s0_dtex_sm3,premulalpha
lp_spot_b0c0s0_nc_dtex_sm3,premulalpha
lp_spot_r0c0_dtex_sm2,default
lp_spot_r0c0_dtex_sm3,default
lp_spot_r0c0_nc_dtex_sm2,default
lp_spot_r0c0_nc_dtex_sm3,default
lp_spot_r0c0d0_dtex_sm2,default
lp_spot_r0c0d0_dtex_sm3,default
lp_spot_r0c0d0_nc_dtex_sm2,default
lp_spot_r0c0d0_nc_dtex_sm3,default
lp_spot_r0c0d0n0_dtex_sm2,default
lp_spot_r0c0d0n0_dtex_sm3,default
lp_spot_r0c0d0n0_nc_dtex_sm2,default
lp_spot_r0c0d0n0_nc_dtex_sm3,default
lp_spot_r0c0d0n0s0_dtex_sm3,default
lp_spot_r0c0d0n0s0_nc_dtex_sm3,default
lp_spot_r0c0d0s0_dtex_sm3,default
lp_spot_r0c0d0s0_nc_dtex_sm3,default
lp_spot_r0c0n0_dtex_sm2,default
lp_spot_r0c0n0_dtex_sm3,default
lp_spot_r0c0n0_nc_dtex_sm2,default
lp_spot_r0c0n0_nc_dtex_sm3,default
lp_spot_r0c0n0s0_dtex_sm3,default
lp_spot_r0c0n0s0_nc_dtex_sm3,default
lp_spot_r0c0s0_dtex_sm3,default
lp_spot_r0c0s0_nc_dtex_sm3,default
lp_spot_t0c0_dtex_sm2,default
lp_spot_t0c0_dtex_sm3,default
lp_spot_t0c0_nc_dtex_sm2,default
lp_spot_t0c0_nc_dtex_sm3,default
lp_spot_t0c0d0_dtex_sm2,default
lp_spot_t0c0d0_dtex_sm3,default
lp_spot_t0c0d0_nc_dtex_sm2,default
lp_spot_t0c0d0_nc_dtex_sm3,default
lp_spot_t0c0d0n0_dtex_sm2,default
lp_spot_t0c0d0n0_dtex_sm3,default
lp_spot_t0c0d0n0_nc_dtex_sm2,default
lp_spot_t0c0d0n0_nc_dtex_sm3,default
lp_spot_t0c0d0n0s0_dtex_sm3,default
lp_spot_t0c0d0n0s0_nc_dtex_sm3,default
lp_spot_t0c0d0s0_dtex_sm3,default
lp_spot_t0c0d0s0_nc_dtex_sm3,default
lp_spot_t0c0n0_dtex_sm2,default
lp_spot_t0c0n0_dtex_sm3,default
lp_spot_t0c0n0_nc_dtex_sm2,default
lp_spot_t0c0n0_nc_dtex_sm3,default
lp_spot_t0c0n0s0_dtex_sm3,default
lp_spot_t0c0n0s0_nc_dtex_sm3,default
lp_spot_t0c0s0_dtex_sm3,default
lp_spot_t0c0s0_nc_dtex_sm3,default
lp_sun_a0c0_dtex_sm2,default
lp_sun_a0c0_dtex_sm3,default
lp_sun_a0c0_nc_dtex_sm2,default
lp_sun_a0c0_nc_dtex_sm3,default
lp_sun_b0c0_dtex_sm2,premulalpha
lp_sun_b0c0_dtex_sm3,premulalpha
lp_sun_b0c0_nc_dtex_sm2,premulalpha
lp_sun_b0c0_nc_dtex_sm3,premulalpha
lp_sun_b0c0d0_dtex_sm2,premulalpha
lp_sun_b0c0d0_dtex_sm3,premulalpha
lp_sun_b0c0d0_nc_dtex_sm2,premulalpha
lp_sun_b0c0d0_nc_dtex_sm3,premulalpha
lp_sun_b0c0d0n0_dtex_sm2,premulalpha
lp_sun_b0c0d0n0_dtex_sm3,premulalpha
lp_sun_b0c0d0n0_nc_dtex_sm2,premulalpha
lp_sun_b0c0d0n0_nc_dtex_sm3,premulalpha
lp_sun_b0c0d0n0s0_dtex_sm3,premulalpha
lp_sun_b0c0d0n0s0_nc_dtex_sm3,premulalpha
lp_sun_b0c0d0s0_dtex_sm3,premulalpha
lp_sun_b0c0d0s0_nc_dtex_sm3,premulalpha
lp_sun_b0c0n0_dtex_sm2,premulalpha
lp_sun_b0c0n0_dtex_sm3,premulalpha
lp_sun_b0c0n0_nc_dtex_sm2,premulalpha
lp_sun_b0c0n0_nc_dtex_sm3,premulalpha
lp_sun_b0c0n0s0_dtex_sm3,premulalpha
lp_sun_b0c0n0s0_nc_dtex_sm3,premulalpha
lp_sun_b0c0s0_dtex_sm3,premulalpha
lp_sun_b0c0s0_nc_dtex_sm3,premulalpha
lp_sun_r0c0_dtex_sm2,default
lp_sun_r0c0_dtex_sm3,default
lp_sun_r0c0_nc_dtex_sm2,default
lp_sun_r0c0_nc_dtex_sm3,default
lp_sun_r0c0d0_dtex_sm2,default
lp_sun_r0c0d0_dtex_sm3,default
lp_sun_r0c0d0_nc_dtex_sm2,default
lp_sun_r0c0d0_nc_dtex_sm3,default
lp_sun_r0c0d0n0_dtex_sm2,default
lp_sun_r0c0d0n0_dtex_sm3,default
lp_sun_r0c0d0n0_nc_dtex_sm2,default
lp_sun_r0c0d0n0_nc_dtex_sm3,default
lp_sun_r0c0d0n0s0_dtex_sm3,default
lp_sun_r0c0d0n0s0_nc_dtex_sm3,default
lp_sun_r0c0d0s0_dtex_sm3,default
lp_sun_r0c0d0s0_nc_dtex_sm3,default
lp_sun_r0c0n0_dtex_sm2,default
lp_sun_r0c0n0_dtex_sm3,default
lp_sun_r0c0n0_nc_dtex_sm2,default
lp_sun_r0c0n0_nc_dtex_sm3,default
lp_sun_r0c0n0s0_dtex_sm3,default
lp_sun_r0c0n0s0_nc_dtex_sm3,default
lp_sun_r0c0s0_dtex_sm3,default
lp_sun_r0c0s0_nc_dtex_sm3,default
lp_sun_t0c0_dtex_sm2,default
lp_sun_t0c0_dtex_sm3,default
lp_sun_t0c0_nc_dtex_sm2,default
lp_sun_t0c0_nc_dtex_sm3,default
lp_sun_t0c0d0_dtex_sm2,default
lp_sun_t0c0d0_dtex_sm3,default
lp_sun_t0c0d0_nc_dtex_sm2,default
lp_sun_t0c0d0_nc_dtex_sm3,default
lp_sun_t0c0d0n0_dtex_sm2,default
lp_sun_t0c0d0n0_dtex_sm3,default
lp_sun_t0c0d0n0_nc_dtex_sm2,default
lp_sun_t0c0d0n0_nc_dtex_sm3,default
lp_sun_t0c0d0n0s0_dtex_sm3,default
lp_sun_t0c0d0n0s0_nc_dtex_sm3,default
lp_sun_t0c0d0s0_dtex_sm3,default
lp_sun_t0c0d0s0_nc_dtex_sm3,default
lp_sun_t0c0n0_dtex_sm2,default
lp_sun_t0c0n0_dtex_sm3,default
lp_sun_t0c0n0_nc_dtex_sm2,default
lp_sun_t0c0n0_nc_dtex_sm3,default
lp_sun_t0c0n0s0_dtex_sm3,default
lp_sun_t0c0n0s0_nc_dtex_sm3,default
lp_sun_t0c0s0_dtex_sm3,default
lp_sun_t0c0s0_nc_dtex_sm3,default
lp_t0c0_dtex_sm2,default
lp_t0c0_dtex_sm3,default
lp_t0c0_nc_dtex_sm2,default
lp_t0c0_nc_dtex_sm3,default
lp_t0c0d0_dtex_sm2,default
lp_t0c0d0_dtex_sm3,default
lp_t0c0d0_nc_dtex_sm2,default
lp_t0c0d0_nc_dtex_sm3,default
lp_t0c0d0n0_dtex_sm2,default
lp_t0c0d0n0_dtex_sm3,default
lp_t0c0d0n0_nc_dtex_sm2,default
lp_t0c0d0n0_nc_dtex_sm3,default
lp_t0c0d0n0s0_dtex_sm3,default
lp_t0c0d0n0s0_nc_dtex_sm3,default
lp_t0c0d0s0_dtex_sm3,default
lp_t0c0d0s0_nc_dtex_sm3,default
lp_t0c0n0_dtex_sm2,default
lp_t0c0n0_dtex_sm3,default
lp_t0c0n0_nc_dtex_sm2,default
lp_t0c0n0_nc_dtex_sm3,default
lp_t0c0n0s0_dtex_sm3,default
lp_t0c0n0s0_nc_dtex_sm3,default
lp_t0c0s0_dtex_sm3,default
lp_t0c0s0_nc_dtex_sm3,default
lprobe_amb_omni_r0c0_dtex_sm2,default
lprobe_amb_omni_r0c0_dtex_sm3,default
lprobe_amb_omni_r0c0_nc_dtex_sm2,default
lprobe_amb_omni_r0c0_nc_dtex_sm3,default
lprobe_amb_omni_t0c0_dtex_sm2,default
lprobe_amb_omni_t0c0_dtex_sm3,default
lprobe_amb_omni_t0c0_nc_dtex_sm2,default
lprobe_amb_omni_t0c0_nc_dtex_sm3,default
lprobe_amb_r0c0_dtex_sm2,default
lprobe_amb_r0c0_dtex_sm3,default
lprobe_amb_r0c0_nc_dtex_sm2,default
lprobe_amb_r0c0_nc_dtex_sm3,default
lprobe_amb_spot_r0c0_dtex_sm2,default
lprobe_amb_spot_r0c0_dtex_sm3,default
lprobe_amb_spot_r0c0_nc_dtex_sm2,default
lprobe_amb_spot_r0c0_nc_dtex_sm3,default
lprobe_amb_spot_t0c0_dtex_sm2,default
lprobe_amb_spot_t0c0_dtex_sm3,default
lprobe_amb_spot_t0c0_nc_dtex_sm2,default
lprobe_amb_spot_t0c0_nc_dtex_sm3,default
lprobe_amb_sun_r0c0_dtex_sm2,default
lprobe_amb_sun_r0c0_dtex_sm3,default
lprobe_amb_sun_r0c0_nc_dtex_sm2,default
lprobe_amb_sun_r0c0_nc_dtex_sm3,default
lprobe_amb_sun_t0c0_dtex_sm2,default
lprobe_amb_sun_t0c0_dtex_sm3,default
lprobe_amb_sun_t0c0_nc_dtex_sm2,default
lprobe_amb_sun_t0c0_nc_dtex_sm3,default
lprobe_amb_t0c0_dtex_sm2,default
lprobe_amb_t0c0_dtex_sm3,default
lprobe_amb_t0c0_nc_dtex_sm2,default
lprobe_amb_t0c0_nc_dtex_sm3,default
lprobe_i_amb_omni_r0c0_dtex_sm2,default
lprobe_i_amb_omni_r0c0_dtex_sm3,default
lprobe_i_amb_omni_r0c0_nc_dtex_sm2,default
lprobe_i_amb_omni_r0c0_nc_dtex_sm3,default
lprobe_i_amb_omni_t0c0_dtex_sm2,default
lprobe_i_amb_omni_t0c0_dtex_sm3,default
lprobe_i_amb_omni_t0c0_nc_dtex_sm2,default
lprobe_i_amb_omni_t0c0_nc_dtex_sm3,default
lprobe_i_amb_r0c0_dtex_sm2,default
lprobe_i_amb_r0c0_dtex_sm3,default
lprobe_i_amb_r0c0_nc_dtex_sm2,default
lprobe_i_amb_r0c0_nc_dtex_sm3,default
lprobe_i_amb_spot_r0c0_dtex_sm2,default
lprobe_i_amb_spot_r0c0_dtex_sm3,default
lprobe_i_amb_spot_r0c0_nc_dtex_sm2,default
lprobe_i_amb_spot_r0c0_nc_dtex_sm3,default
lprobe_i_amb_spot_t0c0_dtex_sm2,default
lprobe_i_amb_spot_t0c0_dtex_sm3,default
lprobe_i_amb_spot_t0c0_nc_dtex_sm2,default
lprobe_i_amb_spot_t0c0_nc_dtex_sm3,default
lprobe_i_amb_sun_r0c0_dtex_sm2,default
lprobe_i_amb_sun_r0c0_dtex_sm3,default
lprobe_i_amb_sun_r0c0_nc_dtex_sm2,default
lprobe_i_amb_sun_r0c0_nc_dtex_sm3,default
lprobe_i_amb_sun_t0c0_dtex_sm2,default
lprobe_i_amb_sun_t0c0_dtex_sm3,default
lprobe_i_amb_sun_t0c0_nc_dtex_sm2,default
lprobe_i_amb_sun_t0c0_nc_dtex_sm3,default
lprobe_i_amb_t0c0_dtex_sm2,default
lprobe_i_amb_t0c0_dtex_sm3,default
lprobe_i_amb_t0c0_nc_dtex_sm2,default
lprobe_i_amb_t0c0_nc_dtex_sm3,default
objective_base,objective
objective_base_dtex,objective
objective_base_nc,objective
objective_base_nc_dtex,objective
particle_cloud,default
particle_cloud_add,default
particle_cloud_add_spot,default
particle_cloud_add_spot_shad,default
particle_cloud_outdoor,default
particle_cloud_outdoor_add,default
particle_cloud_outdoor_add_spot,default
particle_cloud_outdoor_add_spot_shad,default
particle_cloud_outdoor_spot,default
particle_cloud_outdoor_spot_shad,default
particle_cloud_spot,default
particle_cloud_spot_shad,default
passthru_alpha,default2d
passthru_film,default2d
passthru_vertalpha,default2d
pixel_cost_add,pixel_cost_add
pixel_cost_color_code,default2d
post_light,default2d
postfx,default2d
postfx_color,default2d
postfx_dof,default2d
postfx_dof_color,default2d
processed_floatz,default2d
reflexsight,default
reflexsight_dtex,default
reflexsight_nc_dtex,default
resample_scene_x,default2d
resample_scene_y,default2d
shadowcookie_blur,default2d
shadowcookie_caster,default
shadowcookie_caster_dtex,default
shadowcookie_caster_nc,default
shadowcookie_caster_nc_dtex,default
shadowcookie_display,default2d
shadowcookie_receiver,shadowcookie_receiver
shadowcookie_receiver_dtex,shadowcookie_receiver
shadowcookie_receiver_nc,shadowcookie_receiver
shadowcookie_receiver_nc_dtex,shadowcookie_receiver
shadowoverlay,default2d
shell_shock,default2d
shell_shock_flashed,default2d
sky,color_only
sky_nc,color_only
small_blur,default2d
stencildisplay,default2d
stencilshadow,passthrough
sunpre_a0c0,additive_stencil
sunpre_a0c0_dtex,additive_stencil
sunpre_a0c0_nc,additive_stencil
sunpre_a0c0_nc_dtex,additive_stencil
sunpre_b0c0,additive_stencil
sunpre_b0c0_dtex,additive_stencil
sunpre_b0c0_nc,additive_stencil
sunpre_b0c0_nc_dtex,additive_stencil
sunpre_b0c0d0,additive_stencil
sunpre_b0c0d0_dtex,additive_stencil
sunpre_b0c0d0_nc,additive_stencil
sunpre_b0c0d0_nc_dtex,additive_stencil
sunpre_b0c0d0n0,additive_stencil
sunpre_b0c0d0n0_dtex,additive_stencil
sunpre_b0c0d0n0_nc,additive_stencil
sunpre_b0c0d0n0_nc_dtex,additive_stencil
sunpre_b0c0d0n0s0,additive_stencil
sunpre_b0c0d0n0s0_dtex,additive_stencil
sunpre_b0c0d0n0s0_nc,additive_stencil
sunpre_b0c0d0n0s0_nc_dtex,additive_stencil
sunpre_b0c0d0s0,additive_stencil
sunpre_b0c0d0s0_dtex,additive_stencil
sunpre_b0c0d0s0_nc,additive_stencil
sunpre_b0c0d0s0_nc_dtex,additive_stencil
sunpre_b0c0n0,additive_stencil
sunpre_b0c0n0_dtex,additive_stencil
sunpre_b0c0n0_nc,additive_stencil
sunpre_b0c0n0_nc_dtex,additive_stencil
sunpre_b0c0n0s0,additive_stencil
sunpre_b0c0n0s0_dtex,additive_stencil
sunpre_b0c0n0s0_nc,additive_stencil
sunpre_b0c0n0s0_nc_dtex,additive_stencil
sunpre_b0c0s0,additive_stencil
sunpre_b0c0s0_dtex,additive_stencil
sunpre_b0c0s0_nc,additive_stencil
sunpre_b0c0s0_nc_dtex,additive_stencil
sunpre_r0c0,additive_stencil
sunpre_r0c0_dtex,additive_stencil
sunpre_r0c0_nc,additive_stencil
sunpre_r0c0_nc_dtex,additive_stencil
sunpre_r0c0d0,additive_stencil
sunpre_r0c0d0_dtex,additive_stencil
sunpre_r0c0d0_nc,additive_stencil
sunpre_r0c0d0_nc_dtex,additive_stencil
sunpre_r0c0d0n0,additive_stencil
sunpre_r0c0d0n0_dtex,additive_stencil
sunpre_r0c0d0n0_nc,additive_stencil
sunpre_r0c0d0n0_nc_dtex,additive_stencil
sunpre_r0c0d0n0s0,additive_stencil
sunpre_r0c0d0n0s0_dtex,additive_stencil
sunpre_r0c0d0n0s0_nc,additive_stencil
sunpre_r0c0d0n0s0_nc_dtex,additive_stencil
sunpre_r0c0d0s0,additive_stencil
sunpre_r0c0d0s0_dtex,additive_stencil
sunpre_r0c0d0s0_nc,additive_stencil
sunpre_r0c0d0s0_nc_dtex,additive_stencil
sunpre_r0c0n0,additive_stencil
sunpre_r0c0n0_dtex,additive_stencil
sunpre_r0c0n0_nc,additive_stencil
sunpre_r0c0n0_nc_dtex,additive_stencil
sunpre_r0c0n0s0,additive_stencil
sunpre_r0c0n0s0_dtex,additive_stencil
sunpre_r0c0n0s0_nc,additive_stencil
sunpre_r0c0n0s0_nc_dtex,additive_stencil
sunpre_r0c0s0,additive_stencil
sunpre_r0c0s0_dtex,additive_stencil
sunpre_r0c0s0_nc,additive_stencil
sunpre_r0c0s0_nc_dtex,additive_stencil
sunpre_t0c0,additive_stencil
sunpre_t0c0_dtex,additive_stencil
sunpre_t0c0_nc,additive_stencil
sunpre_t0c0_nc_dtex,additive_stencil
sunpre_t0c0d0,additive_stencil
sunpre_t0c0d0_dtex,additive_stencil
sunpre_t0c0d0_nc,additive_stencil
sunpre_t0c0d0_nc_dtex,additive_stencil
sunpre_t0c0d0n0,additive_stencil
sunpre_t0c0d0n0_dtex,additive_stencil
sunpre_t0c0d0n0_nc,additive_stencil
sunpre_t0c0d0n0_nc_dtex,additive_stencil
sunpre_t0c0d0n0s0,additive_stencil
sunpre_t0c0d0n0s0_dtex,additive_stencil
sunpre_t0c0d0n0s0_nc,additive_stencil
sunpre_t0c0d0n0s0_nc_dtex,additive_stencil
sunpre_t0c0d0s0,additive_stencil
sunpre_t0c0d0s0_dtex,additive_stencil
sunpre_t0c0d0s0_nc,additive_stencil
sunpre_t0c0d0s0_nc_dtex,additive_stencil
sunpre_t0c0n0,additive_stencil
sunpre_t0c0n0_dtex,additive_stencil
sunpre_t0c0n0_nc,additive_stencil
sunpre_t0c0n0_nc_dtex,additive_stencil
sunpre_t0c0n0s0,additive_stencil
sunpre_t0c0n0s0_dtex,additive_stencil
sunpre_t0c0n0s0_nc,additive_stencil
sunpre_t0c0n0s0_nc_dtex,additive_stencil
sunpre_t0c0s0,additive_stencil
sunpre_t0c0s0_dtex,additive_stencil
sunpre_t0c0s0_nc,additive_stencil
sunpre_t0c0s0_nc_dtex,additive_stencil
textured_simple,default
textured_simple_nc,default
vcsh,default
vcsh_d0,default
vcsh_d0_dtex,default
vcsh_d0_nc,default
vcsh_d0_nc_dtex,default
vcsh_d0d1_nc,default
vcsh_d0d2_nc,default
vcsh_d1_nc,default
vcsh_d1d2_nc,default
vcsh_d2_nc,default
vcsh_dtex,default
vcsh_flag,default
vcsh_flag_dtex,default
vcsh_flag_nc,default
vcsh_flag_nc_dtex,default
vcsh_nc,default
vcsh_nc_dtex,default
vcsh_omni_r0c0_nc_sm2,default
vcsh_omni_r0c0_nc_sm3,default
vcsh_omni_r0c0_sm2,default
vcsh_omni_r0c0_sm3,default
vcsh_omni_t0c0_nc_sm2,default
vcsh_omni_t0c0_nc_sm3,default
vcsh_omni_t0c0_sm2,default
vcsh_omni_t0c0_sm3,default
vcsh_r0c0_nc_sm2,default
vcsh_r0c0_nc_sm3,default
vcsh_r0c0_sm2,default
vcsh_r0c0_sm3,default
vcsh_scroll,default
vcsh_scroll_d0,default
vcsh_scroll_d0_dtex,default
vcsh_scroll_d0_nc,default
vcsh_scroll_d0_nc_dtex,default
vcsh_scroll_dtex,default
vcsh_scroll_nc,default
vcsh_scroll_nc_dtex,default
vcsh_spot_r0c0_nc_sm2,default
vcsh_spot_r0c0_nc_sm3,default
vcsh_spot_r0c0_sm2,default
vcsh_spot_r0c0_sm3,default
vcsh_spot_t0c0_nc_sm2,default
vcsh_spot_t0c0_nc_sm3,default
vcsh_spot_t0c0_sm2,default
vcsh_spot_t0c0_sm3,default
vcsh_sun_r0c0_nc_sm2,default
vcsh_sun_r0c0_nc_sm3,default
vcsh_sun_r0c0_sm2,default
vcsh_sun_r0c0_sm3,default
vcsh_sun_t0c0_nc_sm2,default
vcsh_sun_t0c0_nc_sm3,default
vcsh_sun_t0c0_sm2,default
vcsh_sun_t0c0_sm3,default
vcsh_t0c0_nc_sm2,default
vcsh_t0c0_nc_sm3,default
vcsh_t0c0_sm2,default
vcsh_t0c0_sm3,default
vertcol_mul,default
vertcol_mul_dtex,default
vertcol_mul_fog,default;multiply_fog
vertcol_mul_fog_dtex,default;multiply_fog
vertcol_shaded,default
vertcol_shaded_nc,default
vertcol_shaded_tools,default
vertcol_shaded_tools_nc,default
vertcol_simple,default
vertcol_simple_dfalloff,default
vertcol_simple_dfalloff_dtex,default
vertcol_simple_dfalloff_fog,default
vertcol_simple_dfalloff_fog_dtex,default
vertcol_simple_dtex,default
vertcol_simple_falloff,default
vertcol_simple_falloff_dfalloff,default
vertcol_simple_falloff_dfalloff_dtex,default
vertcol_simple_falloff_dfalloff_fog,default
vertcol_simple_falloff_dfalloff_fog_dtex,default
vertcol_simple_falloff_dtex,default
vertcol_simple_falloff_fog,default
vertcol_simple_falloff_fog_dtex,default
vertcol_simple_fog,default
vertcol_simple_fog_dtex,default
vertcol_simple_fog_nc,default
vertcol_simple_fog_nc_dtex,default
vertcol_simple_nc,default
vertcol_simple_outdoor,default
vertcol_simple_outdoor_dtex,default
vertcol_simple_outdoor_fog,default
vertcol_simple_outdoor_fog_dtex,default
vertcol_simple_outdoor_spot,default
vertcol_simple_outdoor_spot_dtex,default
vertcol_simple_outdoor_spot_fog,default
vertcol_simple_outdoor_spot_fog_dtex,default
vertcol_simple_spot,default
vertcol_simple_spot_dtex,default
vertcol_simple_spot_fog,default
vertcol_simple_spot_fog_dtex,default
vertcol_simple2d,default2d
water_l_sun,default
water_l_sun_nc,default
wireframe_shaded,wireframe
wireframe_shaded_dtex,wireframe
wireframe_shaded_flag,wireframe
wireframe_shaded_flag_dtex,wireframe
wireframe_shaded_flag_nc,wireframe
wireframe_shaded_flag_nc_dtex,wireframe
wireframe_shaded_nc,wireframe
wireframe_shaded_nc_dtex,wireframe
wireframe_shaded_skin,wireframe
wireframe_shaded_skin_dtex,wireframe
wireframe_shaded_skin_nc,wireframe
wireframe_shaded_skin_nc_dtex,wireframe
wireframe_solid,wireframe
wireframe_solid_dtex,wireframe
wireframe_solid_flag,wireframe
wireframe_solid_flag_dtex,wireframe
wireframe_solid_flag_nc,wireframe
wireframe_solid_flag_nc_dtex,wireframe
wireframe_solid_nc,wireframe
wireframe_solid_nc_dtex,wireframe
wireframe_solid_skin,wireframe
wireframe_solid_skin_dtex,wireframe
wireframe_solid_skin_nc,wireframe
wireframe_solid_skin_nc_dtex,wireframe
zfeather,default
zfeather_add,zfeather_add
zfeather_add_dfalloff,zfeather_add
zfeather_add_dfalloff_dtex,zfeather_add
zfeather_add_dfalloff_fog,zfeather_add
zfeather_add_dfalloff_fog_dtex,zfeather_add
zfeather_add_dtex,zfeather_add
zfeather_add_eyeofs,zfeather_add
zfeather_add_eyeofs_dfalloff,zfeather_add
zfeather_add_eyeofs_dfalloff_dtex,zfeather_add
zfeather_add_eyeofs_dfalloff_fog,zfeather_add
zfeather_add_eyeofs_dfalloff_fog_dtex,zfeather_add
zfeather_add_eyeofs_dtex,zfeather_add
zfeather_add_eyeofs_falloff,zfeather_add
zfeather_add_eyeofs_falloff_dfalloff,zfeather_add
zfeather_add_eyeofs_falloff_dfalloff_dtex,zfeather_add
zfeather_add_eyeofs_falloff_dfalloff_fog,zfeather_add
zfeather_add_eyeofs_falloff_dfalloff_fog_dtex,zfeather_add
zfeather_add_eyeofs_falloff_dtex,zfeather_add
zfeather_add_eyeofs_falloff_fog,zfeather_add
zfeather_add_eyeofs_falloff_fog_dtex,zfeather_add
zfeather_add_eyeofs_fog,zfeather_add
zfeather_add_eyeofs_fog_dtex,zfeather_add
zfeather_add_falloff,zfeather_add
zfeather_add_falloff_dfalloff,zfeather_add
zfeather_add_falloff_dfalloff_dtex,zfeather_add
zfeather_add_falloff_dfalloff_fog,zfeather_add
zfeather_add_falloff_dfalloff_fog_dtex,zfeather_add
zfeather_add_falloff_dtex,zfeather_add
zfeather_add_falloff_fog,zfeather_add
zfeather_add_falloff_fog_dtex,zfeather_add
zfeather_add_fog,zfeather_add
zfeather_add_fog_dtex,zfeather_add
zfeather_add_spot,zfeather_add
zfeather_add_spot_dtex,zfeather_add
zfeather_add_spot_fog,zfeather_add
zfeather_add_spot_fog_dtex,zfeather_add
zfeather_add_spot_fog_hsm,zfeather_add
zfeather_add_spot_fog_hsm_dtex,zfeather_add
zfeather_add_spot_fog_shad,zfeather_add
zfeather_add_spot_fog_shad_dtex,zfeather_add
zfeather_add_spot_fog_sm,zfeather_add
zfeather_add_spot_fog_sm_dtex,zfeather_add
zfeather_add_spot_hsm,zfeather_add
zfeather_add_spot_hsm_dtex,zfeather_add
zfeather_add_spot_shad,zfeather_add
zfeather_add_spot_shad_dtex,zfeather_add
zfeather_add_spot_sm,zfeather_add
zfeather_add_spot_sm_dtex,zfeather_add
zfeather_dfalloff,default
zfeather_dfalloff_dtex,default
zfeather_dfalloff_fog,default
zfeather_dfalloff_fog_dtex,default
zfeather_dtex,default
zfeather_falloff,default
zfeather_falloff_dfalloff,default
zfeather_falloff_dfalloff_dtex,default
zfeather_falloff_dfalloff_fog,default
zfeather_falloff_dfalloff_fog_dtex,default
zfeather_falloff_dtex,default
zfeather_falloff_fog,default
zfeather_falloff_fog_dtex,default
zfeather_fog,default
zfeather_fog_dtex,default
zfeather_outdoor,default
zfeather_outdoor_add,zfeather_add
zfeather_outdoor_add_dtex,zfeather_add
zfeather_outdoor_add_fog,zfeather_add
zfeather_outdoor_add_fog_dtex,zfeather_add
zfeather_outdoor_add_spot,zfeather_add
zfeather_outdoor_add_spot_dtex,zfeather_add
zfeather_outdoor_add_spot_fog,zfeather_add
zfeather_outdoor_add_spot_fog_dtex,zfeather_add
zfeather_outdoor_add_spot_fog_hsm,zfeather_add
zfeather_outdoor_add_spot_fog_hsm_dtex,zfeather_add
zfeather_outdoor_add_spot_fog_shad,zfeather_add
zfeather_outdoor_add_spot_fog_shad_dtex,zfeather_add
zfeather_outdoor_add_spot_fog_sm,zfeather_add
zfeather_outdoor_add_spot_fog_sm_dtex,zfeather_add
zfeather_outdoor_add_spot_hsm,zfeather_add
zfeather_outdoor_add_spot_hsm_dtex,zfeather_add
zfeather_outdoor_add_spot_shad,zfeather_add
zfeather_outdoor_add_spot_shad_dtex,zfeather_add
zfeather_outdoor_add_spot_sm,zfeather_add
zfeather_outdoor_add_spot_sm_dtex,zfeather_add
zfeather_outdoor_dtex,default
zfeather_outdoor_fog,default
zfeather_outdoor_fog_dtex,default
zfeather_outdoor_spot,default
zfeather_outdoor_spot_dtex,default
zfeather_outdoor_spot_fog,default
zfeather_outdoor_spot_fog_dtex,default
zfeather_outdoor_spot_fog_hsm,default
zfeather_outdoor_spot_fog_hsm_dtex,default
zfeather_outdoor_spot_fog_shad,default
zfeather_outdoor_spot_fog_shad_dtex,default
zfeather_outdoor_spot_fog_sm,default
zfeather_outdoor_spot_fog_sm_dtex,default
zfeather_outdoor_spot_hsm,default
zfeather_outdoor_spot_hsm_dtex,default
zfeather_outdoor_spot_shad,default
zfeather_outdoor_spot_shad_dtex,default
zfeather_outdoor_spot_sm,default
zfeather_outdoor_spot_sm_dtex,default
zfeather_spot,default
zfeather_spot_dtex,default
zfeather_spot_fog,default
zfeather_spot_fog_dtex,default
zfeather_spot_fog_hsm,default
zfeather_spot_fog_hsm_dtex,default
zfeather_spot_fog_shad,default
zfeather_spot_fog_shad_dtex,default
zfeather_spot_fog_sm,default
zfeather_spot_fog_sm_dtex,default
zfeather_spot_hsm,default
zfeather_spot_hsm_dtex,default
zfeather_spot_shad,default
zfeather_spot_shad_dtex,default
zfeather_spot_sm,default
zfeather_spot_sm_dtex,default
zprepass,nocolor
zprepass_t0_c0,nocolor
zprepass_t0_c0_dtex,nocolor
zprepass_t0_c0_nc,nocolor
zprepass_t0_c0_nc_dtex,nocolor
zprepass_test,nocolor
zprepass_test_dtex,nocolor
zprepass_test_nc,nocolor
zprepass_test_nc_dtex,nocolor
zprepass_test_scroll,nocolor
zprepass_test_scroll_dtex,nocolor
zprepass_test_scroll_nc,nocolor
zprepass_test_scroll_nc_dtex,nocolor
